title,url,price,year,mileage,engine,transmission,fuel_type,city,seller_type,ad_id,posted_date,scraped_at,source_type,source_url,make,model_slug,record_type
Honda N Box  2022 Custom GL for Sale9.7/10,https://www.pakwheels.com/used-cars/honda-n-box-2022-for-sale-in-lahore-10843516,3875000.0,2022.0,19198,660.0,Automatic,Petrol,Lahore,Individual,main_ad_10843516,Automatic,4/23/2026 0:00,used-car,https://www.pakwheels.com/used-cars/search/-/,,,
Honda N Wgn  2023 L for Sale9.5/10,https://www.pakwheels.com/used-cars/honda-n-wgn-2023-for-sale-in-lahore-10865190,4025000.0,2023.0,20997,660.0,Automatic,Petrol,Lahore,Individual,main_ad_10865190,Automatic,4/23/2026 0:00,used-car,https://www.pakwheels.com/used-cars/search/-/,,,
Toyota Hilux  2004 Double Cab for Sale,https://www.pakwheels.com/used-cars/toyota-hilux-2004-for-sale-in-peshawar-11347129,3500000.0,2004.0,180000,3000.0,Manual,Diesel,Peshawar,Individual,main_ad_11347129,Manual,4/23/2026 0:00,used-car,https://www.pakwheels.com/used-cars/search/-/,,,
Toyota Hilux  2017 Revo V Automatic 3.0  for Sale,https://www.pakwheels.com/used-cars/toyota-hilux-2017-for-sale-in-peshawar-11393981,8850000.0,2017.0,97000,3000.0,Automatic,Diesel,Peshawar,Individual,main_ad_11393981,Automatic,4/23/2026 0:00,used-car,https://www.pakwheels.com/used-cars/search/-/,,,
Honda Civic  2019 Oriel 1.8 i-VTEC CVT for Sale,https://www.pakwheels.com/used-cars/honda-civic-2019-for-sale-in-rawalpindi-11390502,5685000.0,2019.0,82000,1800.0,Automatic,Petrol,Rawalpindi,Individual,main_ad_11390502,Automatic,4/23/2026 0:00,used-car,https://www.pakwheels.com/used-cars/search/-/,,,
Toyota Passo  2022 X for Sale,https://www.pakwheels.com/used-cars/toyota-passo-2022-for-sale-in-lahore-11341763,4350000.0,2022.0,88182,1000.0,Automatic,Petrol,Lahore,Individual,main_ad_11341763,Automatic,4/23/2026 0:00,used-car,https://www.pakwheels.com/used-cars/search/-/,,,
Suzuki Wagon R  2022 Hybrid FX for Sale,https://www.pakwheels.com/used-cars/suzuki-wagon-r-2022-for-sale-in-lahore-11357437,3990000.0,2022.0,70014,660.0,Automatic,Hybrid,Lahore,Individual,main_ad_11357437,Automatic,4/23/2026 0:00,used-car,https://www.pakwheels.com/used-cars/search/-/,,,
Mitsubishi Ek Wagon  2010 Limited for Sale,https://www.pakwheels.com/used-cars/mitsubishi-ek-wagon-2010-for-sale-in-lahore-11393963,1850000.0,2010.0,153000,660.0,Automatic,Petrol,Lahore,Individual,main_ad_11393963,Automatic,4/23/2026 0:00,used-car,https://www.pakwheels.com/used-cars/search/-/,,,
Suzuki Wagon R  2022 Hybrid FX for Sale,https://www.pakwheels.com/used-cars/suzuki-wagon-r-2022-for-sale-in-lahore-11313509,3990000.0,2022.0,30429,660.0,Automatic,Hybrid,Lahore,Individual,main_ad_11313509,Automatic,4/23/2026 0:00,used-car,https://www.pakwheels.com/used-cars/search/-/,,,
Toyota Prado  2010 TX 2.7 for Sale,https://www.pakwheels.com/used-cars/toyota-prado-2010-for-sale-in-lahore-11088471,15000000.0,2010.0,95000,2700.0,Automatic,Petrol,Lahore,Individual,main_ad_11088471,Automatic,4/23/2026 0:00,used-car,https://www.pakwheels.com/used-cars/search/-/,,,
Toyota Fortuner  2013 TRD Sportivo for Sale,https://www.pakwheels.com/used-cars/toyota-fortuner-2013-for-sale-in-sialkot-9802901,7450000.0,2013.0,68000,2700.0,Automatic,Petrol,Sialkot,Individual,main_ad_9802901,Automatic,4/23/2026 0:00,used-car,https://www.pakwheels.com/used-cars/search/-/,,,
Nissan Serena  2018 e-POWER Highway Star for Sale,https://www.pakwheels.com/used-cars/nissan-serena-2018-for-sale-in-islamabad-10295532,7250000.0,2018.0,171000,1200.0,Automatic,Hybrid,Islamabad,Individual,main_ad_10295532,Automatic,4/23/2026 0:00,used-car,https://www.pakwheels.com/used-cars/search/-/,,,
Nissan Dayz Roox  2015  for Sale,https://www.pakwheels.com/used-cars/nissan-dayz-roox-2015-for-sale-in-karachi-11195509,2100000.0,2015.0,75000,660.0,Automatic,Petrol,Karachi,Individual,main_ad_11195509,Automatic,4/23/2026 0:00,used-car,https://www.pakwheels.com/used-cars/search/-/,,,
Honda Civic Rebirth 2016 Oriel Prosmatec UG for Sale,https://www.pakwheels.com/used-cars/honda-civic-2016-for-sale-in-hyderabad-11393992,4800000.0,2016.0,56000,1800.0,Automatic,Petrol,Hyderabad,Individual,main_ad_11393992,Automatic,4/23/2026 0:00,used-car,https://www.pakwheels.com/used-cars/search/-/,,,
Suzuki Alto  2026 VXL AGS Upgraded for Sale,https://www.pakwheels.com/used-cars/suzuki-alto-2026-for-sale-in-lahore-11393985,3325000.0,2026.0,25,660.0,Automatic,Petrol,Lahore,Individual,main_ad_11393985,Automatic,4/23/2026 0:00,used-car,https://www.pakwheels.com/used-cars/search/-/,,,
KIA Sportage  2020 FWD for Sale,https://www.pakwheels.com/used-cars/kia-sportage-2020-for-sale-in-faisalabad-11393991,6700000.0,2020.0,100000,2000.0,Automatic,Petrol,Faisalabad,Individual,main_ad_11393991,Automatic,4/23/2026 0:00,used-car,https://www.pakwheels.com/used-cars/search/-/,,,
Suzuki Mehran  1996 VX for Sale,https://www.pakwheels.com/used-cars/suzuki-mehran-1996-for-sale-in-faisalabad-11393986,450000.0,1996.0,100000,800.0,Manual,Petrol,Faisalabad,Individual,main_ad_11393986,Manual,4/23/2026 0:00,used-car,https://www.pakwheels.com/used-cars/search/-/,,,
Suzuki Mehran  2001 VXR for Sale,https://www.pakwheels.com/used-cars/suzuki-mehran-2001-for-sale-in-muzaffarabad-11393989,800000.0,2001.0,60000,800.0,Manual,Petrol,Muzaffarabad,Individual,main_ad_11393989,Manual,4/23/2026 0:00,used-car,https://www.pakwheels.com/used-cars/search/-/,,,
Honda Civic Rebirth 2012 VTi 1.8 i-VTEC for Sale,https://www.pakwheels.com/used-cars/honda-civic-2012-for-sale-in-multan-11281973,2950000.0,2012.0,205000,1800.0,Manual,Petrol,Multan,Individual,main_ad_11281973,Manual,4/23/2026 0:00,used-car,https://www.pakwheels.com/used-cars/search/-/,,,
Honda Civic 7th Generation (Facelift) 2006 VTi Oriel 1.6 for Sale,https://www.pakwheels.com/used-cars/honda-civic-2006-for-sale-in-karachi-11393987,1700000.0,2006.0,171532,1600.0,Manual,Petrol,Karachi,Individual,main_ad_11393987,Manual,4/23/2026 0:00,used-car,https://www.pakwheels.com/used-cars/search/-/,,,
Toyota Corolla  2016 GLi Automatic 1.3 VVTi for Sale,https://www.pakwheels.com/used-cars/toyota-corolla-2016-for-sale-in-lahore-11393984,4380000.0,2016.0,100000,1300.0,Automatic,Petrol,Lahore,Individual,main_ad_11393984,Automatic,4/23/2026 0:00,used-car,https://www.pakwheels.com/used-cars/search/-/,,,
Changan Oshan X7  2024 FutureSense for Sale,https://www.pakwheels.com/used-cars/changan-oshan-x7-2024-for-sale-in-quetta-11393983,7800000.0,2024.0,40000,1500.0,Automatic,Petrol,Quetta,Individual,main_ad_11393983,Automatic,4/23/2026 0:00,used-car,https://www.pakwheels.com/used-cars/search/-/,,,
Suzuki Wagon R  2021 AGS for Sale,https://www.pakwheels.com/used-cars/suzuki-wagon-r-2021-for-sale-in-lahore-11252522,2850000.0,2021.0,103000,1000.0,Automatic,Petrol,Lahore,Individual,main_ad_11252522,Automatic,4/23/2026 0:00,used-car,https://www.pakwheels.com/used-cars/search/-/,,,
Hyundai Tucson  2022 FWD A/T GLS Sport for Sale,https://www.pakwheels.com/used-cars/hyundai-tucson-2022-for-sale-in-faisalabad-11393972,7300000.0,2022.0,40000,2000.0,Automatic,Petrol,Faisalabad,Individual,main_ad_11393972,Automatic,4/23/2026 0:00,used-car,https://www.pakwheels.com/used-cars/search/-/,,,
Honda Vezel  2015 Hybrid Z for Sale,https://www.pakwheels.com/used-cars/honda-vezel-2015-for-sale-in-lahore-11393980,5175000.0,2015.0,115000,1500.0,Automatic,Hybrid,Lahore,Individual,main_ad_11393980,Automatic,4/23/2026 0:00,used-car,https://www.pakwheels.com/used-cars/search/-/,,,
Changan Oshan X7  2022 FutureSense for Sale,https://www.pakwheels.com/used-cars/changan-oshan-x7-2022-for-sale-in-gujranwala-11393978,7250000.0,2022.0,61000,1500.0,Automatic,Petrol,Gujranwala,Individual,main_ad_11393978,Automatic,4/23/2026 0:00,used-car,https://www.pakwheels.com/used-cars/search/-/,,,
Suzuki Swift  2015 DLX Automatic 1.3 for Sale,https://www.pakwheels.com/used-cars/suzuki-swift-2015-for-sale-in-rawalpindi-11393977,2550000.0,2015.0,168000,1300.0,Automatic,Petrol,Rawalpindi,Individual,main_ad_11393977,Automatic,4/23/2026 0:00,used-car,https://www.pakwheels.com/used-cars/search/-/,,,
Hyundai Tucson  2025 AWD A/T Ultimate (Black Interior) for Sale,https://www.pakwheels.com/used-cars/hyundai-tucson-2025-for-sale-in-karachi-11393975,9300000.0,2025.0,18000,2000.0,Automatic,Petrol,Karachi,Individual,main_ad_11393975,Automatic,4/23/2026 0:00,used-car,https://www.pakwheels.com/used-cars/search/-/,,,
Suzuki Mehran  2005 VXR for Sale,https://www.pakwheels.com/used-cars/suzuki-mehran-2005-for-sale-in-rawalpindi-11277178,780000.0,2005.0,99000,800.0,Manual,Petrol,Rawalpindi,Individual,main_ad_11277178,Manual,4/23/2026 0:00,used-car,https://www.pakwheels.com/used-cars/search/-/,,,
Honda Civic Reborn 2012 VTi Oriel Prosmatec 1.8 i-VTEC for Sale,https://www.pakwheels.com/used-cars/honda-civic-2012-for-sale-in-islamabad-11393957,3200000.0,2012.0,157000,1800.0,Automatic,Petrol,Islamabad,Individual,main_ad_11393957,Automatic,4/23/2026 0:00,used-car,https://www.pakwheels.com/used-cars/search/-/,,,
Hyundai Santro  2007 Club for Sale,https://www.pakwheels.com/used-cars/hyundai-santro-2007-for-sale-in-faisalabad-11393971,1225000.0,2007.0,125000,1000.0,Manual,Petrol,Faisalabad,Individual,main_ad_11393971,Manual,4/23/2026 0:00,used-car,https://www.pakwheels.com/used-cars/search/-/,,,
Honda Civic Rebirth 2015 Oriel Prosmatec UG for Sale,https://www.pakwheels.com/used-cars/honda-civic-2015-for-sale-in-kohat-11393970,4125000.0,2015.0,119000,1800.0,Automatic,Petrol,Kohat,Individual,main_ad_11393970,Automatic,4/23/2026 0:00,used-car,https://www.pakwheels.com/used-cars/search/-/,,,
Daihatsu Move  2017 Custom X for Sale,https://www.pakwheels.com/used-cars/daihatsu-move-2017-for-sale-in-lahore-11374373,2775000.0,2017.0,68000,660.0,Automatic,Petrol,Lahore,Individual,main_ad_11374373,Automatic,4/23/2026 0:00,used-car,https://www.pakwheels.com/used-cars/search/-/,,,
Toyota Corolla  2022 Altis Grande X CVT-i 1.8 Black Interior for Sale,https://www.pakwheels.com/used-cars/toyota-corolla-2022-for-sale-in-karachi-11393944,6650000.0,2022.0,36000,1800.0,Automatic,Petrol,Karachi,Individual,main_ad_11393944,Automatic,4/23/2026 0:00,used-car,https://www.pakwheels.com/used-cars/search/-/,,,
Suzuki Alto  2021 VXR for Sale,https://www.pakwheels.com/used-cars/suzuki-alto-2021-for-sale-in-karachi-11308142,2365000.0,2021.0,41000,660.0,Manual,Petrol,Karachi,Individual,main_ad_11308142,Manual,4/23/2026 0:00,used-car,https://www.pakwheels.com/used-cars/search/-/,,,
Toyota Yaris Sedan  2021 ATIV X CVT 1.5 for Sale,https://www.pakwheels.com/used-cars/toyota-yaris-sedan-2021-for-sale-in-karachi-11393900,4690000.0,2021.0,31000,1500.0,Automatic,Petrol,Karachi,Individual,main_ad_11393900,Automatic,4/23/2026 0:00,used-car,https://www.pakwheels.com/used-cars/search/-/,,,
Toyota Corolla  2019 XLi VVTi for Sale,https://www.pakwheels.com/used-cars/toyota-corolla-2019-for-sale-in-lahore-11376517,3800000.0,2019.0,109000,1300.0,Manual,Petrol,Lahore,Individual,main_ad_11376517,Manual,4/23/2026 0:00,used-car,https://www.pakwheels.com/used-cars/search/-/,,,
Toyota Corolla Cross  2025 1.8 HEV X for Sale,https://www.pakwheels.com/used-cars/toyota-corolla-cross-2025-for-sale-in-islamabad-11393894,9000000.0,2025.0,14000,1800.0,Automatic,Hybrid,Islamabad,Individual,main_ad_11393894,Automatic,4/23/2026 0:00,used-car,https://www.pakwheels.com/used-cars/search/-/,,,
Honda City 5th (GM2) Generation 2018 1.3 i-VTEC Prosmatec for Sale,https://www.pakwheels.com/used-cars/honda-city-2018-for-sale-in-lahore-11393893,3779999.9999999995,2018.0,92000,1300.0,Automatic,Petrol,Lahore,Individual,main_ad_11393893,Automatic,4/23/2026 0:00,used-car,https://www.pakwheels.com/used-cars/search/-/,,,
Hyundai Sonata  2025 N Line 2.5 Turbo for Sale,https://www.pakwheels.com/used-cars/hyundai-sonata-2025-for-sale-in-multan-11392709,16600000.0,2025.0,13000,2500.0,Automatic,Petrol,Multan,Individual,main_ad_11392709,Automatic,4/23/2026 0:00,used-car,https://www.pakwheels.com/used-cars/search/-/,,,
Suzuki Cultus  2018 VXL for Sale,https://www.pakwheels.com/used-cars/suzuki-cultus-2018-for-sale-in-karachi-11389769,2550000.0,2018.0,74000,1000.0,Manual,Petrol,Karachi,Individual,main_ad_11389769,Manual,4/23/2026 0:00,used-car,https://www.pakwheels.com/used-cars/search/-/,,,
Toyota Raize  2021 Z for Sale,https://www.pakwheels.com/used-cars/toyota-raize-2021-for-sale-in-karachi-11137435,6050000.0,2021.0,47000,1000.0,Automatic,Petrol,Karachi,Individual,main_ad_11137435,Automatic,4/23/2026 0:00,used-car,https://www.pakwheels.com/used-cars/search/-/,,,
Suzuki Swift  2018 RS 1.0 for Sale,https://www.pakwheels.com/used-cars/suzuki-swift-2018-for-sale-in-islamabad-10543824,4350000.0,2018.0,82000,1000.0,Automatic,Petrol,Islamabad,Individual,main_ad_10543824,Automatic,4/23/2026 0:00,used-car,https://www.pakwheels.com/used-cars/search/-/,,,
Jaecoo J5  2026 Premium for Sale,https://www.pakwheels.com/used-cars/jaecoo-j5-2026-for-sale-in-lahore-11393934,8190000.000000001,2026.0,52,1500.0,Automatic,Hybrid,Lahore,Individual,main_ad_11393934,Automatic,4/23/2026 0:00,used-car,https://www.pakwheels.com/used-cars/search/-/,,,
Toyota Yaris Sedan  2021 ATIV X CVT 1.5 for Sale,https://www.pakwheels.com/used-cars/toyota-yaris-sedan-2021-for-sale-in-islamabad-11393956,4630000.0,2021.0,64000,1500.0,Automatic,Petrol,Islamabad,Individual,main_ad_11393956,Automatic,4/23/2026 0:00,used-car,https://www.pakwheels.com/used-cars/search/-/,,,
MG HS  2021 1.5 Turbo for Sale,https://www.pakwheels.com/used-cars/mg-hs-2021-for-sale-in-gujrat-11393966,5750000.0,2021.0,95000,1490.0,Automatic,Petrol,Gujrat,Individual,main_ad_11393966,Automatic,4/23/2026 0:00,used-car,https://www.pakwheels.com/used-cars/search/-/,,,
Honda N Wgn  2024 L for Sale,https://www.pakwheels.com/used-cars/honda-n-wgn-2024-for-sale-in-islamabad-11393964,3975000.0,2024.0,12000,660.0,Automatic,Petrol,Islamabad,Individual,main_ad_11393964,Automatic,4/23/2026 0:00,used-car,https://www.pakwheels.com/used-cars/search/-/,,,
Toyota Corolla  2011 XLi VVTi for Sale,https://www.pakwheels.com/used-cars/toyota-corolla-2011-for-sale-in-faisalabad-11390217,2540000.0,2011.0,357000,1300.0,Manual,Petrol,Faisalabad,Individual,main_ad_11390217,Manual,4/23/2026 0:00,used-car,https://www.pakwheels.com/used-cars/search/-/,,,
Honda City 6th Generation 2025 1.5L ASPIRE CVT for Sale,https://www.pakwheels.com/used-cars/honda-city-2025-for-sale-in-lahore-11393954,6050000.0,2025.0,5000,1500.0,Automatic,Petrol,Lahore,Individual,main_ad_11393954,Automatic,4/23/2026 0:00,used-car,https://www.pakwheels.com/used-cars/search/-/,,,
Mercedes Benz C Class  2008  for Sale,https://www.pakwheels.com/used-cars/mercedes-benz-c-class-2008-for-sale-in-rawalpindi-11393949,5500000.0,2008.0,150000,1800.0,Automatic,Petrol,Rawalpindi,Individual,main_ad_11393949,Automatic,4/23/2026 0:00,used-car,https://www.pakwheels.com/used-cars/search/-/,,,
Toyota Corolla  1994 SE Limited for Sale,https://www.pakwheels.com/used-cars/toyota-corolla-1994-for-sale-in-nowshera-11393943,2050000.0,1994.0,123,1500.0,Automatic,Petrol,Nowshera,Individual,main_ad_11393943,Automatic,4/23/2026 0:00,used-car,https://www.pakwheels.com/used-cars/search/-/,,,
Suzuki Alto  2014 ECO-S for Sale,https://www.pakwheels.com/used-cars/suzuki-alto-2014-for-sale-in-islamabad-11345670,2365000.0,2014.0,90000,660.0,Automatic,Petrol,Islamabad,Individual,main_ad_11345670,Automatic,4/23/2026 0:00,used-car,https://www.pakwheels.com/used-cars/search/-/,,,
Toyota Passo  2015 Plus Hana C for Sale,https://www.pakwheels.com/used-cars/toyota-passo-2015-for-sale-in-islamabad-11254728,3195000.0,2015.0,98000,1000.0,Automatic,Petrol,Islamabad,Individual,main_ad_11254728,Automatic,4/23/2026 0:00,used-car,https://www.pakwheels.com/used-cars/search/-/,,,
Suzuki Alto  2011 ECO-S for Sale,https://www.pakwheels.com/used-cars/suzuki-alto-2011-for-sale-in-islamabad-11354631,2345000.0,2011.0,98000,660.0,Automatic,Petrol,Islamabad,Individual,main_ad_11354631,Automatic,4/23/2026 0:00,used-car,https://www.pakwheels.com/used-cars/search/-/,,,
Nissan Moco  2012 X Four for Sale,https://www.pakwheels.com/used-cars/nissan-moco-2012-for-sale-in-islamabad-11335010,2045000.0,2012.0,98000,660.0,Automatic,Petrol,Islamabad,Individual,main_ad_11335010,Automatic,4/23/2026 0:00,used-car,https://www.pakwheels.com/used-cars/search/-/,,,
Nissan Moco  2014 X Idling Stop for Sale,https://www.pakwheels.com/used-cars/nissan-moco-2014-for-sale-in-islamabad-11393952,2345000.0,2014.0,139500,660.0,Automatic,Petrol,Islamabad,Individual,main_ad_11393952,Automatic,4/23/2026 0:00,used-car,https://www.pakwheels.com/used-cars/search/-/,,,
Toyota Yaris Hatchback  2023 X for Sale,https://www.pakwheels.com/used-cars/toyota-yaris-hatchback-2023-for-sale-in-lahore-11393950,4700000.0,2023.0,33500,1000.0,Automatic,Petrol,Lahore,Individual,main_ad_11393950,Automatic,4/23/2026 0:00,used-car,https://www.pakwheels.com/used-cars/search/-/,,,
Toyota Fortuner  2026 2.7 G for Sale,https://www.pakwheels.com/used-cars/toyota-fortuner-2026-for-sale-in-lahore-11386609,14500000.0,2026.0,5,2700.0,Automatic,Petrol,Lahore,Individual,main_ad_11386609,Automatic,4/23/2026 0:00,used-car,https://www.pakwheels.com/used-cars/search/-/,,,
Toyota Pixis Space  2015 L for Sale,https://www.pakwheels.com/used-cars/toyota-pixis-space-2015-for-sale-in-karachi-11393947,2100000.0,2015.0,89000,660.0,Automatic,Petrol,Karachi,Individual,main_ad_11393947,Automatic,4/23/2026 0:00,used-car,https://www.pakwheels.com/used-cars/search/-/,,,
Suzuki Mehran  2013 VX Euro II for Sale,https://www.pakwheels.com/used-cars/suzuki-mehran-2013-for-sale-in-gujrat-11393946,1050000.0,2013.0,97000,796.0,Manual,Petrol,Gujrat,Individual,main_ad_11393946,Manual,4/23/2026 0:00,used-car,https://www.pakwheels.com/used-cars/search/-/,,,
Nissan Leaf  2021 e+ for Sale,https://www.pakwheels.com/used-cars/nissan-leaf-2021-for-sale-in-islamabad-10476021,7700000.0,2021.0,18000,1300.0,Automatic,Electric,Islamabad,Individual,main_ad_10476021,Automatic,4/23/2026 0:01,used-car,https://www.pakwheels.com/used-cars/search/-/,,,
Toyota Raize  2020 Z for Sale,https://www.pakwheels.com/used-cars/toyota-raize-2020-for-sale-in-islamabad-10988889,6675000.0,2020.0,30000,1000.0,Automatic,Petrol,Islamabad,Individual,main_ad_10988889,Automatic,4/23/2026 0:01,used-car,https://www.pakwheels.com/used-cars/search/-/,,,
Toyota Prado  2003 TZ G 3.4 for Sale,https://www.pakwheels.com/used-cars/toyota-prado-2003-for-sale-in-islamabad-11120728,10500000.0,2003.0,135000,3400.0,Automatic,Petrol,Islamabad,Individual,main_ad_11120728,Automatic,4/23/2026 0:01,used-car,https://www.pakwheels.com/used-cars/search/-/,,,
Toyota Fortuner  2026 2.7 G for Sale,https://www.pakwheels.com/used-cars/toyota-fortuner-2026-for-sale-in-islamabad-11393883,15200000.0,2026.0,2000,2700.0,Automatic,Petrol,Islamabad,Individual,main_ad_11393883,Automatic,4/23/2026 0:01,used-car,https://www.pakwheels.com/used-cars/search/-/,,,
Proton X70  2022 Premium FWD for Sale,https://www.pakwheels.com/used-cars/proton-x70-2022-for-sale-in-islamabad-11195758,5955000.0,2022.0,70000,1500.0,Automatic,Petrol,Islamabad,Individual,main_ad_11195758,Automatic,4/23/2026 0:01,used-car,https://www.pakwheels.com/used-cars/search/-/,,,
Toyota Corolla  2016 GLi 1.3 VVTi for Sale,https://www.pakwheels.com/used-cars/toyota-corolla-2016-for-sale-in-abbottabad-11393876,3350000.0,2016.0,145000,1300.0,Manual,Petrol,Abbottabad,Individual,main_ad_11393876,Manual,4/23/2026 0:01,used-car,https://www.pakwheels.com/used-cars/search/-/,,,
Toyota Corolla 8th (E110) Generation 2001 2.0D Limited for Sale,https://www.pakwheels.com/used-cars/toyota-corolla-2001-for-sale-in-karachi-11393872,1450000.0,2001.0,199999,2000.0,Manual,Diesel,Karachi,Individual,main_ad_11393872,Manual,4/23/2026 0:01,used-car,https://www.pakwheels.com/used-cars/search/-/,,,
Toyota Prado 3rd (J120) Generation 2003 TX Limited 3.4 for Sale,https://www.pakwheels.com/used-cars/toyota-prado-2003-for-sale-in-karachi-11393871,10000000.0,2003.0,38000,3400.0,Automatic,Petrol,Karachi,Individual,main_ad_11393871,Automatic,4/23/2026 0:01,used-car,https://www.pakwheels.com/used-cars/search/-/,,,
Toyota Yaris Hatchback  2022 X for Sale,https://www.pakwheels.com/used-cars/toyota-yaris-hatchback-2022-for-sale-in-lahore-11312519,4590000.0,2022.0,100821,1000.0,Automatic,Petrol,Lahore,Individual,main_ad_11312519,Automatic,4/23/2026 0:01,used-car,https://www.pakwheels.com/used-cars/search/-/,,,
Toyota Raize  2020 G for Sale,https://www.pakwheels.com/used-cars/toyota-raize-2020-for-sale-in-lahore-11284878,5690000.0,2020.0,73619,1000.0,Automatic,Petrol,Lahore,Individual,main_ad_11284878,Automatic,4/23/2026 0:01,used-car,https://www.pakwheels.com/used-cars/search/-/,,,
Toyota Raize  2020 Z for Sale,https://www.pakwheels.com/used-cars/toyota-raize-2020-for-sale-in-lahore-11316467,5895000.0,2020.0,106451,1000.0,Automatic,Petrol,Lahore,Individual,main_ad_11316467,Automatic,4/23/2026 0:01,used-car,https://www.pakwheels.com/used-cars/search/-/,,,
Toyota Raize  2020 Z for Sale,https://www.pakwheels.com/used-cars/toyota-raize-2020-for-sale-in-lahore-11293619,5790000.0,2020.0,55420,1000.0,Automatic,Petrol,Lahore,Individual,main_ad_11293619,Automatic,4/23/2026 0:01,used-car,https://www.pakwheels.com/used-cars/search/-/,,,
KIA Sportage  2023 AWD for Sale,https://www.pakwheels.com/used-cars/kia-sportage-2023-for-sale-in-karachi-11393942,8000000.0,2023.0,6000,2000.0,Automatic,Petrol,Karachi,Individual,main_ad_11393942,Automatic,4/23/2026 0:01,used-car,https://www.pakwheels.com/used-cars/search/-/,,,
Honda Civic Rebirth 2014 VTi Prosmatec 1.8 i-VTEC for Sale,https://www.pakwheels.com/used-cars/honda-civic-2014-for-sale-in-mardan-11393940,3500000.0,2014.0,100000,1800.0,Automatic,Petrol,Mardan,Individual,main_ad_11393940,Automatic,4/23/2026 0:01,used-car,https://www.pakwheels.com/used-cars/search/-/,,,
Suzuki Mehran  2011 VXR for Sale,https://www.pakwheels.com/used-cars/suzuki-mehran-2011-for-sale-in-islamabad-11393933,1150000.0,2011.0,61900,800.0,Manual,Petrol,Islamabad,Individual,main_ad_11393933,Manual,4/23/2026 0:01,used-car,https://www.pakwheels.com/used-cars/search/-/,,,
Toyota Corolla  2018 GLi 1.3 VVTi for Sale,https://www.pakwheels.com/used-cars/toyota-corolla-2018-for-sale-in-lahore-11393938,4250000.0,2018.0,95000,1300.0,Manual,Petrol,Lahore,Individual,main_ad_11393938,Manual,4/23/2026 0:01,used-car,https://www.pakwheels.com/used-cars/search/-/,,,
Toyota Raize  2020 G for Sale,https://www.pakwheels.com/used-cars/toyota-raize-2020-for-sale-in-gujranwala-11393932,5500000.0,2020.0,66000,1000.0,Automatic,Petrol,Gujranwala,Individual,main_ad_11393932,Automatic,4/23/2026 0:01,used-car,https://www.pakwheels.com/used-cars/search/-/,,,
Toyota Pixis Van  2022 Deluxe for Sale,https://www.pakwheels.com/used-cars/toyota-pixis-van-2022-for-sale-in-wazirabad-11393931,2550000.0,2022.0,80000,660.0,Manual,Petrol,Wazirabad,Individual,main_ad_11393931,Manual,4/23/2026 0:01,used-car,https://www.pakwheels.com/used-cars/search/-/,,,
Honda Civic  2022 1.5 VTEC Turbo Oriel for Sale,https://www.pakwheels.com/used-cars/honda-civic-2022-for-sale-in-karachi-11393895,7100000.0,2022.0,26000,1500.0,Automatic,Petrol,Karachi,Individual,main_ad_11393895,Automatic,4/23/2026 0:01,used-car,https://www.pakwheels.com/used-cars/search/-/,,,
Honda Civic Rebirth 2014 VTi Prosmatec 1.8 i-VTEC for Sale,https://www.pakwheels.com/used-cars/honda-civic-2014-for-sale-in-lahore-11393929,3950000.0,2014.0,128000,1800.0,Automatic,Petrol,Lahore,Individual,main_ad_11393929,Automatic,4/23/2026 0:01,used-car,https://www.pakwheels.com/used-cars/search/-/,,,
Suzuki Cultus  2008 VXRi for Sale,https://www.pakwheels.com/used-cars/suzuki-cultus-2008-for-sale-in-faisalabad-11393930,1400000.0,2008.0,100000,1000.0,Manual,Petrol,Faisalabad,Individual,main_ad_11393930,Manual,4/23/2026 0:01,used-car,https://www.pakwheels.com/used-cars/search/-/,,,
Toyota Yaris Sedan  2021 GLI CVT 1.3 for Sale,https://www.pakwheels.com/used-cars/toyota-yaris-sedan-2021-for-sale-in-karachi-11393926,4050000.0,2021.0,61,1300.0,Automatic,Petrol,Karachi,Individual,main_ad_11393926,Automatic,4/23/2026 0:01,used-car,https://www.pakwheels.com/used-cars/search/-/,,,
Toyota Mark X  2006 250G S Package for Sale,https://www.pakwheels.com/used-cars/toyota-mark-x-2006-for-sale-in-karachi-11393927,4800000.0,2006.0,40000,2500.0,Automatic,Petrol,Karachi,Individual,main_ad_11393927,Automatic,4/23/2026 0:01,used-car,https://www.pakwheels.com/used-cars/search/-/,,,
Toyota Vitz  2010  for Sale,https://www.pakwheels.com/used-cars/toyota-vitz-2010-for-sale-in-lahore-11393928,2400000.0,2010.0,110000,1000.0,Automatic,Petrol,Lahore,Individual,main_ad_11393928,Automatic,4/23/2026 0:01,used-car,https://www.pakwheels.com/used-cars/search/-/,,,
Toyota Vitz  2006 F 1.3 for Sale,https://www.pakwheels.com/used-cars/toyota-vitz-2006-for-sale-in-bannu-11363927,2380000.0,2006.0,160000,1300.0,Automatic,Petrol,Bannu,Individual,main_ad_11363927,Automatic,4/23/2026 0:01,used-car,https://www.pakwheels.com/used-cars/search/-/,,,
Toyota Rush  2019 S for Sale,https://www.pakwheels.com/used-cars/toyota-rush-2019-for-sale-in-peshawar-11393916,6500000.0,2019.0,60000,1500.0,Automatic,Petrol,Peshawar,Individual,main_ad_11393916,Automatic,4/23/2026 0:01,used-car,https://www.pakwheels.com/used-cars/search/-/,,,
Suzuki Alto  2017 L for Sale,https://www.pakwheels.com/used-cars/suzuki-alto-2017-for-sale-in-wah-cantt-11393915,2390000.0,2017.0,204500,660.0,Automatic,Petrol,Wah cantt,Individual,main_ad_11393915,Automatic,4/23/2026 0:01,used-car,https://www.pakwheels.com/used-cars/search/-/,,,
Changan Oshan X7  2022 Comfort for Sale,https://www.pakwheels.com/used-cars/changan-oshan-x7-2022-for-sale-in-lahore-11097121,7875000.0,2022.0,13000,1500.0,Automatic,Petrol,Lahore,Individual,main_ad_11097121,Automatic,4/23/2026 0:01,used-car,https://www.pakwheels.com/used-cars/search/-/,,,
Toyota Surf  1998 SSR-G 3.0D for Sale,https://www.pakwheels.com/used-cars/toyota-surf-1998-for-sale-in-sheikhupura-11393913,3500000.0,1998.0,65000,3000.0,Automatic,Diesel,Sheikhupura,Individual,main_ad_11393913,Automatic,4/23/2026 0:01,used-car,https://www.pakwheels.com/used-cars/search/-/,,,
Toyota Aqua  2015 S for Sale,https://www.pakwheels.com/used-cars/toyota-aqua-2015-for-sale-in-fateh-jang-11393912,4400000.0,2015.0,140000,1500.0,Automatic,Hybrid,Fateh Jang,Individual,main_ad_11393912,Automatic,4/23/2026 0:01,used-car,https://www.pakwheels.com/used-cars/search/-/,,,
Suzuki Mehran  1989 VX for Sale,https://www.pakwheels.com/used-cars/suzuki-mehran-1989-for-sale-in-lahore-11393911,600000.0,1989.0,100000,800.0,Manual,Petrol,Lahore,Individual,main_ad_11393911,Manual,4/23/2026 0:01,used-car,https://www.pakwheels.com/used-cars/search/-/,,,
Honda Civic Reborn 2010 VTi 1.8 i-VTEC for Sale,https://www.pakwheels.com/used-cars/honda-civic-2010-for-sale-in-islamabad-11393910,2200000.0,2010.0,200500,1800.0,Manual,Petrol,Islamabad,Individual,main_ad_11393910,Manual,4/23/2026 0:01,used-car,https://www.pakwheels.com/used-cars/search/-/,,,
Honda Civic Reborn 2013 VTi Oriel Prosmatec 1.8 i-VTEC for Sale,https://www.pakwheels.com/used-cars/honda-civic-2013-for-sale-in-lahore-11393807,3180000.0,2013.0,150000,1800.0,Automatic,Petrol,Lahore,Individual,main_ad_11393807,Automatic,4/23/2026 0:01,used-car,https://www.pakwheels.com/used-cars/search/-/,,,
Toyota Vitz  2018 1.0F Safety Edition III for Sale,https://www.pakwheels.com/used-cars/toyota-vitz-2018-for-sale-in-lahore-11393820,4075000.0,2018.0,86000,1000.0,Automatic,Petrol,Lahore,Individual,main_ad_11393820,Automatic,4/23/2026 0:01,used-car,https://www.pakwheels.com/used-cars/search/-/,,,
Toyota Land Cruiser  2016 AX G Selection for Sale,https://www.pakwheels.com/used-cars/toyota-land-cruiser-2016-for-sale-in-sialkot-11393787,32500000.0,2016.0,74000,4600.0,Automatic,Petrol,Sialkot,Individual,main_ad_11393787,Automatic,4/23/2026 0:01,used-car,https://www.pakwheels.com/used-cars/search/-/,,,
Suzuki Potohar  1998 Basegrade for Sale,https://www.pakwheels.com/used-cars/suzuki-potohar-1998-for-sale-in-lahore-11386274,1240000.0,1998.0,156700,1000.0,Manual,Petrol,Lahore,Individual,main_ad_11386274,Manual,4/23/2026 0:01,used-car,https://www.pakwheels.com/used-cars/search/-/,,,
Toyota Corolla  2017 GLi 1.3 VVTi for Sale,https://www.pakwheels.com/used-cars/toyota-corolla-2017-for-sale-in-islamabad-11388143,4400000.0,2017.0,160000,1300.0,Manual,Petrol,Islamabad,Individual,main_ad_11388143,Manual,4/23/2026 0:01,used-car,https://www.pakwheels.com/used-cars/search/-/,,,
Toyota Corolla  2018 Altis Grande CVT-i 1.8 for Sale,https://www.pakwheels.com/used-cars/toyota-corolla-2018-for-sale-in-sialkot-11356032,5675000.0,2018.0,41000,1800.0,Automatic,Petrol,Sialkot,Individual,main_ad_11356032,Automatic,4/23/2026 0:01,used-car,https://www.pakwheels.com/used-cars/search/-/,,,
Honda Civic  2018 Oriel 1.8 i-VTEC CVT for Sale,https://www.pakwheels.com/used-cars/honda-civic-2018-for-sale-in-sialkot-11379356,5750000.0,2018.0,63000,1800.0,Automatic,Petrol,Sialkot,Individual,main_ad_11379356,Automatic,4/23/2026 0:01,used-car,https://www.pakwheels.com/used-cars/search/-/,,,
KIA Sportage  2022 FWD for Sale,https://www.pakwheels.com/used-cars/kia-sportage-2022-for-sale-in-gujranwala-11367556,6750000.0,2022.0,50800,2000.0,Automatic,Petrol,Gujranwala,Individual,main_ad_11367556,Automatic,4/23/2026 0:01,used-car,https://www.pakwheels.com/used-cars/search/-/,,,
Toyota Prado  2017 TX Limited 2.7 for Sale,https://www.pakwheels.com/used-cars/toyota-prado-2017-for-sale-in-karachi-11393728,23500000.0,2017.0,48000,2700.0,Automatic,Petrol,Karachi,Individual,main_ad_11393728,Automatic,4/23/2026 0:01,used-car,https://www.pakwheels.com/used-cars/search/-/,,,
Suzuki Swift  2012 DX 1.3 for Sale,https://www.pakwheels.com/used-cars/suzuki-swift-2012-for-sale-in-peshawar-11393718,2170000.0,2012.0,200000,1300.0,Manual,Petrol,Peshawar,Individual,main_ad_11393718,Manual,4/23/2026 0:01,used-car,https://www.pakwheels.com/used-cars/search/-/,,,
KIA Sportage  2021 FWD for Sale,https://www.pakwheels.com/used-cars/kia-sportage-2021-for-sale-in-islamabad-11238246,6290000.0,2021.0,112000,2000.0,Automatic,Petrol,Islamabad,Individual,main_ad_11238246,Automatic,4/23/2026 0:01,used-car,https://www.pakwheels.com/used-cars/search/-/,,,
Honda Civic  2017 Oriel 1.8 i-VTEC CVT for Sale,https://www.pakwheels.com/used-cars/honda-civic-2017-for-sale-in-islamabad-11199032,4850000.0,2017.0,170000,1800.0,Automatic,Petrol,Islamabad,Individual,main_ad_11199032,Automatic,4/23/2026 0:01,used-car,https://www.pakwheels.com/used-cars/search/-/,,,
Toyota Passo  2013 X for Sale,https://www.pakwheels.com/used-cars/toyota-passo-2013-for-sale-in-islamabad-11393908,3375000.0,2013.0,49500,1000.0,Automatic,Petrol,Islamabad,Individual,main_ad_11393908,Automatic,4/23/2026 0:01,used-car,https://www.pakwheels.com/used-cars/search/-/,,,
Suzuki Cultus  2007  for Sale,https://www.pakwheels.com/used-cars/suzuki-cultus-2007-for-sale-in-lahore-11393906,980000.0000000001,2007.0,100000,1000.0,Manual,Petrol,Lahore,Individual,main_ad_11393906,Manual,4/23/2026 0:01,used-car,https://www.pakwheels.com/used-cars/search/-/,,,
Honda City 5th (GM2) Generation 2020 Aspire Prosmatec 1.5 i-VTEC for Sale,https://www.pakwheels.com/used-cars/honda-city-2020-for-sale-in-lahore-11393905,4300000.0,2020.0,118000,1500.0,Automatic,Petrol,Lahore,Individual,main_ad_11393905,Automatic,4/23/2026 0:01,used-car,https://www.pakwheels.com/used-cars/search/-/,,,
Suzuki Margalla  1994 GL for Sale,https://www.pakwheels.com/used-cars/suzuki-margalla-1994-for-sale-in-islamabad-11393904,650000.0,1994.0,100000,1300.0,Manual,Petrol,Islamabad,Individual,main_ad_11393904,Manual,4/23/2026 0:01,used-car,https://www.pakwheels.com/used-cars/search/-/,,,
Daihatsu Mira  2022 X for Sale,https://www.pakwheels.com/used-cars/daihatsu-mira-2022-for-sale-in-rawalpindi-11393896,3390000.0,2022.0,17500,660.0,Automatic,Petrol,Rawalpindi,Individual,main_ad_11393896,Automatic,4/23/2026 0:01,used-car,https://www.pakwheels.com/used-cars/search/-/,,,
Toyota Vitz  2015 RS 1.3 for Sale,https://www.pakwheels.com/used-cars/toyota-vitz-2015-for-sale-in-karachi-11393892,3050000.0,2015.0,50000,1300.0,Automatic,Petrol,Karachi,Individual,main_ad_11393892,Automatic,4/23/2026 0:01,used-car,https://www.pakwheels.com/used-cars/search/-/,,,
Suzuki Alto  2007 E for Sale,https://www.pakwheels.com/used-cars/suzuki-alto-2007-for-sale-in-karachi-11393899,1080000.0,2007.0,50000,660.0,Automatic,Petrol,Karachi,Individual,main_ad_11393899,Automatic,4/23/2026 0:01,used-car,https://www.pakwheels.com/used-cars/search/-/,,,
Toyota Aqua  2019 S for Sale,https://www.pakwheels.com/used-cars/toyota-aqua-2019-for-sale-in-nowshera-cantt-11393888,5150000.0,2019.0,92000,1500.0,Automatic,Hybrid,Nowshera cantt,Individual,main_ad_11393888,Automatic,4/23/2026 0:01,used-car,https://www.pakwheels.com/used-cars/search/-/,,,
Suzuki Cultus  2009 VXLi for Sale,https://www.pakwheels.com/used-cars/suzuki-cultus-2009-for-sale-in-karachi-11393889,1320000.0,2009.0,100000,1000.0,Manual,Petrol,Karachi,Individual,main_ad_11393889,Manual,4/23/2026 0:01,used-car,https://www.pakwheels.com/used-cars/search/-/,,,
Hyundai Tucson  2024 AWD A/T Ultimate for Sale,https://www.pakwheels.com/used-cars/hyundai-tucson-2024-for-sale-in-islamabad-11393870,8450000.0,2024.0,26669,2000.0,Automatic,Petrol,Islamabad,Individual,main_ad_11393870,Automatic,4/23/2026 0:01,used-car,https://www.pakwheels.com/used-cars/search/-/,,,
Toyota Corolla 9th (E120) Generation 2008 XLi for Sale,https://www.pakwheels.com/used-cars/toyota-corolla-2008-for-sale-in-abbottabad-11393886,2100000.0,2008.0,200000,1300.0,Manual,Petrol,Abbottabad,Individual,main_ad_11393886,Manual,4/23/2026 0:01,used-car,https://www.pakwheels.com/used-cars/search/-/,,,
Toyota Passo  2020  for Sale,https://www.pakwheels.com/used-cars/toyota-passo-2020-for-sale-in-rawalpindi-11393885,3950000.0,2020.0,84172,1000.0,Automatic,Petrol,Rawalpindi,Individual,main_ad_11393885,Automatic,4/23/2026 0:01,used-car,https://www.pakwheels.com/used-cars/search/-/,,,
Suzuki Mehran  2006 VXR for Sale,https://www.pakwheels.com/used-cars/suzuki-mehran-2006-for-sale-in-lahore-11393884,574000.0,2006.0,41693,800.0,Manual,Petrol,Lahore,Individual,main_ad_11393884,Manual,4/23/2026 0:01,used-car,https://www.pakwheels.com/used-cars/search/-/,,,
Suzuki Alto  2022 VXR for Sale,https://www.pakwheels.com/used-cars/suzuki-alto-2022-for-sale-in-islamabad-11393878,2545000.0,2022.0,44000,1000.0,Manual,Petrol,Islamabad,Individual,main_ad_11393878,Manual,4/23/2026 0:01,used-car,https://www.pakwheels.com/used-cars/search/-/,,,
Daihatsu Mira  2014 ES for Sale,https://www.pakwheels.com/used-cars/daihatsu-mira-2014-for-sale-in-islamabad-11393716,2550000.0,2014.0,195000,660.0,Automatic,Petrol,Islamabad,Individual,main_ad_11393716,Automatic,4/23/2026 0:01,used-car,https://www.pakwheels.com/used-cars/search/-/,,,
Hyundai Tucson  2024 AWD A/T Ultimate for Sale,https://www.pakwheels.com/used-cars/hyundai-tucson-2024-for-sale-in-lahore-11393693,8500000.0,2024.0,35000,2000.0,Automatic,Petrol,Lahore,Individual,main_ad_11393693,Automatic,4/23/2026 0:01,used-car,https://www.pakwheels.com/used-cars/search/-/,,,
Toyota Corolla  2019 Altis X Automatic 1.6 for Sale,https://www.pakwheels.com/used-cars/toyota-corolla-2019-for-sale-in-rawalpindi-11393702,5000000.0,2019.0,90000,1600.0,Automatic,Petrol,Rawalpindi,Individual,main_ad_11393702,Automatic,4/23/2026 0:01,used-car,https://www.pakwheels.com/used-cars/search/-/,,,
Toyota Yaris Hatchback  2022 X for Sale,https://www.pakwheels.com/used-cars/toyota-yaris-hatchback-2022-for-sale-in-rawalpindi-11393691,4400000.0,2022.0,17000,1000.0,Automatic,Petrol,Rawalpindi,Individual,main_ad_11393691,Automatic,4/23/2026 0:01,used-car,https://www.pakwheels.com/used-cars/search/-/,,,
Daihatsu Rocky  2020 Premium G for Sale,https://www.pakwheels.com/used-cars/daihatsu-rocky-2020-for-sale-in-lahore-11287238,5850000.0,2020.0,69130,1000.0,Automatic,Petrol,Lahore,Individual,main_ad_11287238,Automatic,4/23/2026 0:02,used-car,https://www.pakwheels.com/used-cars/search/-/,,,
Daihatsu Rocky  2020 Premium G for Sale,https://www.pakwheels.com/used-cars/daihatsu-rocky-2020-for-sale-in-lahore-11327159,5950000.0,2020.0,66641,1000.0,Automatic,Petrol,Lahore,Individual,main_ad_11327159,Automatic,4/23/2026 0:02,used-car,https://www.pakwheels.com/used-cars/search/-/,,,
Suzuki Swift  2010 DLX 1.3 for Sale,https://www.pakwheels.com/used-cars/suzuki-swift-2010-for-sale-in-lahore-11286469,1725000.0,2010.0,139000,1300.0,Manual,Petrol,Lahore,Individual,main_ad_11286469,Manual,4/23/2026 0:02,used-car,https://www.pakwheels.com/used-cars/search/-/,,,
Toyota Raize  2021 Z for Sale,https://www.pakwheels.com/used-cars/toyota-raize-2021-for-sale-in-islamabad-11352260,6550000.0,2021.0,44000,1000.0,Automatic,Petrol,Islamabad,Individual,main_ad_11352260,Automatic,4/23/2026 0:02,used-car,https://www.pakwheels.com/used-cars/search/-/,,,
Mercedes Benz C Class  2007 C180 for Sale,https://www.pakwheels.com/used-cars/mercedes-benz-c-class-2007-for-sale-in-karachi-11393645,4950000.0,2007.0,160000,1800.0,Automatic,Petrol,Karachi,Individual,main_ad_11393645,Automatic,4/23/2026 0:02,used-car,https://www.pakwheels.com/used-cars/search/-/,,,
Haval H6  2025 HEV for Sale,https://www.pakwheels.com/used-cars/haval-h6-2025-for-sale-in-islamabad-11393637,11399999.999999998,2025.0,21000,1500.0,Automatic,Hybrid,Islamabad,Individual,main_ad_11393637,Automatic,4/23/2026 0:02,used-car,https://www.pakwheels.com/used-cars/search/-/,,,
Toyota Corolla  2015 Altis CVT-i 1.8 for Sale,https://www.pakwheels.com/used-cars/toyota-corolla-2015-for-sale-in-lahore-11354157,4200000.0,2015.0,122000,1800.0,Automatic,Petrol,Lahore,Individual,main_ad_11354157,Automatic,4/23/2026 0:02,used-car,https://www.pakwheels.com/used-cars/search/-/,,,
Mercedes Benz E Class  2014 E250 for Sale,https://www.pakwheels.com/used-cars/mercedes-benz-e-class-2014-for-sale-in-islamabad-11393627,11000000.0,2014.0,160000,2100.0,Automatic,Petrol,Islamabad,Individual,main_ad_11393627,Automatic,4/23/2026 0:02,used-car,https://www.pakwheels.com/used-cars/search/-/,,,
Mitsubishi Challenger  1995  for Sale,https://www.pakwheels.com/used-cars/mitsubishi-challenger-1995-for-sale-in-islamabad-11393879,4050000.0,1995.0,86000,3500.0,Automatic,Petrol,Islamabad,Individual,main_ad_11393879,Automatic,4/23/2026 0:02,used-car,https://www.pakwheels.com/used-cars/search/-/,,,
Toyota Aqua  2014 S for Sale,https://www.pakwheels.com/used-cars/toyota-aqua-2014-for-sale-in-jhelum-11393874,3560000.0,2014.0,120000,1500.0,Automatic,Hybrid,Jhelum,Individual,main_ad_11393874,Automatic,4/23/2026 0:02,used-car,https://www.pakwheels.com/used-cars/search/-/,,,
Suzuki Wagon R  2021 VXL for Sale,https://www.pakwheels.com/used-cars/suzuki-wagon-r-2021-for-sale-in-mian-wali-11393875,3025000.0,2021.0,40000,1000.0,Manual,Petrol,Mian Wali,Individual,main_ad_11393875,Manual,4/23/2026 0:02,used-car,https://www.pakwheels.com/used-cars/search/-/,,,
Daihatsu Mira  2014 L SA for Sale,https://www.pakwheels.com/used-cars/daihatsu-mira-2014-for-sale-in-karachi-11393877,1980000.0,2014.0,150000,660.0,Automatic,Petrol,Karachi,Individual,main_ad_11393877,Automatic,4/23/2026 0:02,used-car,https://www.pakwheels.com/used-cars/search/-/,,,
Hyundai Tucson  2022 FWD A/T GLS Sport for Sale,https://www.pakwheels.com/used-cars/hyundai-tucson-2022-for-sale-in-karachi-11393844,7175000.0,2022.0,25000,2000.0,Automatic,Petrol,Karachi,Individual,main_ad_11393844,Automatic,4/23/2026 0:02,used-car,https://www.pakwheels.com/used-cars/search/-/,,,
Changan Karvaan  2021 Plus for Sale,https://www.pakwheels.com/used-cars/changan-karvaan-2021-for-sale-in-islamabad-11334901,2200000.0,2021.0,180000,1000.0,Manual,Petrol,Islamabad,Individual,main_ad_11334901,Manual,4/23/2026 0:02,used-car,https://www.pakwheels.com/used-cars/search/-/,,,
Toyota Land Cruiser  1998  for Sale,https://www.pakwheels.com/used-cars/toyota-land-cruiser-1998-for-sale-in-islamabad-10541203,11000000.0,1998.0,185000,4200.0,Manual,Diesel,Islamabad,Individual,main_ad_10541203,Manual,4/23/2026 0:02,used-car,https://www.pakwheels.com/used-cars/search/-/,,,
Honda Civic  2018 Oriel 1.8 i-VTEC CVT for Sale,https://www.pakwheels.com/used-cars/honda-civic-2018-for-sale-in-lahore-11393868,5350000.0,2018.0,155800,1800.0,Automatic,Petrol,Lahore,Individual,main_ad_11393868,Automatic,4/23/2026 0:02,used-car,https://www.pakwheels.com/used-cars/search/-/,,,
Honda City 5th (GM2) Generation 2016 Aspire Prosmatec 1.5 i-VTEC for Sale,https://www.pakwheels.com/used-cars/honda-city-2016-for-sale-in-charsadda-11393867,3900000.0,2016.0,120000,1500.0,Automatic,Petrol,Charsadda,Individual,main_ad_11393867,Automatic,4/23/2026 0:02,used-car,https://www.pakwheels.com/used-cars/search/-/,,,
Jaecoo J5  2026 Premium for Sale,https://www.pakwheels.com/used-cars/jaecoo-j5-2026-for-sale-in-karachi-11393831,8399000.0,2026.0,8,1500.0,Automatic,Hybrid,Karachi,Individual,main_ad_11393831,Automatic,4/23/2026 0:02,used-car,https://www.pakwheels.com/used-cars/search/-/,,,
Mitsubishi Lancer  2006 GLX 1.3 for Sale,https://www.pakwheels.com/used-cars/mitsubishi-lancer-2006-for-sale-in-karachi-11393834,1250000.0,2006.0,231000,1300.0,Manual,Petrol,Karachi,Individual,main_ad_11393834,Manual,4/23/2026 0:02,used-car,https://www.pakwheels.com/used-cars/search/-/,,,
Toyota Vitz  2012 F 1.0 for Sale,https://www.pakwheels.com/used-cars/toyota-vitz-2012-for-sale-in-karachi-11393846,2500000.0,2012.0,81000,1000.0,Automatic,Petrol,Karachi,Individual,main_ad_11393846,Automatic,4/23/2026 0:02,used-car,https://www.pakwheels.com/used-cars/search/-/,,,
Toyota Corolla  2019 Altis Grande CVT-i 1.8 for Sale,https://www.pakwheels.com/used-cars/toyota-corolla-2019-for-sale-in-karachi-11393843,5200000.0,2019.0,92000,1800.0,Automatic,Petrol,Karachi,Individual,main_ad_11393843,Automatic,4/23/2026 0:02,used-car,https://www.pakwheels.com/used-cars/search/-/,,,
Toyota Corolla  2022 Altis X CVT-i 1.8 for Sale,https://www.pakwheels.com/used-cars/toyota-corolla-2022-for-sale-in-wazirabad-11393473,6920000.0,2022.0,55000,1800.0,Automatic,Petrol,Wazirabad,Individual,main_ad_11393473,Automatic,4/23/2026 0:02,used-car,https://www.pakwheels.com/used-cars/search/-/,,,
Toyota Mark X  2005 250G S Package for Sale,https://www.pakwheels.com/used-cars/toyota-mark-x-2005-for-sale-in-karachi-11393841,4550000.0,2005.0,180000,2500.0,Automatic,Petrol,Karachi,Individual,main_ad_11393841,Automatic,4/23/2026 0:02,used-car,https://www.pakwheels.com/used-cars/search/-/,,,
Suzuki Mehran  2014 VX Euro II for Sale,https://www.pakwheels.com/used-cars/suzuki-mehran-2014-for-sale-in-faisalabad-11393840,985000.0,2014.0,45286,796.0,Manual,Petrol,Faisalabad,Individual,main_ad_11393840,Manual,4/23/2026 0:02,used-car,https://www.pakwheels.com/used-cars/search/-/,,,
Toyota Corolla  2016 Altis Automatic 1.6 for Sale,https://www.pakwheels.com/used-cars/toyota-corolla-2016-for-sale-in-karachi-11393838,3700000.0,2016.0,93000,1600.0,Automatic,Petrol,Karachi,Individual,main_ad_11393838,Automatic,4/23/2026 0:02,used-car,https://www.pakwheels.com/used-cars/search/-/,,,
Toyota Corolla  1996  for Sale,https://www.pakwheels.com/used-cars/toyota-corolla-1996-for-sale-in-charsadda-11393836,1230000.0,1996.0,122222,1500.0,Manual,Petrol,Charsadda,Individual,main_ad_11393836,Manual,4/23/2026 0:02,used-car,https://www.pakwheels.com/used-cars/search/-/,,,
Suzuki Wagon R  2017 VXL for Sale,https://www.pakwheels.com/used-cars/suzuki-wagon-r-2017-for-sale-in-multan-11393833,2250000.0,2017.0,153956,1000.0,Manual,Petrol,Multan,Individual,main_ad_11393833,Manual,4/23/2026 0:02,used-car,https://www.pakwheels.com/used-cars/search/-/,,,
Honda Civic Rebirth 2015 VTi Oriel Prosmatec 1.8 i-VTEC for Sale,https://www.pakwheels.com/used-cars/honda-civic-2015-for-sale-in-karachi-11393825,4200000.0,2015.0,109000,1800.0,Automatic,Petrol,Karachi,Individual,main_ad_11393825,Automatic,4/23/2026 0:02,used-car,https://www.pakwheels.com/used-cars/search/-/,,,
Honda Civic  2022 Oriel 1.8 i-VTEC CVT for Sale,https://www.pakwheels.com/used-cars/honda-civic-2022-for-sale-in-karachi-11393518,6375000.0,2022.0,21000,1800.0,Automatic,Petrol,Karachi,Individual,main_ad_11393518,Automatic,4/23/2026 0:02,used-car,https://www.pakwheels.com/used-cars/search/-/,,,
Honda Civic  2016 VTi Oriel Prosmatec 1.8 i-VTEC for Sale,https://www.pakwheels.com/used-cars/honda-civic-2016-for-sale-in-islamabad-11393590,4500000.0,2016.0,86000,1800.0,Automatic,Petrol,Islamabad,Individual,main_ad_11393590,Automatic,4/23/2026 0:02,used-car,https://www.pakwheels.com/used-cars/search/-/,,,
Toyota Fortuner  2018 2.8 Sigma 4 for Sale,https://www.pakwheels.com/used-cars/toyota-fortuner-2018-for-sale-in-gujrat-11341129,12800000.0,2018.0,66000,2800.0,Automatic,Diesel,Gujrat,Individual,main_ad_11341129,Automatic,4/23/2026 0:02,used-car,https://www.pakwheels.com/used-cars/search/-/,,,
KIA Sportage  2021 AWD for Sale,https://www.pakwheels.com/used-cars/kia-sportage-2021-for-sale-in-islamabad-11393609,7100000.0,2021.0,52000,2000.0,Automatic,Petrol,Islamabad,Individual,main_ad_11393609,Automatic,4/23/2026 0:02,used-car,https://www.pakwheels.com/used-cars/search/-/,,,
Honda Civic  2020 Oriel 1.8 i-VTEC CVT for Sale,https://www.pakwheels.com/used-cars/honda-civic-2020-for-sale-in-gujranwala-11393603,5950000.0,2020.0,83000,1800.0,Automatic,Petrol,Gujranwala,Individual,main_ad_11393603,Automatic,4/23/2026 0:02,used-car,https://www.pakwheels.com/used-cars/search/-/,,,
Toyota Corolla  2016 Altis Automatic 1.6 for Sale,https://www.pakwheels.com/used-cars/toyota-corolla-2016-for-sale-in-sargodha-11393592,3850000.0,2016.0,155000,1600.0,Automatic,Petrol,Sargodha,Individual,main_ad_11393592,Automatic,4/23/2026 0:02,used-car,https://www.pakwheels.com/used-cars/search/-/,,,
Honda Civic  2019 Oriel 1.8 i-VTEC CVT for Sale,https://www.pakwheels.com/used-cars/honda-civic-2019-for-sale-in-gujranwala-11393593,5775000.0,2019.0,68000,1800.0,Automatic,Petrol,Gujranwala,Individual,main_ad_11393593,Automatic,4/23/2026 0:02,used-car,https://www.pakwheels.com/used-cars/search/-/,,,
Subaru Brz  2014 Premium for Sale,https://www.pakwheels.com/used-cars/subaru-brz-2014-for-sale-in-islamabad-10286439,15000000.0,2014.0,35000,2000.0,Automatic,Petrol,Islamabad,Individual,main_ad_10286439,Automatic,4/23/2026 0:02,used-car,https://www.pakwheels.com/used-cars/search/-/,,,
Toyota Hilux  2018 Revo V Automatic 2.8 for Sale,https://www.pakwheels.com/used-cars/toyota-hilux-2018-for-sale-in-rawalpindi-11393591,10300000.0,2018.0,107000,2800.0,Automatic,Diesel,Rawalpindi,Individual,main_ad_11393591,Automatic,4/23/2026 0:02,used-car,https://www.pakwheels.com/used-cars/search/-/,,,
Lexus LX Series  2018 LX570 for Sale,https://www.pakwheels.com/used-cars/lexus-lx-series-2018-for-sale-in-islamabad-11077451,65000000.0,2018.0,40000,5700.0,Automatic,Petrol,Islamabad,Individual,main_ad_11077451,Automatic,4/23/2026 0:02,used-car,https://www.pakwheels.com/used-cars/search/-/,,,
Toyota Crown  2008 Athlete Anniversary Edition for Sale,https://www.pakwheels.com/used-cars/toyota-crown-2008-for-sale-in-islamabad-11184658,14500000.0,2008.0,75000,3500.0,Automatic,Petrol,Islamabad,Individual,main_ad_11184658,Automatic,4/23/2026 0:02,used-car,https://www.pakwheels.com/used-cars/search/-/,,,
Jaecoo J5  2026 Premium for Sale,https://www.pakwheels.com/used-cars/jaecoo-j5-2026-for-sale-in-rawalpindi-11384097,8350000.0,2026.0,1073,1500.0,Automatic,Hybrid,Rawalpindi,Individual,main_ad_11384097,Automatic,4/23/2026 0:02,used-car,https://www.pakwheels.com/used-cars/search/-/,,,
Toyota Vitz  2014 F 1.0 for Sale,https://www.pakwheels.com/used-cars/toyota-vitz-2014-for-sale-in-gujranwala-11393827,2930000.0,2014.0,150,1000.0,Automatic,Petrol,Gujranwala,Individual,main_ad_11393827,Automatic,4/23/2026 0:02,used-car,https://www.pakwheels.com/used-cars/search/-/,,,
Nissan Dayz  2024 Highway Star S hybrid X pro pilot for Sale,https://www.pakwheels.com/used-cars/nissan-dayz-2024-for-sale-in-islamabad-11393826,4150000.0,2024.0,5000,660.0,Automatic,Hybrid,Islamabad,Individual,main_ad_11393826,Automatic,4/23/2026 0:02,used-car,https://www.pakwheels.com/used-cars/search/-/,,,
Daihatsu Mira  2019 X SA lll for Sale,https://www.pakwheels.com/used-cars/daihatsu-mira-2019-for-sale-in-islamabad-11393796,3275000.0,2019.0,65000,660.0,Automatic,Petrol,Islamabad,Individual,main_ad_11393796,Automatic,4/23/2026 0:02,used-car,https://www.pakwheels.com/used-cars/search/-/,,,
Nissan March  2007 Bolero for Sale,https://www.pakwheels.com/used-cars/nissan-march-2007-for-sale-in-rawalpindi-11393822,1575000.0,2007.0,200000,1200.0,Automatic,Petrol,Rawalpindi,Individual,main_ad_11393822,Automatic,4/23/2026 0:02,used-car,https://www.pakwheels.com/used-cars/search/-/,,,
Toyota Hilux  2012 Invincible for Sale,https://www.pakwheels.com/used-cars/toyota-hilux-2012-for-sale-in-islamabad-11143927,6800000.0,2012.0,185000,3000.0,Manual,Diesel,Islamabad,Individual,main_ad_11143927,Manual,4/23/2026 0:02,used-car,https://www.pakwheels.com/used-cars/search/-/,,,
Suzuki Cultus  2017 Limited Edition for Sale,https://www.pakwheels.com/used-cars/suzuki-cultus-2017-for-sale-in-lahore-11393821,1800000.0,2017.0,85000,1000.0,Manual,Petrol,Lahore,Individual,main_ad_11393821,Manual,4/23/2026 0:02,used-car,https://www.pakwheels.com/used-cars/search/-/,,,
Honda Civic  2017 Oriel 1.8 i-VTEC CVT for Sale,https://www.pakwheels.com/used-cars/honda-civic-2017-for-sale-in-gujranwala-11393819,5500000.0,2017.0,64000,1800.0,Automatic,Petrol,Gujranwala,Individual,main_ad_11393819,Automatic,4/23/2026 0:02,used-car,https://www.pakwheels.com/used-cars/search/-/,,,
Changan Karvaan  2023 Plus for Sale,https://www.pakwheels.com/used-cars/changan-karvaan-2023-for-sale-in-lahore-11393786,2490000.0,2023.0,42000,1000.0,Manual,Petrol,Lahore,Individual,main_ad_11393786,Manual,4/23/2026 0:02,used-car,https://www.pakwheels.com/used-cars/search/-/,,,
Suzuki Alto  2020 VXL AGS for Sale,https://www.pakwheels.com/used-cars/suzuki-alto-2020-for-sale-in-sukkur-11393813,2785000.0,2020.0,50900,660.0,Automatic,Petrol,Sukkur,Individual,main_ad_11393813,Automatic,4/23/2026 0:02,used-car,https://www.pakwheels.com/used-cars/search/-/,,,
Honda Civic 6th Generation 1998 EXi for Sale,https://www.pakwheels.com/used-cars/honda-civic-1998-for-sale-in-rawalpindi-11393812,1040000.0,1998.0,70000,1500.0,Manual,Petrol,Rawalpindi,Individual,main_ad_11393812,Manual,4/23/2026 0:02,used-car,https://www.pakwheels.com/used-cars/search/-/,,,
Honda HR-V  2023 VTi for Sale,https://www.pakwheels.com/used-cars/honda-hr-v-2023-for-sale-in-lahore-11393810,7159999.999999999,2023.0,7900,1500.0,Automatic,Petrol,Lahore,Individual,main_ad_11393810,Automatic,4/23/2026 0:02,used-car,https://www.pakwheels.com/used-cars/search/-/,,,
Suzuki Alto  2021 VXR for Sale,https://www.pakwheels.com/used-cars/suzuki-alto-2021-for-sale-in-karachi-11393805,2345000.0,2021.0,52303,660.0,Manual,Petrol,Karachi,Individual,main_ad_11393805,Manual,4/23/2026 0:02,used-car,https://www.pakwheels.com/used-cars/search/-/,,,
Toyota Corolla  2018 GLi 1.3 VVTi for Sale,https://www.pakwheels.com/used-cars/toyota-corolla-2018-for-sale-in-vehari-11393809,4350000.0,2018.0,93000,1300.0,Manual,Petrol,Vehari,Individual,main_ad_11393809,Manual,4/23/2026 0:02,used-car,https://www.pakwheels.com/used-cars/search/-/,,,
Daihatsu Cuore  2007 CX Eco for Sale,https://www.pakwheels.com/used-cars/daihatsu-cuore-2007-for-sale-in-karachi-11393803,900000.0,2007.0,123,800.0,Manual,Petrol,Karachi,Individual,main_ad_11393803,Manual,4/23/2026 0:02,used-car,https://www.pakwheels.com/used-cars/search/-/,,,
MG HS  2024 Trophy for Sale,https://www.pakwheels.com/used-cars/mg-hs-2024-for-sale-in-faisalabad-11393802,7500000.0,2024.0,19000,1500.0,Automatic,Petrol,Faisalabad,Individual,main_ad_11393802,Automatic,4/23/2026 0:02,used-car,https://www.pakwheels.com/used-cars/search/-/,,,
Suzuki Swift  2017 DLX 1.3 for Sale,https://www.pakwheels.com/used-cars/suzuki-swift-2017-for-sale-in-karachi-11393800,2150000.0,2017.0,84000,1300.0,Manual,Petrol,Karachi,Individual,main_ad_11393800,Manual,4/23/2026 0:02,used-car,https://www.pakwheels.com/used-cars/search/-/,,,
Honda Civic  2017 Oriel 1.8 i-VTEC CVT for Sale,https://www.pakwheels.com/used-cars/honda-civic-2017-for-sale-in-karachi-11393781,4600000.0,2017.0,96000,1800.0,Automatic,Petrol,Karachi,Individual,main_ad_11393781,Automatic,4/23/2026 0:02,used-car,https://www.pakwheels.com/used-cars/search/-/,,,
Toyota Corolla 8th (E110) Generation 2000 2.0D Limited for Sale,https://www.pakwheels.com/used-cars/toyota-corolla-2000-for-sale-in-lahore-11393799,1300000.0,2000.0,160000,2000.0,Manual,Diesel,Lahore,Individual,main_ad_11393799,Manual,4/23/2026 0:02,used-car,https://www.pakwheels.com/used-cars/search/-/,,,
Toyota Land Cruiser  2020  for Sale,https://www.pakwheels.com/used-cars/toyota-land-cruiser-2020-for-sale-in-sialkot-11393795,30000000.0,2020.0,3000,3300.0,Automatic,Diesel,Sialkot,Individual,main_ad_11393795,Automatic,4/23/2026 0:02,used-car,https://www.pakwheels.com/used-cars/search/-/,,,
Toyota Passo  2018 X S  for Sale,https://www.pakwheels.com/used-cars/toyota-passo-2018-for-sale-in-islamabad-11393790,3800000.0,2018.0,130000,1000.0,Automatic,Petrol,Islamabad,Individual,main_ad_11393790,Automatic,4/23/2026 0:02,used-car,https://www.pakwheels.com/used-cars/search/-/,,,
Toyota Vitz  2008 F 1.0 for Sale,https://www.pakwheels.com/used-cars/toyota-vitz-2008-for-sale-in-islamabad-11393582,2570000.0,2008.0,153379,1000.0,Automatic,Petrol,Islamabad,Individual,main_ad_11393582,Automatic,4/23/2026 0:02,used-car,https://www.pakwheels.com/used-cars/search/-/,,,
Honda Civic  2020 Oriel 1.8 i-VTEC CVT for Sale,https://www.pakwheels.com/used-cars/honda-civic-2020-for-sale-in-karachi-11361514,6000000.0,2020.0,59000,1800.0,Automatic,Petrol,Karachi,Individual,main_ad_11361514,Automatic,4/23/2026 0:02,used-car,https://www.pakwheels.com/used-cars/search/-/,,,
Honda City 6th Generation 2022 1.2L CVT for Sale,https://www.pakwheels.com/used-cars/honda-city-2022-for-sale-in-lahore-11368575,4415000.0,2022.0,60125,1200.0,Automatic,Petrol,Lahore,Individual,main_ad_11368575,Automatic,4/23/2026 0:02,used-car,https://www.pakwheels.com/used-cars/search/-/,,,
Suzuki Wagon R  2019 VXL for Sale,https://www.pakwheels.com/used-cars/suzuki-wagon-r-2019-for-sale-in-faisalabad-11393573,2690000.0,2019.0,72000,1000.0,Manual,Petrol,Faisalabad,Individual,main_ad_11393573,Manual,4/23/2026 0:02,used-car,https://www.pakwheels.com/used-cars/search/-/,,,
Audi A4  2016 S-Line Competition for Sale,https://www.pakwheels.com/used-cars/audi-a4-2016-for-sale-in-sargodha-11372110,9250000.0,2016.0,109000,2000.0,Automatic,Petrol,Sargodha,Individual,main_ad_11372110,Automatic,4/23/2026 0:02,used-car,https://www.pakwheels.com/used-cars/search/-/,,,
Toyota Prado  2012 TX Limited 2.7 for Sale,https://www.pakwheels.com/used-cars/toyota-prado-2012-for-sale-in-islamabad-11393563,17000000.0,2012.0,76000,2700.0,Automatic,Petrol,Islamabad,Individual,main_ad_11393563,Automatic,4/23/2026 0:02,used-car,https://www.pakwheels.com/used-cars/search/-/,,,
Suzuki Hustler  2022 Hybrid G for Sale,https://www.pakwheels.com/used-cars/suzuki-hustler-2022-for-sale-in-islamabad-11393555,3650000.0,2022.0,17500,660.0,Automatic,Hybrid,Islamabad,Individual,main_ad_11393555,Automatic,4/23/2026 0:02,used-car,https://www.pakwheels.com/used-cars/search/-/,,,
Toyota Corolla Axio  2006 X HID Limited 1.5 for Sale,https://www.pakwheels.com/used-cars/toyota-corolla-axio-2006-for-sale-in-lahore-11257510,3200000.0,2006.0,125000,1500.0,Automatic,Petrol,Lahore,Individual,main_ad_11257510,Automatic,4/23/2026 0:02,used-car,https://www.pakwheels.com/used-cars/search/-/,,,
Suzuki Liana  2007 RXi for Sale,https://www.pakwheels.com/used-cars/suzuki-liana-2007-for-sale-in-rawalpindi-11393524,1195000.0,2007.0,203000,1300.0,Manual,Petrol,Rawalpindi,Individual,main_ad_11393524,Manual,4/23/2026 0:02,used-car,https://www.pakwheels.com/used-cars/search/-/,,,
MG HS  2022 Trophy for Sale,https://www.pakwheels.com/used-cars/mg-hs-2022-for-sale-in-lahore-11271010,6395000.0,2022.0,50000,1500.0,Automatic,Petrol,Lahore,Individual,main_ad_11271010,Automatic,4/23/2026 0:02,used-car,https://www.pakwheels.com/used-cars/search/-/,,,
KIA Stonic  2025 EX+ for Sale,https://www.pakwheels.com/used-cars/kia-stonic-2025-for-sale-in-karachi-11393532,5725000.0,2025.0,10000,1400.0,Automatic,Petrol,Karachi,Individual,main_ad_11393532,Automatic,4/23/2026 0:02,used-car,https://www.pakwheels.com/used-cars/search/-/,,,
Nissan Juke  2010 15RX for Sale,https://www.pakwheels.com/used-cars/nissan-juke-2010-for-sale-in-lahore-11393519,2950000.0,2010.0,102700,1500.0,Automatic,Petrol,Lahore,Individual,main_ad_11393519,Automatic,4/23/2026 0:02,used-car,https://www.pakwheels.com/used-cars/search/-/,,,
Suzuki Swift  2021 DLX Automatic 1.3 Navigation for Sale,https://www.pakwheels.com/used-cars/suzuki-swift-2021-for-sale-in-wah-cantt-11393789,3450000.0,2021.0,100000,1300.0,Automatic,Petrol,Wah cantt,Individual,main_ad_11393789,Automatic,4/23/2026 0:02,used-car,https://www.pakwheels.com/used-cars/search/-/,,,
Haval H6  2026 1.5T for Sale,https://www.pakwheels.com/used-cars/haval-h6-2026-for-sale-in-rawalpindi-11393766,9480000.0,2026.0,199,1500.0,Automatic,Petrol,Rawalpindi,Individual,main_ad_11393766,Automatic,4/23/2026 0:02,used-car,https://www.pakwheels.com/used-cars/search/-/,,,
Honda Civic 6th Generation 2005 EXi for Sale,https://www.pakwheels.com/used-cars/honda-civic-2005-for-sale-in-lahore-11393785,1415000.0,2005.0,200000,1500.0,Manual,Petrol,Lahore,Individual,main_ad_11393785,Manual,4/23/2026 0:02,used-car,https://www.pakwheels.com/used-cars/search/-/,,,
Suzuki Liana  2006 RXi for Sale,https://www.pakwheels.com/used-cars/suzuki-liana-2006-for-sale-in-hyderabad-11393778,1250000.0,2006.0,150,1300.0,Manual,Petrol,Hyderabad,Individual,main_ad_11393778,Manual,4/23/2026 0:02,used-car,https://www.pakwheels.com/used-cars/search/-/,,,
Honda City 5th (GM2) Generation 2018 1.3 i-VTEC for Sale,https://www.pakwheels.com/used-cars/honda-city-2018-for-sale-in-sargodha-11393777,3679999.9999999995,2018.0,99250,1300.0,Manual,Petrol,Sargodha,Individual,main_ad_11393777,Manual,4/23/2026 0:02,used-car,https://www.pakwheels.com/used-cars/search/-/,,,
Toyota Fortuner  2019 2.8 Sigma 4 for Sale,https://www.pakwheels.com/used-cars/toyota-fortuner-2019-for-sale-in-gujranwala-11393667,13600000.000000002,2019.0,36200,2800.0,Automatic,Diesel,Gujranwala,Individual,main_ad_11393667,Automatic,4/23/2026 0:02,used-car,https://www.pakwheels.com/used-cars/search/-/,,,
Toyota Corolla  2012 GLi Limited Edition 1.3 VVTi for Sale,https://www.pakwheels.com/used-cars/toyota-corolla-2012-for-sale-in-dina-11393771,3200000.0,2012.0,155000,1300.0,Manual,Petrol,Dina,Individual,main_ad_11393771,Manual,4/23/2026 0:02,used-car,https://www.pakwheels.com/used-cars/search/-/,,,
Mercedes Benz E Class 4th (W212) Generation 2010 E250 CGI BlueEFFICIENCY for Sale,https://www.pakwheels.com/used-cars/mercedes-benz-e-class-2010-for-sale-in-peshawar-11393770,9800000.0,2010.0,110000,1800.0,Automatic,Petrol,Peshawar,Individual,main_ad_11393770,Automatic,4/23/2026 0:02,used-car,https://www.pakwheels.com/used-cars/search/-/,,,
Adam Revo  2022  for Sale,https://www.pakwheels.com/used-cars/adam-revo-2022-for-sale-in-karachi-11393769,12500000.0,2022.0,29000,2800.0,Automatic,Diesel,Karachi,Individual,main_ad_11393769,Automatic,4/23/2026 0:02,used-car,https://www.pakwheels.com/used-cars/search/-/,,,
Suzuki Alto  2021  for Sale,https://www.pakwheels.com/used-cars/suzuki-alto-2021-for-sale-in-akora-khattak-11393767,3150000.0,2021.0,44000,660.0,Automatic,Hybrid,Akora khattak,Individual,main_ad_11393767,Automatic,4/23/2026 0:02,used-car,https://www.pakwheels.com/used-cars/search/-/,,,
Suzuki Cultus  2007 VXR for Sale,https://www.pakwheels.com/used-cars/suzuki-cultus-2007-for-sale-in-islamabad-11383283,950000.0,2007.0,125000,1000.0,Manual,Petrol,Islamabad,Individual,main_ad_11383283,Manual,4/23/2026 0:02,used-car,https://www.pakwheels.com/used-cars/search/-/,,,
Toyota Corolla  2017 Altis Automatic 1.6 for Sale,https://www.pakwheels.com/used-cars/toyota-corolla-2017-for-sale-in-islamabad-11393765,5600000.0,2017.0,71000,1600.0,Automatic,Petrol,Islamabad,Individual,main_ad_11393765,Automatic,4/23/2026 0:02,used-car,https://www.pakwheels.com/used-cars/search/-/,,,
Honda City 5th (GM2) Generation 2017 Aspire 1.3 i-VTEC for Sale,https://www.pakwheels.com/used-cars/honda-city-2017-for-sale-in-lahore-11380327,3850000.0,2017.0,60000,1300.0,Manual,Petrol,Lahore,Individual,main_ad_11380327,Manual,4/23/2026 0:02,used-car,https://www.pakwheels.com/used-cars/search/-/,,,
Honda City 6th Generation 2024 1.2L CVT for Sale,https://www.pakwheels.com/used-cars/honda-city-2024-for-sale-in-lahore-11393744,4725000.0,2024.0,42000,1200.0,Automatic,Petrol,Lahore,Individual,main_ad_11393744,Automatic,4/23/2026 0:02,used-car,https://www.pakwheels.com/used-cars/search/-/,,,
Honda Civic  2019 Oriel 1.8 i-VTEC CVT for Sale,https://www.pakwheels.com/used-cars/honda-civic-2019-for-sale-in-kohat-11393761,6000000.0,2019.0,72000,1800.0,Automatic,Petrol,Kohat,Individual,main_ad_11393761,Automatic,4/23/2026 0:02,used-car,https://www.pakwheels.com/used-cars/search/-/,,,
Toyota Yaris Hatchback  2020 X for Sale,https://www.pakwheels.com/used-cars/toyota-yaris-hatchback-2020-for-sale-in-attock-11393750,4370000.0,2020.0,78000,1000.0,Automatic,Petrol,Attock,Individual,main_ad_11393750,Automatic,4/23/2026 0:02,used-car,https://www.pakwheels.com/used-cars/search/-/,,,
Toyota Corolla  2012 XLi VVTi Limited Edition for Sale,https://www.pakwheels.com/used-cars/toyota-corolla-2012-for-sale-in-multan-11393701,2520000.0,2012.0,220000,1300.0,Manual,Petrol,Multan,Individual,main_ad_11393701,Manual,4/23/2026 0:02,used-car,https://www.pakwheels.com/used-cars/search/-/,,,
Toyota Hilux  2023  for Sale,https://www.pakwheels.com/used-cars/toyota-hilux-2023-for-sale-in-islamabad-11393747,14400000.0,2023.0,33000,2800.0,Automatic,Diesel,Islamabad,Individual,main_ad_11393747,Automatic,4/23/2026 0:02,used-car,https://www.pakwheels.com/used-cars/search/-/,,,
Toyota Prius  2010 G 1.8 for Sale,https://www.pakwheels.com/used-cars/toyota-prius-2010-for-sale-in-islamabad-11393745,4600000.0,2010.0,110000,1800.0,Automatic,Hybrid,Islamabad,Individual,main_ad_11393745,Automatic,4/23/2026 0:02,used-car,https://www.pakwheels.com/used-cars/search/-/,,,
Honda Civic  2015 Oriel Prosmatec UG for Sale,https://www.pakwheels.com/used-cars/honda-civic-2015-for-sale-in-islamabad-11355832,4290000.0,2015.0,129000,1800.0,Automatic,Petrol,Islamabad,Individual,main_ad_11355832,Automatic,4/23/2026 0:03,used-car,https://www.pakwheels.com/used-cars/search/-/,,,
Proton X70  2023 Executive AWD for Sale,https://www.pakwheels.com/used-cars/proton-x70-2023-for-sale-in-islamabad-11393523,5850000.0,2023.0,50000,1500.0,Automatic,Petrol,Islamabad,Individual,main_ad_11393523,Automatic,4/23/2026 0:03,used-car,https://www.pakwheels.com/used-cars/search/-/,,,
Toyota Fortuner  2026 2.7 G for Sale,https://www.pakwheels.com/used-cars/toyota-fortuner-2026-for-sale-in-lahore-11393505,14300000.0,2026.0,25,2700.0,Automatic,Petrol,Lahore,Individual,main_ad_11393505,Automatic,4/23/2026 0:03,used-car,https://www.pakwheels.com/used-cars/search/-/,,,
Toyota Land Cruiser  2024 ZX Gasoline 3.5L for Sale,https://www.pakwheels.com/used-cars/toyota-land-cruiser-2024-for-sale-in-karachi-11392364,73500000.0,2024.0,40,3500.0,Automatic,Petrol,Karachi,Individual,main_ad_11392364,Automatic,4/23/2026 0:03,used-car,https://www.pakwheels.com/used-cars/search/-/,,,
Toyota Corolla  2021 Altis X Automatic 1.6 for Sale,https://www.pakwheels.com/used-cars/toyota-corolla-2021-for-sale-in-islamabad-11393502,5850000.0,2021.0,33000,1598.0,Automatic,Petrol,Islamabad,Individual,main_ad_11393502,Automatic,4/23/2026 0:03,used-car,https://www.pakwheels.com/used-cars/search/-/,,,
Honda City 6th Generation 2021 1.5L ASPIRE CVT for Sale,https://www.pakwheels.com/used-cars/honda-city-2021-for-sale-in-lahore-11387225,4749000.0,2021.0,71000,1500.0,Automatic,Petrol,Lahore,Individual,main_ad_11387225,Automatic,4/23/2026 0:03,used-car,https://www.pakwheels.com/used-cars/search/-/,,,
Suzuki Alto  2020 VXR for Sale,https://www.pakwheels.com/used-cars/suzuki-alto-2020-for-sale-in-karachi-11393487,2345000.0,2020.0,60000,660.0,Manual,Petrol,Karachi,Individual,main_ad_11393487,Manual,4/23/2026 0:03,used-car,https://www.pakwheels.com/used-cars/search/-/,,,
Toyota Aqua  2015 G for Sale,https://www.pakwheels.com/used-cars/toyota-aqua-2015-for-sale-in-karachi-11393480,3650000.0,2015.0,95000,1500.0,Automatic,Hybrid,Karachi,Individual,main_ad_11393480,Automatic,4/23/2026 0:03,used-car,https://www.pakwheels.com/used-cars/search/-/,,,
Hyundai Tucson  2021 AWD A/T Ultimate for Sale,https://www.pakwheels.com/used-cars/hyundai-tucson-2021-for-sale-in-islamabad-11251403,7400000.0,2021.0,78000,2000.0,Automatic,Petrol,Islamabad,Individual,main_ad_11251403,Automatic,4/23/2026 0:03,used-car,https://www.pakwheels.com/used-cars/search/-/,,,
KIA Picanto  2021 1.0 AT for Sale,https://www.pakwheels.com/used-cars/kia-picanto-2021-for-sale-in-islamabad-11359230,2970000.0,2021.0,70000,1000.0,Automatic,Petrol,Islamabad,Individual,main_ad_11359230,Automatic,4/23/2026 0:03,used-car,https://www.pakwheels.com/used-cars/search/-/,,,
Suzuki Alto  2026 VXR Upgraded for Sale,https://www.pakwheels.com/used-cars/suzuki-alto-2026-for-sale-in-chakwal-11376249,3025000.0,2026.0,15,660.0,Manual,Petrol,Chakwal,Individual,main_ad_11376249,Manual,4/23/2026 0:03,used-car,https://www.pakwheels.com/used-cars/search/-/,,,
Toyota Yaris Sedan  2026 GLI CVT 1.3 for Sale,https://www.pakwheels.com/used-cars/toyota-yaris-sedan-2026-for-sale-in-karachi-11044350,5050000.0,2026.0,1,1300.0,Automatic,Petrol,Karachi,Individual,main_ad_11044350,Automatic,4/23/2026 0:03,used-car,https://www.pakwheels.com/used-cars/search/-/,,,
Toyota Corolla  2014 GLi 1.3 VVTi for Sale,https://www.pakwheels.com/used-cars/toyota-corolla-2014-for-sale-in-quetta-11393743,3200000.0,2014.0,182000,1300.0,Manual,Petrol,Quetta,Individual,main_ad_11393743,Manual,4/23/2026 0:03,used-car,https://www.pakwheels.com/used-cars/search/-/,,,
Honda City 5th (GM2) Generation 2018 1.3 i-VTEC for Sale,https://www.pakwheels.com/used-cars/honda-city-2018-for-sale-in-lahore-11393742,3370000.0000000005,2018.0,76000,1300.0,Manual,Petrol,Lahore,Individual,main_ad_11393742,Manual,4/23/2026 0:03,used-car,https://www.pakwheels.com/used-cars/search/-/,,,
Suzuki Cultus  2007 VXR for Sale,https://www.pakwheels.com/used-cars/suzuki-cultus-2007-for-sale-in-muridke-11393740,985000.0,2007.0,233100,1000.0,Manual,Petrol,Muridke,Individual,main_ad_11393740,Manual,4/23/2026 0:03,used-car,https://www.pakwheels.com/used-cars/search/-/,,,
Toyota Raize  2021 XS for Sale,https://www.pakwheels.com/used-cars/toyota-raize-2021-for-sale-in-sialkot-11393741,5500000.0,2021.0,75000,1000.0,Automatic,Petrol,Sialkot,Individual,main_ad_11393741,Automatic,4/23/2026 0:03,used-car,https://www.pakwheels.com/used-cars/search/-/,,,
Changan Oshan X7  2025 Comfort for Sale,https://www.pakwheels.com/used-cars/changan-oshan-x7-2025-for-sale-in-faisalabad-11393737,8450000.0,2025.0,6800,1500.0,Automatic,Petrol,Faisalabad,Individual,main_ad_11393737,Automatic,4/23/2026 0:03,used-car,https://www.pakwheels.com/used-cars/search/-/,,,
Hyundai Tucson  2020 FWD A/T GLS Sport for Sale,https://www.pakwheels.com/used-cars/hyundai-tucson-2020-for-sale-in-lahore-11393733,6400000.0,2020.0,54000,2000.0,Automatic,Petrol,Lahore,Individual,main_ad_11393733,Automatic,4/23/2026 0:03,used-car,https://www.pakwheels.com/used-cars/search/-/,,,
Suzuki Alto  2022 VXR for Sale,https://www.pakwheels.com/used-cars/suzuki-alto-2022-for-sale-in-rawalpindi-11393735,2685000.0,2022.0,50000,1000.0,Manual,Petrol,Rawalpindi,Individual,main_ad_11393735,Manual,4/23/2026 0:03,used-car,https://www.pakwheels.com/used-cars/search/-/,,,
Toyota Corolla  2011 Altis Cruisetronic 1.6 for Sale,https://www.pakwheels.com/used-cars/toyota-corolla-2011-for-sale-in-peshawar-11393731,3300000.0,2011.0,120000,1600.0,Automatic,Petrol,Peshawar,Individual,main_ad_11393731,Automatic,4/23/2026 0:03,used-car,https://www.pakwheels.com/used-cars/search/-/,,,
Honda CR-Z  2011  for Sale,https://www.pakwheels.com/used-cars/honda-cr-z-2011-for-sale-in-lahore-11393730,2975000.0,2011.0,80000,1500.0,Automatic,Hybrid,Lahore,Individual,main_ad_11393730,Automatic,4/23/2026 0:03,used-car,https://www.pakwheels.com/used-cars/search/-/,,,
Adam Revo  2017  for Sale,https://www.pakwheels.com/used-cars/adam-revo-2017-for-sale-in-karachi-11393729,9500000.0,2017.0,78000,3000.0,Automatic,Diesel,Karachi,Individual,main_ad_11393729,Automatic,4/23/2026 0:03,used-car,https://www.pakwheels.com/used-cars/search/-/,,,
Honda City  2000 EXi for Sale,https://www.pakwheels.com/used-cars/honda-city-2000-for-sale-in-multan-11393727,1170000.0,2000.0,160000,1300.0,Manual,Petrol,Multan,Individual,main_ad_11393727,Manual,4/23/2026 0:03,used-car,https://www.pakwheels.com/used-cars/search/-/,,,
Toyota Corolla  2010 GLi 1.3 VVTi for Sale,https://www.pakwheels.com/used-cars/toyota-corolla-2010-for-sale-in-sargodha-11365221,3500000.0,2010.0,127000,1300.0,Manual,Petrol,Sargodha,Individual,main_ad_11365221,Manual,4/23/2026 0:03,used-car,https://www.pakwheels.com/used-cars/search/-/,,,
Chevrolet Joy  2008 1.0 for Sale,https://www.pakwheels.com/used-cars/chevrolet-joy-2008-for-sale-in-sialkot-11393725,960000.0,2008.0,208595,1000.0,Manual,Petrol,Sialkot,Individual,main_ad_11393725,Manual,4/23/2026 0:03,used-car,https://www.pakwheels.com/used-cars/search/-/,,,
KIA Picanto  2022 1.0 MT for Sale,https://www.pakwheels.com/used-cars/kia-picanto-2022-for-sale-in-karachi-11063187,2680000.0,2022.0,55000,1000.0,Manual,Petrol,Karachi,Individual,main_ad_11063187,Manual,4/23/2026 0:03,used-car,https://www.pakwheels.com/used-cars/search/-/,,,
Toyota Corolla  2020 Altis Automatic 1.6 for Sale,https://www.pakwheels.com/used-cars/toyota-corolla-2020-for-sale-in-multan-11393724,5250000.0,2020.0,88100,1600.0,Automatic,Petrol,Multan,Individual,main_ad_11393724,Automatic,4/23/2026 0:03,used-car,https://www.pakwheels.com/used-cars/search/-/,,,
Suzuki Mehran  2005 VX (CNG) for Sale,https://www.pakwheels.com/used-cars/suzuki-mehran-2005-for-sale-in-rawalpindi-11393723,919999.9999999999,2005.0,37990,800.0,Manual,Petrol,Rawalpindi,Individual,main_ad_11393723,Manual,4/23/2026 0:03,used-car,https://www.pakwheels.com/used-cars/search/-/,,,
Nissan March  2007 Rafeet for Sale,https://www.pakwheels.com/used-cars/nissan-march-2007-for-sale-in-lahore-11393720,1725000.0,2007.0,150000,1400.0,Automatic,Petrol,Lahore,Individual,main_ad_11393720,Automatic,4/23/2026 0:03,used-car,https://www.pakwheels.com/used-cars/search/-/,,,
Toyota Yaris Sedan  2020 ATIV CVT 1.3 for Sale,https://www.pakwheels.com/used-cars/toyota-yaris-sedan-2020-for-sale-in-karachi-11393721,3800000.0,2020.0,49000,1300.0,Automatic,Petrol,Karachi,Individual,main_ad_11393721,Automatic,4/23/2026 0:03,used-car,https://www.pakwheels.com/used-cars/search/-/,,,
Honda City 5th (GM2) Generation 2015 1.3 i-VTEC for Sale,https://www.pakwheels.com/used-cars/honda-city-2015-for-sale-in-lahore-11393717,2610000.0,2015.0,150000,1300.0,Manual,Petrol,Lahore,Individual,main_ad_11393717,Manual,4/23/2026 0:03,used-car,https://www.pakwheels.com/used-cars/search/-/,,,
Honda City  2018 Aspire 1.3 i-VTEC for Sale,https://www.pakwheels.com/used-cars/honda-city-2018-for-sale-in-faisalabad-11190036,3379999.9999999995,2018.0,128000,1300.0,Manual,Petrol,Faisalabad,Individual,main_ad_11190036,Manual,4/23/2026 0:03,used-car,https://www.pakwheels.com/used-cars/search/-/,,,
KIA Sorento  2021 2.4 FWD for Sale9.2/10,https://www.pakwheels.com/used-cars/kia-sorento-2021-for-sale-in-karachi-11318453,6800000.0,2021.0,43497,2400.0,Automatic,Petrol,Karachi,Individual,main_ad_11318453,Automatic,4/23/2026 0:03,used-car,https://www.pakwheels.com/used-cars/search/-/,,,
Honda Civic  2002 VTi Oriel Prosmatec 1.6 for Sale,https://www.pakwheels.com/used-cars/honda-civic-2002-for-sale-in-islamabad-11393427,1825000.0,2002.0,165000,1600.0,Automatic,Petrol,Islamabad,Individual,main_ad_11393427,Automatic,4/23/2026 0:03,used-car,https://www.pakwheels.com/used-cars/search/-/,,,
Honda Vezel  2019 Hybrid Z for Sale,https://www.pakwheels.com/used-cars/honda-vezel-2019-for-sale-in-peshawar-11393435,6750000.0,2019.0,180000,1500.0,Automatic,Hybrid,Peshawar,Individual,main_ad_11393435,Automatic,4/23/2026 0:03,used-car,https://www.pakwheels.com/used-cars/search/-/,,,
MG HS  2021 1.5 Turbo for Sale,https://www.pakwheels.com/used-cars/mg-hs-2021-for-sale-in-lahore-10752164,6000000.0,2021.0,50000,1490.0,Automatic,Petrol,Lahore,Individual,main_ad_10752164,Automatic,4/23/2026 0:03,used-car,https://www.pakwheels.com/used-cars/search/-/,,,
Daihatsu Rocky  2020 Premium G for Sale,https://www.pakwheels.com/used-cars/daihatsu-rocky-2020-for-sale-in-karachi-10936850,5800000.0,2020.0,49000,1000.0,Automatic,Petrol,Karachi,Individual,main_ad_10936850,4 Grade,4/23/2026 0:03,used-car,https://www.pakwheels.com/used-cars/search/-/,,,
KIA Sportage  2020 FWD for Sale,https://www.pakwheels.com/used-cars/kia-sportage-2020-for-sale-in-lahore-11354119,6350000.0,2020.0,95000,2000.0,Automatic,Petrol,Lahore,Individual,main_ad_11354119,Automatic,4/23/2026 0:03,used-car,https://www.pakwheels.com/used-cars/search/-/,,,
Toyota Prado  2022 TX L Package 2.8 D for Sale,https://www.pakwheels.com/used-cars/toyota-prado-2022-for-sale-in-lahore-11393432,37800000.0,2022.0,40000,2800.0,Automatic,Diesel,Lahore,Individual,main_ad_11393432,Automatic,4/23/2026 0:03,used-car,https://www.pakwheels.com/used-cars/search/-/,,,
Toyota Fortuner  2023 Legender  for Sale,https://www.pakwheels.com/used-cars/toyota-fortuner-2023-for-sale-in-karachi-11393424,17200000.0,2023.0,60000,2800.0,Automatic,Diesel,Karachi,Individual,main_ad_11393424,Automatic,4/23/2026 0:03,used-car,https://www.pakwheels.com/used-cars/search/-/,,,
Toyota Fortuner  2023 GR-S for Sale,https://www.pakwheels.com/used-cars/toyota-fortuner-2023-for-sale-in-lahore-11393420,19000000.0,2023.0,41000,2800.0,Automatic,Diesel,Lahore,Individual,main_ad_11393420,Automatic,4/23/2026 0:03,used-car,https://www.pakwheels.com/used-cars/search/-/,,,
Toyota Yaris Cross  2021 Hybrid Z for Sale,https://www.pakwheels.com/used-cars/toyota-yaris-cross-2021-for-sale-in-islamabad-11384473,9000000.0,2021.0,29500,1500.0,Automatic,Hybrid,Islamabad,Individual,main_ad_11384473,Automatic,4/23/2026 0:03,used-car,https://www.pakwheels.com/used-cars/search/-/,,,
Honda Civic  2018 Oriel 1.8 i-VTEC CVT for Sale,https://www.pakwheels.com/used-cars/honda-civic-2018-for-sale-in-lahore-11378269,5290000.0,2018.0,120000,1800.0,Automatic,Petrol,Lahore,Individual,main_ad_11378269,Automatic,4/23/2026 0:03,used-car,https://www.pakwheels.com/used-cars/search/-/,,,
Honda City 5th (GM2) Generation 2020 Aspire Prosmatec 1.5 i-VTEC for Sale,https://www.pakwheels.com/used-cars/honda-city-2020-for-sale-in-islamabad-11376937,4150000.0,2020.0,100000,1500.0,Automatic,Petrol,Islamabad,Individual,main_ad_11376937,Automatic,4/23/2026 0:03,used-car,https://www.pakwheels.com/used-cars/search/-/,,,
KIA Stonic  2025 EX+ for Sale,https://www.pakwheels.com/used-cars/kia-stonic-2025-for-sale-in-islamabad-11393715,5750000.0,2025.0,17900,1400.0,Automatic,Petrol,Islamabad,Individual,main_ad_11393715,Automatic,4/23/2026 0:03,used-car,https://www.pakwheels.com/used-cars/search/-/,,,
Daihatsu Terios  2011 4x2 Automatic for Sale,https://www.pakwheels.com/used-cars/daihatsu-terios-2011-for-sale-in-mandra-11389930,3600000.0,2011.0,111000,1500.0,Automatic,Petrol,Mandra,Individual,main_ad_11389930,Automatic,4/23/2026 0:03,used-car,https://www.pakwheels.com/used-cars/search/-/,,,
Haval H6  2025 HEV for Sale,https://www.pakwheels.com/used-cars/haval-h6-2025-for-sale-in-gujrat-11393714,11800000.0,2025.0,10000,1500.0,Automatic,Hybrid,Gujrat,Individual,main_ad_11393714,Automatic,4/23/2026 0:03,used-car,https://www.pakwheels.com/used-cars/search/-/,,,
Toyota Corolla Axio  2007 X 1.5 for Sale,https://www.pakwheels.com/used-cars/toyota-corolla-axio-2007-for-sale-in-rawalpindi-11393711,2980000.0,2007.0,150000,1500.0,Automatic,Petrol,Rawalpindi,Individual,main_ad_11393711,Automatic,4/23/2026 0:03,used-car,https://www.pakwheels.com/used-cars/search/-/,,,
Toyota Pixis Epoch  2016 X for Sale,https://www.pakwheels.com/used-cars/toyota-pixis-epoch-2016-for-sale-in-hyderabad-11393710,2200000.0,2016.0,150000,660.0,Automatic,Petrol,Hyderabad,Individual,main_ad_11393710,Automatic,4/23/2026 0:03,used-car,https://www.pakwheels.com/used-cars/search/-/,,,
Suzuki Cultus  2022 VXR for Sale,https://www.pakwheels.com/used-cars/suzuki-cultus-2022-for-sale-in-karachi-11393707,3250000.0,2022.0,26000,1000.0,Manual,Petrol,Karachi,Individual,main_ad_11393707,Manual,4/23/2026 0:03,used-car,https://www.pakwheels.com/used-cars/search/-/,,,
Suzuki Cultus  2019 VXL for Sale,https://www.pakwheels.com/used-cars/suzuki-cultus-2019-for-sale-in-lahore-11393706,2900000.0,2019.0,38000,1000.0,Manual,Petrol,Lahore,Individual,main_ad_11393706,Manual,4/23/2026 0:03,used-car,https://www.pakwheels.com/used-cars/search/-/,,,
Suzuki Alto  2005 VXR for Sale,https://www.pakwheels.com/used-cars/suzuki-alto-2005-for-sale-in-karachi-11383894,950000.0,2005.0,85000,1000.0,Manual,Petrol,Karachi,Individual,main_ad_11383894,Manual,4/23/2026 0:03,used-car,https://www.pakwheels.com/used-cars/search/-/,,,
Daihatsu Hijet  2018 Special for Sale,https://www.pakwheels.com/used-cars/daihatsu-hijet-2018-for-sale-in-karachi-10985094,2400000.0,2018.0,124266,660.0,Automatic,Petrol,Karachi,Individual,main_ad_10985094,Automatic,4/23/2026 0:03,used-car,https://www.pakwheels.com/used-cars/search/-/,,,
Mitsubishi Pajero Mini  1995 VR for Sale,https://www.pakwheels.com/used-cars/mitsubishi-pajero-mini-1995-for-sale-in-wah-cantt-11393698,1250000.0,1995.0,1,660.0,Manual,Petrol,Wah cantt,Individual,main_ad_11393698,Manual,4/23/2026 0:03,used-car,https://www.pakwheels.com/used-cars/search/-/,,,
Adam Revo  2020 1051cc for Sale,https://www.pakwheels.com/used-cars/adam-revo-2020-for-sale-in-peshawar-11393687,11500000.0,2020.0,59000,1051.0,Automatic,Diesel,Peshawar,Individual,main_ad_11393687,Automatic,4/23/2026 0:03,used-car,https://www.pakwheels.com/used-cars/search/-/,,,
Hyundai Tucson  2022 AWD A/T Ultimate for Sale,https://www.pakwheels.com/used-cars/hyundai-tucson-2022-for-sale-in-lahore-11393682,7200000.0,2022.0,65000,2000.0,Automatic,Petrol,Lahore,Individual,main_ad_11393682,Automatic,4/23/2026 0:03,used-car,https://www.pakwheels.com/used-cars/search/-/,,,
Suzuki Mehran  2016 VXR Euro II for Sale,https://www.pakwheels.com/used-cars/suzuki-mehran-2016-for-sale-in-islamabad-11393685,1300000.0,2016.0,69000,796.0,Manual,Petrol,Islamabad,Individual,main_ad_11393685,Manual,4/23/2026 0:03,used-car,https://www.pakwheels.com/used-cars/search/-/,,,
KIA Sportage L  2025 HEV for Sale,https://www.pakwheels.com/used-cars/kia-sportage-l-2025-for-sale-in-islamabad-11393689,10800000.0,2025.0,23000,1600.0,Automatic,Hybrid,Islamabad,Individual,main_ad_11393689,Automatic,4/23/2026 0:03,used-car,https://www.pakwheels.com/used-cars/search/-/,,,
United Bravo  2019 Base Grade  for Sale,https://www.pakwheels.com/used-cars/united-bravo-2019-for-sale-in-karachi-11393694,775000.0,2019.0,60000,800.0,Manual,LPG,Karachi,Individual,main_ad_11393694,Manual,4/23/2026 0:03,used-car,https://www.pakwheels.com/used-cars/search/-/,,,
Toyota Cami  2004 Q for Sale,https://www.pakwheels.com/used-cars/toyota-cami-2004-for-sale-in-mansehra-11393690,1800000.0,2004.0,300000,1300.0,Manual,Petrol,Mansehra,Individual,main_ad_11393690,Manual,4/23/2026 0:03,used-car,https://www.pakwheels.com/used-cars/search/-/,,,
Suzuki Mehran  2006 VX for Sale,https://www.pakwheels.com/used-cars/suzuki-mehran-2006-for-sale-in-lahore-11393447,630000.0,2006.0,150000,800.0,Manual,Petrol,Lahore,Individual,main_ad_11393447,Manual,4/23/2026 0:03,used-car,https://www.pakwheels.com/used-cars/search/-/,,,
Honda City 5th (GM2) Generation 2018 1.3 i-VTEC for Sale,https://www.pakwheels.com/used-cars/honda-city-2018-for-sale-in-faisalabad-11393688,3450000.0,2018.0,111000,1300.0,Manual,Petrol,Faisalabad,Individual,main_ad_11393688,Manual,4/23/2026 0:03,used-car,https://www.pakwheels.com/used-cars/search/-/,,,
Honda City 5th (GM2) Generation 2019 1.3 i-VTEC for Sale,https://www.pakwheels.com/used-cars/honda-city-2019-for-sale-in-lahore-11393686,3840000.0,2019.0,105000,1300.0,Manual,Petrol,Lahore,Individual,main_ad_11393686,Manual,4/23/2026 0:03,used-car,https://www.pakwheels.com/used-cars/search/-/,,,
MG HS  2021 1.5 Turbo for Sale,https://www.pakwheels.com/used-cars/mg-hs-2021-for-sale-in-islamabad-11336018,5750000.0,2021.0,96000,1490.0,Automatic,Petrol,Islamabad,Individual,main_ad_11336018,Automatic,4/23/2026 0:03,used-car,https://www.pakwheels.com/used-cars/search/-/,,,
Toyota Prado  2021 TX L Package 2.7 for Sale,https://www.pakwheels.com/used-cars/toyota-prado-2021-for-sale-in-rawalpindi-11393255,28500000.0,2021.0,61500,2700.0,Automatic,Petrol,Rawalpindi,Individual,main_ad_11393255,Automatic,4/23/2026 0:03,used-car,https://www.pakwheels.com/used-cars/search/-/,,,
Haval H6  2024 HEV for Sale,https://www.pakwheels.com/used-cars/haval-h6-2024-for-sale-in-lahore-11393375,10800000.0,2024.0,41000,1500.0,Automatic,Hybrid,Lahore,Individual,main_ad_11393375,Automatic,4/23/2026 0:03,used-car,https://www.pakwheels.com/used-cars/search/-/,,,
Nissan Pino  2007 S for Sale,https://www.pakwheels.com/used-cars/nissan-pino-2007-for-sale-in-islamabad-11390509,1850000.0,2007.0,135000,660.0,Automatic,Petrol,Islamabad,Individual,main_ad_11390509,Automatic,4/23/2026 0:03,used-car,https://www.pakwheels.com/used-cars/search/-/,,,
Honda City 5th (GM2) Generation 2016 Aspire 1.3 i-VTEC for Sale9.6/10,https://www.pakwheels.com/used-cars/honda-city-2016-for-sale-in-faisalabad-11350758,3650000.0,2016.0,111636,1300.0,Manual,Petrol,Faisalabad,Individual,main_ad_11350758,Manual,4/23/2026 0:03,used-car,https://www.pakwheels.com/used-cars/search/-/,,,
Peugeot 2008  2023 Allure for Sale9.6/10,https://www.pakwheels.com/used-cars/peugeot-2008-2023-for-sale-in-karachi-11204751,6300000.0,2023.0,3948,1200.0,Automatic,Petrol,Karachi,Individual,main_ad_11204751,Automatic,4/23/2026 0:03,used-car,https://www.pakwheels.com/used-cars/search/-/,,,
Toyota Surf  2003 SSR-X 2.7 for Sale,https://www.pakwheels.com/used-cars/toyota-surf-2003-for-sale-in-karachi-11384471,7580000.0,2003.0,83000,2700.0,Automatic,Petrol,Karachi,Individual,main_ad_11384471,Automatic,4/23/2026 0:03,used-car,https://www.pakwheels.com/used-cars/search/-/,,,
Honda Civic  2016 Turbo 1.5 VTEC CVT for Sale7.6/10,https://www.pakwheels.com/used-cars/honda-civic-2016-for-sale-in-karachi-11393281,4500000.0,2016.0,54482,1500.0,Automatic,Petrol,Karachi,Individual,main_ad_11393281,Automatic,4/23/2026 0:03,used-car,https://www.pakwheels.com/used-cars/search/-/,,,
Daihatsu Mira  2019 X SA lll for Sale8.1/10,https://www.pakwheels.com/used-cars/daihatsu-mira-2019-for-sale-in-karachi-11200100,3300000.0,2019.0,80389,660.0,Automatic,Petrol,Karachi,Individual,main_ad_11200100,4.5 Grade,4/23/2026 0:03,used-car,https://www.pakwheels.com/used-cars/search/-/,,,
Toyota Hilux  2013 Invincible for Sale,https://www.pakwheels.com/used-cars/toyota-hilux-2013-for-sale-in-lahore-11305719,7500000.0,2013.0,170000,2400.0,Automatic,Diesel,Lahore,Individual,main_ad_11305719,Automatic,4/23/2026 0:03,used-car,https://www.pakwheels.com/used-cars/search/-/,,,
Toyota Raize  2020 Z for Sale9.9/10,https://www.pakwheels.com/used-cars/toyota-raize-2020-for-sale-in-karachi-11350700,6250000.0,2020.0,30581,1000.0,Automatic,Petrol,Karachi,Individual,main_ad_11350700,4.5 Grade,4/23/2026 0:03,used-car,https://www.pakwheels.com/used-cars/search/-/,,,
Suzuki Liana  2006 LXi for Sale,https://www.pakwheels.com/used-cars/suzuki-liana-2006-for-sale-in-lahore-11393684,1475000.0,2006.0,118000,1300.0,Manual,Petrol,Lahore,Individual,main_ad_11393684,Manual,4/23/2026 0:03,used-car,https://www.pakwheels.com/used-cars/search/-/,,,
Toyota Corolla  2022 Altis Grande X CVT-i 1.8 Beige Interior for Sale,https://www.pakwheels.com/used-cars/toyota-corolla-2022-for-sale-in-bahawalpur-11393679,6900000.0,2022.0,45000,1800.0,Automatic,Petrol,Bahawalpur,Individual,main_ad_11393679,Automatic,4/23/2026 0:03,used-car,https://www.pakwheels.com/used-cars/search/-/,,,
Toyota Corolla  2022 Altis 1.6 X CVT-i Special Edition for Sale,https://www.pakwheels.com/used-cars/toyota-corolla-2022-for-sale-in-rawalpindi-11393681,6300000.0,2022.0,61000,1600.0,Automatic,Petrol,Rawalpindi,Individual,main_ad_11393681,Automatic,4/23/2026 0:03,used-car,https://www.pakwheels.com/used-cars/search/-/,,,
Honda Civic Rebirth 2013 VTi Oriel Prosmatec 1.8 i-VTEC for Sale,https://www.pakwheels.com/used-cars/honda-civic-2013-for-sale-in-karachi-11393678,3500000.0,2013.0,136000,1800.0,Automatic,Petrol,Karachi,Individual,main_ad_11393678,Automatic,4/23/2026 0:03,used-car,https://www.pakwheels.com/used-cars/search/-/,,,
Toyota Yaris Hatchback  2023 X for Sale,https://www.pakwheels.com/used-cars/toyota-yaris-hatchback-2023-for-sale-in-lahore-11041932,4650000.0,2023.0,46000,1000.0,Automatic,Petrol,Lahore,Individual,main_ad_11041932,Automatic,4/23/2026 0:03,used-car,https://www.pakwheels.com/used-cars/search/-/,,,
Haval H6  2024 HEV for Sale,https://www.pakwheels.com/used-cars/haval-h6-2024-for-sale-in-lahore-11393674,10600000.0,2024.0,47000,1500.0,Automatic,Hybrid,Lahore,Individual,main_ad_11393674,Automatic,4/23/2026 0:03,used-car,https://www.pakwheels.com/used-cars/search/-/,,,
Suzuki Swift  2022 GL Manual for Sale,https://www.pakwheels.com/used-cars/suzuki-swift-2022-for-sale-in-karachi-11393673,3750000.0,2022.0,55700,1200.0,Manual,Petrol,Karachi,Individual,main_ad_11393673,Manual,4/23/2026 0:03,used-car,https://www.pakwheels.com/used-cars/search/-/,,,
Honda City  2008 i-DSI for Sale,https://www.pakwheels.com/used-cars/honda-city-2008-for-sale-in-rawalpindi-11393668,2300000.0,2008.0,128321,1300.0,Manual,Petrol,Rawalpindi,Individual,main_ad_11393668,Manual,4/23/2026 0:03,used-car,https://www.pakwheels.com/used-cars/search/-/,,,
Haval H6  2026 1.5T for Sale,https://www.pakwheels.com/used-cars/haval-h6-2026-for-sale-in-sadiqabad-11393670,9850000.0,2026.0,4300,1500.0,Automatic,Petrol,Sadiqabad,Individual,main_ad_11393670,Automatic,4/23/2026 0:03,used-car,https://www.pakwheels.com/used-cars/search/-/,,,
Suzuki Cultus  2018 VXR for Sale,https://www.pakwheels.com/used-cars/suzuki-cultus-2018-for-sale-in-karachi-11277987,2400000.0,2018.0,65000,1000.0,Manual,Petrol,Karachi,Individual,main_ad_11277987,Manual,4/23/2026 0:03,used-car,https://www.pakwheels.com/used-cars/search/-/,,,
Suzuki Alto  2021 VXR for Sale,https://www.pakwheels.com/used-cars/suzuki-alto-2021-for-sale-in-karachi-11393671,2350000.0,2021.0,78000,660.0,Manual,Petrol,Karachi,Individual,main_ad_11393671,Manual,4/23/2026 0:03,used-car,https://www.pakwheels.com/used-cars/search/-/,,,
Suzuki Alto  2021 VXL AGS for Sale,https://www.pakwheels.com/used-cars/suzuki-alto-2021-for-sale-in-quetta-11393669,2680000.0,2021.0,40000,660.0,Automatic,Petrol,Quetta,Individual,main_ad_11393669,Automatic,4/23/2026 0:03,used-car,https://www.pakwheels.com/used-cars/search/-/,,,
Toyota Corolla  2008 XLi for Sale,https://www.pakwheels.com/used-cars/toyota-corolla-2008-for-sale-in-islamabad-11334922,2520000.0,2008.0,146000,1300.0,Manual,Petrol,Islamabad,Individual,main_ad_11334922,Manual,4/23/2026 0:03,used-car,https://www.pakwheels.com/used-cars/search/-/,,,
Haval H6  2024 HEV for Sale,https://www.pakwheels.com/used-cars/haval-h6-2024-for-sale-in-islamabad-11393666,11100000.000000002,2024.0,33000,1500.0,Automatic,Hybrid,Islamabad,Individual,main_ad_11393666,Automatic,4/23/2026 0:03,used-car,https://www.pakwheels.com/used-cars/search/-/,,,
Toyota Vitz  2002  for Sale,https://www.pakwheels.com/used-cars/toyota-vitz-2002-for-sale-in-islamabad-11393664,1950000.0,2002.0,160000,1000.0,Automatic,Petrol,Islamabad,Individual,main_ad_11393664,Automatic,4/23/2026 0:03,used-car,https://www.pakwheels.com/used-cars/search/-/,,,
Honda Civic Reborn 2007 VTi Prosmatec 1.8 i-VTEC for Sale,https://www.pakwheels.com/used-cars/honda-civic-2007-for-sale-in-rawalpindi-11393663,2300000.0,2007.0,177173,1800.0,Automatic,Petrol,Rawalpindi,Individual,main_ad_11393663,Automatic,4/23/2026 0:03,used-car,https://www.pakwheels.com/used-cars/search/-/,,,
Suzuki Swift  2022 GLX CVT for Sale,https://www.pakwheels.com/used-cars/suzuki-swift-2022-for-sale-in-lahore-11393662,4390000.0,2022.0,5000,1200.0,Automatic,Petrol,Lahore,Individual,main_ad_11393662,Automatic,4/23/2026 0:03,used-car,https://www.pakwheels.com/used-cars/search/-/,,,
Honda Civic  2022 1.5 RS Turbo for Sale,https://www.pakwheels.com/used-cars/honda-civic-2022-for-sale-in-karachi-11393660,9000000.0,2022.0,4800,1500.0,Automatic,Petrol,Karachi,Individual,main_ad_11393660,Automatic,4/23/2026 0:03,used-car,https://www.pakwheels.com/used-cars/search/-/,,,
Haval H6  2025 PHEV for Sale,https://www.pakwheels.com/used-cars/haval-h6-2025-for-sale-in-sialkot-11383531,13100000.0,2025.0,7000,1500.0,Automatic,PHEV,Sialkot,Individual,main_ad_11383531,Automatic,4/23/2026 0:03,used-car,https://www.pakwheels.com/used-cars/search/-/,,,
Honda Vezel  2025  for Sale,https://www.pakwheels.com/used-cars/honda-vezel-2025-for-sale-in-lahore-11393658,7200000.0,2025.0,1,1500.0,Automatic,Hybrid,Lahore,Individual,main_ad_11393658,Automatic,4/23/2026 0:03,used-car,https://www.pakwheels.com/used-cars/search/-/,,,
Toyota Corolla  2022 Altis Grande X CVT-i 1.8 Black Interior for Sale8.7/10,https://www.pakwheels.com/used-cars/toyota-corolla-2022-for-sale-in-lahore-11312638,7100000.0,2022.0,51952,1800.0,Automatic,Petrol,Lahore,Individual,main_ad_11312638,Automatic,4/23/2026 0:03,used-car,https://www.pakwheels.com/used-cars/search/-/,,,
Honda City 6th Generation 2021 1.5L ASPIRE CVT for Sale,https://www.pakwheels.com/used-cars/honda-city-2021-for-sale-in-rawalpindi-11348898,4895000.0,2021.0,70000,1500.0,Automatic,Petrol,Rawalpindi,Individual,main_ad_11348898,Automatic,4/23/2026 0:03,used-car,https://www.pakwheels.com/used-cars/search/-/,,,
MG HS  2021 Trophy for Sale,https://www.pakwheels.com/used-cars/mg-hs-2021-for-sale-in-islamabad-11360428,6189000.0,2021.0,50000,1500.0,Automatic,Petrol,Islamabad,Individual,main_ad_11360428,Automatic,4/23/2026 0:03,used-car,https://www.pakwheels.com/used-cars/search/-/,,,
Lexus RX Series  2011 450h for Sale8.3/10,https://www.pakwheels.com/used-cars/lexus-rx-series-2011-for-sale-in-lahore-11393275,7200000.0,2011.0,205481,3500.0,Automatic,Hybrid,Lahore,Individual,main_ad_11393275,4.5 Grade,4/23/2026 0:03,used-car,https://www.pakwheels.com/used-cars/search/-/,,,
Toyota Corolla  2015 GLi Automatic 1.3 VVTi for Sale8.8/10,https://www.pakwheels.com/used-cars/toyota-corolla-2015-for-sale-in-lahore-11200090,4730000.0,2015.0,35312,1300.0,Automatic,Petrol,Lahore,Individual,main_ad_11200090,Automatic,4/23/2026 0:03,used-car,https://www.pakwheels.com/used-cars/search/-/,,,
KIA Stonic  2025 EX for Sale,https://www.pakwheels.com/used-cars/kia-stonic-2025-for-sale-in-lahore-11393145,4850000.0,2025.0,5700,1400.0,Automatic,Petrol,Lahore,Individual,main_ad_11393145,Automatic,4/23/2026 0:03,used-car,https://www.pakwheels.com/used-cars/search/-/,,,
Suzuki Baleno  2004 JXR for Sale5.3/10,https://www.pakwheels.com/used-cars/suzuki-baleno-2004-for-sale-in-rawalpindi-11294689,1150000.0,2004.0,312497,1300.0,Manual,Petrol,Rawalpindi,Individual,main_ad_11294689,Manual,4/23/2026 0:03,used-car,https://www.pakwheels.com/used-cars/search/-/,,,
KIA Sorento  2021 2.4 FWD for Sale,https://www.pakwheels.com/used-cars/kia-sorento-2021-for-sale-in-multan-11393334,7200000.0,2021.0,62000,2400.0,Automatic,Petrol,Multan,Individual,main_ad_11393334,Automatic,4/23/2026 0:03,used-car,https://www.pakwheels.com/used-cars/search/-/,,,
Hyundai Elantra  2023 GL for Sale9.1/10,https://www.pakwheels.com/used-cars/hyundai-elantra-2023-for-sale-in-karachi-11294675,5800000.0,2023.0,23468,1600.0,Automatic,Petrol,Karachi,Individual,main_ad_11294675,Automatic,4/23/2026 0:03,used-car,https://www.pakwheels.com/used-cars/search/-/,,,
Toyota Corolla Cross  2025 1.8 HEV X for Sale9.8/10,https://www.pakwheels.com/used-cars/toyota-corolla-cross-2025-for-sale-in-rawalpindi-11217984,8800000.0,2025.0,48068,1800.0,Automatic,Hybrid,Rawalpindi,Individual,main_ad_11217984,Automatic,4/23/2026 0:03,used-car,https://www.pakwheels.com/used-cars/search/-/,,,
Honda Civic Rebirth 2013 VTi 1.8 i-VTEC for Sale,https://www.pakwheels.com/used-cars/honda-civic-2013-for-sale-in-lahore-11393328,3550000.0,2013.0,110000,1800.0,Manual,Petrol,Lahore,Individual,main_ad_11393328,Manual,4/23/2026 0:03,used-car,https://www.pakwheels.com/used-cars/search/-/,,,
Hyundai Elantra  2025 2.0 Limited Edition for Sale9.8/10,https://www.pakwheels.com/used-cars/hyundai-elantra-2025-for-sale-in-islamabad-11346462,6950000.0,2025.0,7024,2000.0,Automatic,Petrol,Islamabad,Individual,main_ad_11346462,Automatic,4/23/2026 0:03,used-car,https://www.pakwheels.com/used-cars/search/-/,,,
Toyota Yaris Sedan  2021 ATIV X CVT 1.5 for Sale,https://www.pakwheels.com/used-cars/toyota-yaris-sedan-2021-for-sale-in-lahore-11393649,4850000.0,2021.0,35700,1500.0,Automatic,Petrol,Lahore,Individual,main_ad_11393649,Automatic,4/23/2026 0:03,used-car,https://www.pakwheels.com/used-cars/search/-/,,,
Honda City 5th (GM2) Generation 2020 1.3 i-VTEC for Sale,https://www.pakwheels.com/used-cars/honda-city-2020-for-sale-in-toba-tek-singh-11377426,3850000.0,2020.0,59000,1300.0,Manual,Petrol,Toba Tek Singh,Individual,main_ad_11377426,Manual,4/23/2026 0:03,used-car,https://www.pakwheels.com/used-cars/search/-/,,,
Suzuki Wagon R  2019 VXR for Sale,https://www.pakwheels.com/used-cars/suzuki-wagon-r-2019-for-sale-in-multan-11393643,2400000.0,2019.0,127000,1000.0,Manual,Petrol,Multan,Individual,main_ad_11393643,Manual,4/23/2026 0:03,used-car,https://www.pakwheels.com/used-cars/search/-/,,,
Suzuki Mehran  1993 VXR for Sale,https://www.pakwheels.com/used-cars/suzuki-mehran-1993-for-sale-in-lahore-11393642,420000.0,1993.0,500000,800.0,Manual,Petrol,Lahore,Individual,main_ad_11393642,Manual,4/23/2026 0:03,used-car,https://www.pakwheels.com/used-cars/search/-/,,,
Daihatsu Cuore  2008 CX Eco for Sale,https://www.pakwheels.com/used-cars/daihatsu-cuore-2008-for-sale-in-lahore-11393641,1050000.0,2008.0,165000,800.0,Manual,Petrol,Lahore,Individual,main_ad_11393641,Manual,4/23/2026 0:03,used-car,https://www.pakwheels.com/used-cars/search/-/,,,
Honda Vezel  2015  for Sale,https://www.pakwheels.com/used-cars/honda-vezel-2015-for-sale-in-lahore-11393636,4450000.0,2015.0,179000,1500.0,Automatic,Petrol,Lahore,Individual,main_ad_11393636,Automatic,4/23/2026 0:03,used-car,https://www.pakwheels.com/used-cars/search/-/,,,
Suzuki Alto  2004 VXR for Sale,https://www.pakwheels.com/used-cars/suzuki-alto-2004-for-sale-in-bhera-11393640,740000.0,2004.0,200000,1000.0,Manual,Petrol,Bhera,Individual,main_ad_11393640,Manual,4/23/2026 0:03,used-car,https://www.pakwheels.com/used-cars/search/-/,,,
Toyota Corolla  2016 GLi Automatic 1.3 VVTi for Sale,https://www.pakwheels.com/used-cars/toyota-corolla-2016-for-sale-in-lahore-11393639,3950000.0,2016.0,92000,1300.0,Automatic,Petrol,Lahore,Individual,main_ad_11393639,Automatic,4/23/2026 0:03,used-car,https://www.pakwheels.com/used-cars/search/-/,,,
Honda City 5th (GM2) Generation 2016 Aspire 1.5 i-VTEC for Sale,https://www.pakwheels.com/used-cars/honda-city-2016-for-sale-in-lahore-11393638,3750000.0,2016.0,100000,1500.0,Manual,Petrol,Lahore,Individual,main_ad_11393638,Manual,4/23/2026 0:03,used-car,https://www.pakwheels.com/used-cars/search/-/,,,
Honda Civic 11th Generation 2023 RS for Sale,https://www.pakwheels.com/used-cars/honda-civic-2023-for-sale-in-peshawar-11393629,8500000.0,2023.0,54000,1500.0,Automatic,Petrol,Peshawar,Individual,main_ad_11393629,Automatic,4/23/2026 0:03,used-car,https://www.pakwheels.com/used-cars/search/-/,,,
Toyota Corolla  2020 Altis Automatic 1.6 for Sale,https://www.pakwheels.com/used-cars/toyota-corolla-2020-for-sale-in-gujranwala-11393626,5350000.0,2020.0,100000,1600.0,Automatic,Petrol,Gujranwala,Individual,main_ad_11393626,Automatic,4/23/2026 0:03,used-car,https://www.pakwheels.com/used-cars/search/-/,,,
Toyota Yaris Sedan  2022 ATIV MT 1.3 for Sale,https://www.pakwheels.com/used-cars/toyota-yaris-sedan-2022-for-sale-in-bahawalnagar-11393635,4430000.0,2022.0,52000,1300.0,Manual,Petrol,Bahawalnagar,Individual,main_ad_11393635,Manual,4/23/2026 0:03,used-car,https://www.pakwheels.com/used-cars/search/-/,,,
Toyota Corolla  2013 XLi VVTi Limited Edition for Sale,https://www.pakwheels.com/used-cars/toyota-corolla-2013-for-sale-in-islamabad-11393346,2800000.0,2013.0,148000,1300.0,Manual,Petrol,Islamabad,Individual,main_ad_11393346,Manual,4/23/2026 0:03,used-car,https://www.pakwheels.com/used-cars/search/-/,,,
Toyota Prius  2008 S 1.5 for Sale,https://www.pakwheels.com/used-cars/toyota-prius-2008-for-sale-in-peshawar-11393633,3100000.0,2008.0,298000,1500.0,Automatic,Hybrid,Peshawar,Individual,main_ad_11393633,Automatic,4/23/2026 0:03,used-car,https://www.pakwheels.com/used-cars/search/-/,,,
Toyota Corolla  2012 Altis 1.6 for Sale,https://www.pakwheels.com/used-cars/toyota-corolla-2012-for-sale-in-rawalpindi-11393631,3375000.0,2012.0,170000,1600.0,Manual,Petrol,Rawalpindi,Individual,main_ad_11393631,Manual,4/23/2026 0:03,used-car,https://www.pakwheels.com/used-cars/search/-/,,,
Honda City 6th Generation 2021 1.2L M/T for Sale,https://www.pakwheels.com/used-cars/honda-city-2021-for-sale-in-islamabad-11393628,4300000.0,2021.0,39000,1200.0,Manual,Petrol,Islamabad,Individual,main_ad_11393628,Manual,4/23/2026 0:03,used-car,https://www.pakwheels.com/used-cars/search/-/,,,
Toyota Corolla Axio  2007 G for Sale,https://www.pakwheels.com/used-cars/toyota-corolla-axio-2007-for-sale-in-rawalpindi-11232150,3450000.0,2007.0,175000,1500.0,Automatic,Petrol,Rawalpindi,Individual,main_ad_11232150,Automatic,4/23/2026 0:03,used-car,https://www.pakwheels.com/used-cars/search/-/,,,
Suzuki Margalla  1998 GL Plus for Sale,https://www.pakwheels.com/used-cars/suzuki-margalla-1998-for-sale-in-faisalabad-11278499,625000.0,1998.0,100000,1300.0,Manual,Petrol,Faisalabad,Individual,main_ad_11278499,Manual,4/23/2026 0:03,used-car,https://www.pakwheels.com/used-cars/search/-/,,,
Toyota Corolla  2017 GLi 1.3 VVTi for Sale,https://www.pakwheels.com/used-cars/toyota-corolla-2017-for-sale-in-jalalpur-jattan-11393624,4200000.0,2017.0,95000,1300.0,Manual,Petrol,Jalalpur Jattan,Individual,main_ad_11393624,Manual,4/23/2026 0:03,used-car,https://www.pakwheels.com/used-cars/search/-/,,,
Suzuki Baleno  2003 JXR for Sale,https://www.pakwheels.com/used-cars/suzuki-baleno-2003-for-sale-in-islamabad-11393622,1070000.0,2003.0,999,1300.0,Manual,Petrol,Islamabad,Individual,main_ad_11393622,Manual,4/23/2026 0:03,used-car,https://www.pakwheels.com/used-cars/search/-/,,,
United Bravo  2019 Base Grade  for Sale4.5/10,https://www.pakwheels.com/used-cars/united-bravo-2019-for-sale-in-lahore-11253557,1050000.0,2019.0,38949,800.0,Manual,Petrol,Lahore,Individual,main_ad_11253557,Manual,4/23/2026 0:04,used-car,https://www.pakwheels.com/used-cars/search/-/,,,
Honda Civic  2018 Oriel 1.8 i-VTEC CVT for Sale7.8/10,https://www.pakwheels.com/used-cars/honda-civic-2018-for-sale-in-islamabad-11393273,5350000.0,2018.0,114587,1800.0,Automatic,Petrol,Islamabad,Individual,main_ad_11393273,Automatic,4/23/2026 0:04,used-car,https://www.pakwheels.com/used-cars/search/-/,,,
Mitsubishi Ek Wagon  2022 G for Sale,https://www.pakwheels.com/used-cars/mitsubishi-ek-wagon-2022-for-sale-in-gujranwala-11393320,3750000.0,2022.0,49035,660.0,Automatic,Petrol,Gujranwala,Individual,main_ad_11393320,Automatic,4/23/2026 0:04,used-car,https://www.pakwheels.com/used-cars/search/-/,,,
Suzuki Alto  2021 VX for Sale,https://www.pakwheels.com/used-cars/suzuki-alto-2021-for-sale-in-karachi-11393317,2300000.0,2021.0,36000,660.0,Manual,Petrol,Karachi,Individual,main_ad_11393317,Manual,4/23/2026 0:04,used-car,https://www.pakwheels.com/used-cars/search/-/,,,
Honda City 5th (GM2) Generation 2017 1.3 i-VTEC for Sale8.7/10,https://www.pakwheels.com/used-cars/honda-city-2017-for-sale-in-karachi-11350581,3400000.0,2017.0,39065,1300.0,Manual,Petrol,Karachi,Individual,main_ad_11350581,Manual,4/23/2026 0:04,used-car,https://www.pakwheels.com/used-cars/search/-/,,,
Toyota Corolla  2015 GLi Automatic 1.3 VVTi for Sale9/10,https://www.pakwheels.com/used-cars/toyota-corolla-2015-for-sale-in-islamabad-11294524,4500000.0,2015.0,99126,1300.0,Automatic,Petrol,Islamabad,Individual,main_ad_11294524,Automatic,4/23/2026 0:04,used-car,https://www.pakwheels.com/used-cars/search/-/,,,
Toyota Corolla  2010 XLi VVTi for Sale6.5/10,https://www.pakwheels.com/used-cars/toyota-corolla-2010-for-sale-in-karachi-11393285,2400000.0,2010.0,110199,1300.0,Manual,Petrol,Karachi,Individual,main_ad_11393285,Manual,4/23/2026 0:04,used-car,https://www.pakwheels.com/used-cars/search/-/,,,
Toyota Corolla  2018 Altis Automatic 1.6 for Sale8.6/10,https://www.pakwheels.com/used-cars/toyota-corolla-2018-for-sale-in-lahore-11331242,5100000.0,2018.0,62282,1600.0,Automatic,Petrol,Lahore,Individual,main_ad_11331242,Automatic,4/23/2026 0:04,used-car,https://www.pakwheels.com/used-cars/search/-/,,,
Toyota Corolla  2019 GLi Automatic 1.3 VVTi for Sale,https://www.pakwheels.com/used-cars/toyota-corolla-2019-for-sale-in-sargodha-11393616,4750000.0,2019.0,89000,1300.0,Automatic,Petrol,Sargodha,Individual,main_ad_11393616,Automatic,4/23/2026 0:04,used-car,https://www.pakwheels.com/used-cars/search/-/,,,
Honda Vezel  2015 Hybrid Z for Sale,https://www.pakwheels.com/used-cars/honda-vezel-2015-for-sale-in-islamabad-11393230,4550000.0,2015.0,173000,1500.0,Automatic,Hybrid,Islamabad,Individual,main_ad_11393230,Automatic,4/23/2026 0:04,used-car,https://www.pakwheels.com/used-cars/search/-/,,,
Suzuki Alto  2019 VX for Sale,https://www.pakwheels.com/used-cars/suzuki-alto-2019-for-sale-in-lahore-11393614,2200000.0,2019.0,90000,660.0,Manual,Petrol,Lahore,Individual,main_ad_11393614,Manual,4/23/2026 0:04,used-car,https://www.pakwheels.com/used-cars/search/-/,,,
Nissan Dayz  2022 Highway Star X ProPilot for Sale,https://www.pakwheels.com/used-cars/nissan-dayz-2022-for-sale-in-gujranwala-11393606,3625000.0,2022.0,35000,660.0,Automatic,Hybrid,Gujranwala,Individual,main_ad_11393606,Automatic,4/23/2026 0:04,used-car,https://www.pakwheels.com/used-cars/search/-/,,,
Nissan Bluebird Sylphy  2006 15S for Sale,https://www.pakwheels.com/used-cars/nissan-bluebird-sylphy-2006-for-sale-in-gujranwala-11393613,2610000.0,2006.0,102000,1500.0,Automatic,Petrol,Gujranwala,Individual,main_ad_11393613,Automatic,4/23/2026 0:04,used-car,https://www.pakwheels.com/used-cars/search/-/,,,
Toyota Corolla  2014 GLi 1.3 VVTi for Sale,https://www.pakwheels.com/used-cars/toyota-corolla-2014-for-sale-in-rawalpindi-11393599,340000.0,2014.0,33000,1300.0,Manual,Petrol,Rawalpindi,Individual,main_ad_11393599,Manual,4/23/2026 0:04,used-car,https://www.pakwheels.com/used-cars/search/-/,,,
Honda Vezel  2018 Hybrid RS Honda Sensing  for Sale,https://www.pakwheels.com/used-cars/honda-vezel-2018-for-sale-in-islamabad-11393596,7490000.000000001,2018.0,70000,1500.0,Automatic,Hybrid,Islamabad,Individual,main_ad_11393596,Automatic,4/23/2026 0:04,used-car,https://www.pakwheels.com/used-cars/search/-/,,,
Suzuki Alto  2026 VXR Upgraded for Sale,https://www.pakwheels.com/used-cars/suzuki-alto-2026-for-sale-in-hyderabad-11393598,3100000.0,2026.0,5,660.0,Manual,Petrol,Hyderabad,Individual,main_ad_11393598,Manual,4/23/2026 0:04,used-car,https://www.pakwheels.com/used-cars/search/-/,,,
Suzuki Cultus  2012  for Sale,https://www.pakwheels.com/used-cars/suzuki-cultus-2012-for-sale-in-karachi-11393595,1270000.0,2012.0,100000,1000.0,Manual,Petrol,Karachi,Individual,main_ad_11393595,Manual,4/23/2026 0:04,used-car,https://www.pakwheels.com/used-cars/search/-/,,,
Honda City  2007 i-DSI Vario for Sale,https://www.pakwheels.com/used-cars/honda-city-2007-for-sale-in-lahore-11389247,1700000.0,2007.0,99000,1300.0,Automatic,Petrol,Lahore,Individual,main_ad_11389247,Automatic,4/23/2026 0:04,used-car,https://www.pakwheels.com/used-cars/search/-/,,,
KIA Sportage  2022 AWD for Sale,https://www.pakwheels.com/used-cars/kia-sportage-2022-for-sale-in-sialkot-11211243,6900000.0,2022.0,71000,2000.0,Automatic,Petrol,Sialkot,Individual,main_ad_11211243,Automatic,4/23/2026 0:04,used-car,https://www.pakwheels.com/used-cars/search/-/,,,
Honda City 6th Generation 2022 1.5L ASPIRE CVT for Sale,https://www.pakwheels.com/used-cars/honda-city-2022-for-sale-in-lahore-11390412,5050000.0,2022.0,49500,1500.0,Automatic,Petrol,Lahore,Individual,main_ad_11390412,Automatic,4/23/2026 0:04,used-car,https://www.pakwheels.com/used-cars/search/-/,,,
Suzuki Alto  2024 VXR for Sale,https://www.pakwheels.com/used-cars/suzuki-alto-2024-for-sale-in-wazirabad-11393587,2800000.0,2024.0,19000,660.0,Manual,Petrol,Wazirabad,Individual,main_ad_11393587,Manual,4/23/2026 0:04,used-car,https://www.pakwheels.com/used-cars/search/-/,,,
Toyota Corolla  1986 GL Saloon for Sale,https://www.pakwheels.com/used-cars/toyota-corolla-1986-for-sale-in-peshawar-11192723,720000.0,1986.0,100000,1500.0,Automatic,LPG,Peshawar,Individual,main_ad_11192723,Automatic,4/23/2026 0:04,used-car,https://www.pakwheels.com/used-cars/search/-/,,,
Toyota Vitz  2017 F M Package 1.0 for Sale,https://www.pakwheels.com/used-cars/toyota-vitz-2017-for-sale-in-lahore-11393586,3700000.0,2017.0,111000,996.0,Automatic,Petrol,Lahore,Individual,main_ad_11393586,Automatic,4/23/2026 0:04,used-car,https://www.pakwheels.com/used-cars/search/-/,,,
Toyota Corolla  2016 GLi 1.3 VVTi for Sale,https://www.pakwheels.com/used-cars/toyota-corolla-2016-for-sale-in-mandi-bahauddin-11393585,3700000.0,2016.0,137000,1300.0,Manual,Petrol,Mandi bahauddin,Individual,main_ad_11393585,Manual,4/23/2026 0:04,used-car,https://www.pakwheels.com/used-cars/search/-/,,,
Daihatsu Tanto  2022  for Sale,https://www.pakwheels.com/used-cars/daihatsu-tanto-2022-for-sale-in-lahore-10945392,3595000.0000000005,2022.0,33000,660.0,Automatic,Petrol,Lahore,Individual,main_ad_10945392,Automatic,4/23/2026 0:04,used-car,https://www.pakwheels.com/used-cars/search/-/,,,
Toyota Vitz  2011 F 1.0 for Sale,https://www.pakwheels.com/used-cars/toyota-vitz-2011-for-sale-in-lahore-11393290,3050000.0,2011.0,95000,1000.0,Automatic,Petrol,Lahore,Individual,main_ad_11393290,Automatic,4/23/2026 0:04,used-car,https://www.pakwheels.com/used-cars/search/-/,,,
Suzuki Cultus  2014 EURO II for Sale,https://www.pakwheels.com/used-cars/suzuki-cultus-2014-for-sale-in-karachi-11387769,1550000.0,2014.0,100000,1000.0,Manual,Petrol,Karachi,Individual,main_ad_11387769,Manual,4/23/2026 0:04,used-car,https://www.pakwheels.com/used-cars/search/-/,,,
Toyota Prius  2017 PHV (Plug In Hybrid) for Sale8.5/10,https://www.pakwheels.com/used-cars/toyota-prius-2017-for-sale-in-lahore-11236055,8500000.0,2017.0,89340,1800.0,Automatic,PHEV,Lahore,Individual,main_ad_11236055,Automatic,4/23/2026 0:04,used-car,https://www.pakwheels.com/used-cars/search/-/,,,
Honda Civic  2019 Oriel 1.8 i-VTEC CVT for Sale,https://www.pakwheels.com/used-cars/honda-civic-2019-for-sale-in-karachi-11346543,5350000.0,2019.0,67000,1800.0,Automatic,Petrol,Karachi,Individual,main_ad_11346543,Automatic,4/23/2026 0:04,used-car,https://www.pakwheels.com/used-cars/search/-/,,,
KIA Sorento  2024 2.4 FWD for Sale9.5/10,https://www.pakwheels.com/used-cars/kia-sorento-2024-for-sale-in-karachi-11350365,8000000.0,2024.0,33866,2400.0,Automatic,Petrol,Karachi,Individual,main_ad_11350365,Automatic,4/23/2026 0:04,used-car,https://www.pakwheels.com/used-cars/search/-/,,,
Daihatsu Cast  2022 Style G Turbo for Sale8.7/10,https://www.pakwheels.com/used-cars/daihatsu-cast-2022-for-sale-in-peshawar-10983273,3850000.0,2022.0,42805,660.0,Automatic,Petrol,Peshawar,Individual,main_ad_10983273,Automatic,4/23/2026 0:04,used-car,https://www.pakwheels.com/used-cars/search/-/,,,
Mitsubishi Rvr  2010 G for Sale6.2/10,https://www.pakwheels.com/used-cars/mitsubishi-rvr-2010-for-sale-in-karachi-11392652,3750000.0,2010.0,125072,1800.0,Automatic,Petrol,Karachi,Individual,main_ad_11392652,R Grade,4/23/2026 0:04,used-car,https://www.pakwheels.com/used-cars/search/-/,,,
Suzuki Every  2020  for Sale,https://www.pakwheels.com/used-cars/suzuki-every-2020-for-sale-in-karachi-11393265,2930000.0,2020.0,116000,660.0,Automatic,Petrol,Karachi,Individual,main_ad_11393265,Automatic,4/23/2026 0:04,used-car,https://www.pakwheels.com/used-cars/search/-/,,,
Hyundai Sonata  2023 2.5 for Sale,https://www.pakwheels.com/used-cars/hyundai-sonata-2023-for-sale-in-lahore-11392871,9250000.0,2023.0,57000,2500.0,Automatic,Petrol,Lahore,Individual,main_ad_11392871,Automatic,4/23/2026 0:04,used-car,https://www.pakwheels.com/used-cars/search/-/,,,
Toyota Corolla  2011 GLi 1.3 VVTi for Sale5.8/10,https://www.pakwheels.com/used-cars/toyota-corolla-2011-for-sale-in-lahore-11294554,2800000.0,2011.0,184229,1300.0,Manual,Petrol,Lahore,Individual,main_ad_11294554,Manual,4/23/2026 0:04,used-car,https://www.pakwheels.com/used-cars/search/-/,,,
Daihatsu Taft  2021 G Turbo for Sale8.4/10,https://www.pakwheels.com/used-cars/daihatsu-taft-2021-for-sale-in-peshawar-10987529,4550000.0,2021.0,61509,660.0,Automatic,Petrol,Peshawar,Individual,main_ad_10987529,Automatic,4/23/2026 0:04,used-car,https://www.pakwheels.com/used-cars/search/-/,,,
Suzuki Hustler  2021  for Sale,https://www.pakwheels.com/used-cars/suzuki-hustler-2021-for-sale-in-gujrat-11393584,3350000.0,2021.0,65000,660.0,Automatic,Petrol,Gujrat,Individual,main_ad_11393584,Automatic,4/23/2026 0:04,used-car,https://www.pakwheels.com/used-cars/search/-/,,,
Changan Karvaan  2020 Base Model 1.0 for Sale,https://www.pakwheels.com/used-cars/changan-karvaan-2020-for-sale-in-karachi-10999786,2050000.0,2020.0,44000,1000.0,Manual,Petrol,Karachi,Individual,main_ad_10999786,Manual,4/23/2026 0:04,used-car,https://www.pakwheels.com/used-cars/search/-/,,,
Peugeot 2008  2022 Allure for Sale,https://www.pakwheels.com/used-cars/peugeot-2008-2022-for-sale-in-karachi-11393581,5850000.0,2022.0,48500,1200.0,Automatic,Petrol,Karachi,Individual,main_ad_11393581,Automatic,4/23/2026 0:04,used-car,https://www.pakwheels.com/used-cars/search/-/,,,
Suzuki Cultus  2007 VXR (CNG) for Sale,https://www.pakwheels.com/used-cars/suzuki-cultus-2007-for-sale-in-peshawar-11393580,700000.0,2007.0,200000,1000.0,Manual,CNG,Peshawar,Individual,main_ad_11393580,Manual,4/23/2026 0:04,used-car,https://www.pakwheels.com/used-cars/search/-/,,,
Suzuki Swift  2011 DLX 1.3 for Sale,https://www.pakwheels.com/used-cars/suzuki-swift-2011-for-sale-in-lahore-11393579,1980000.0,2011.0,123000,1300.0,Manual,Petrol,Lahore,Individual,main_ad_11393579,Manual,4/23/2026 0:04,used-car,https://www.pakwheels.com/used-cars/search/-/,,,
Nissan Sunny  1990  for Sale,https://www.pakwheels.com/used-cars/nissan-sunny-1990-for-sale-in-chakwal-11393578,600000.0,1990.0,100000,1000.0,Manual,Petrol,Chakwal,Individual,main_ad_11393578,Manual,4/23/2026 0:04,used-car,https://www.pakwheels.com/used-cars/search/-/,,,
Honda City  2017 Aspire 1.5 i-VTEC for Sale,https://www.pakwheels.com/used-cars/honda-city-2017-for-sale-in-sheikhupura-11393577,3650000.0,2017.0,118600,1500.0,Manual,Petrol,Sheikhupura,Individual,main_ad_11393577,Manual,4/23/2026 0:04,used-car,https://www.pakwheels.com/used-cars/search/-/,,,
Daihatsu Hijet  2020 Deluxe SA III A/T for Sale,https://www.pakwheels.com/used-cars/daihatsu-hijet-2020-for-sale-in-karachi-11393576,2450000.0,2020.0,104000,660.0,Automatic,Petrol,Karachi,Individual,main_ad_11393576,Automatic,4/23/2026 0:04,used-car,https://www.pakwheels.com/used-cars/search/-/,,,
Hyundai Tucson  2020 AWD A/T Ultimate for Sale,https://www.pakwheels.com/used-cars/hyundai-tucson-2020-for-sale-in-karachi-11393494,6970000.0,2020.0,43000,2000.0,Automatic,Petrol,Karachi,Individual,main_ad_11393494,Automatic,4/23/2026 0:04,used-car,https://www.pakwheels.com/used-cars/search/-/,,,
Suzuki Alto  2008 VXR for Sale,https://www.pakwheels.com/used-cars/suzuki-alto-2008-for-sale-in-quetta-11393570,1150000.0,2008.0,146337,1000.0,Manual,Petrol,Quetta,Individual,main_ad_11393570,Manual,4/23/2026 0:04,used-car,https://www.pakwheels.com/used-cars/search/-/,,,
Toyota Corolla  2013 GLi Limited Edition 1.3 VVTi for Sale,https://www.pakwheels.com/used-cars/toyota-corolla-2013-for-sale-in-rawalpindi-11125589,3220000.0000000005,2013.0,119000,1300.0,Manual,Petrol,Rawalpindi,Individual,main_ad_11125589,Manual,4/23/2026 0:04,used-car,https://www.pakwheels.com/used-cars/search/-/,,,
Suzuki Cultus  2016 Limited Edition for Sale,https://www.pakwheels.com/used-cars/suzuki-cultus-2016-for-sale-in-rawalpindi-11393565,2250000.0,2016.0,115000,1000.0,Manual,Petrol,Rawalpindi,Individual,main_ad_11393565,Manual,4/23/2026 0:04,used-car,https://www.pakwheels.com/used-cars/search/-/,,,
Toyota Corolla  2018 GLi 1.3 VVTi for Sale,https://www.pakwheels.com/used-cars/toyota-corolla-2018-for-sale-in-chichawatni-11264487,3850000.0,2018.0,217000,1300.0,Manual,Petrol,Chichawatni,Individual,main_ad_11264487,Manual,4/23/2026 0:04,used-car,https://www.pakwheels.com/used-cars/search/-/,,,
Suzuki Mehran  2008 VX (CNG) for Sale,https://www.pakwheels.com/used-cars/suzuki-mehran-2008-for-sale-in-lahore-11393560,785000.0,2008.0,80000,800.0,Manual,LPG,Lahore,Individual,main_ad_11393560,Manual,4/23/2026 0:04,used-car,https://www.pakwheels.com/used-cars/search/-/,,,
Toyota Yaris Sedan  2023 ATIV CVT 1.3 for Sale,https://www.pakwheels.com/used-cars/toyota-yaris-sedan-2023-for-sale-in-karachi-11393564,4650000.0,2023.0,40000,1300.0,Automatic,Petrol,Karachi,Individual,main_ad_11393564,Automatic,4/23/2026 0:04,used-car,https://www.pakwheels.com/used-cars/search/-/,,,
Toyota Corolla  2018 Altis Automatic 1.6 for Sale,https://www.pakwheels.com/used-cars/toyota-corolla-2018-for-sale-in-islamabad-11393562,5100000.0,2018.0,71500,1600.0,Automatic,Petrol,Islamabad,Individual,main_ad_11393562,Automatic,4/23/2026 0:04,used-car,https://www.pakwheels.com/used-cars/search/-/,,,
Suzuki Cultus  2007 VXRi for Sale,https://www.pakwheels.com/used-cars/suzuki-cultus-2007-for-sale-in-islamabad-11393561,1500000.0,2007.0,142000,1000.0,Manual,Petrol,Islamabad,Individual,main_ad_11393561,Manual,4/23/2026 0:04,used-car,https://www.pakwheels.com/used-cars/search/-/,,,
Honda Accord  2007 CL9 for Sale,https://www.pakwheels.com/used-cars/honda-accord-2007-for-sale-in-rawalpindi-11234024,2700000.0,2007.0,338509,2400.0,Automatic,Petrol,Rawalpindi,Individual,main_ad_11234024,Automatic,4/23/2026 0:04,used-car,https://www.pakwheels.com/used-cars/search/-/,,,
Toyota Corolla  2024 Altis 1.6 X CVT-i for Sale,https://www.pakwheels.com/used-cars/toyota-corolla-2024-for-sale-in-lahore-11393241,6350000.0,2024.0,50000,1600.0,Automatic,Petrol,Lahore,Individual,main_ad_11393241,Automatic,4/23/2026 0:04,used-car,https://www.pakwheels.com/used-cars/search/-/,,,
Honda City 5th (GM2) Generation 2020 1.3 i-VTEC Prosmatec for Sale,https://www.pakwheels.com/used-cars/honda-city-2020-for-sale-in-lahore-11387743,4125000.0,2020.0,49890,1300.0,Automatic,Petrol,Lahore,Individual,main_ad_11387743,Automatic,4/23/2026 0:04,used-car,https://www.pakwheels.com/used-cars/search/-/,,,
Hyundai Sonata  2021 2.5 for Sale9.5/10,https://www.pakwheels.com/used-cars/hyundai-sonata-2021-for-sale-in-islamabad-11201820,8450000.0,2021.0,59932,2500.0,Automatic,Petrol,Islamabad,Individual,main_ad_11201820,Automatic,4/23/2026 0:04,used-car,https://www.pakwheels.com/used-cars/search/-/,,,
Haval H6  2024 1.5T for Sale9.2/10,https://www.pakwheels.com/used-cars/haval-h6-2024-for-sale-in-lahore-11392595,9000000.0,2024.0,33953,1500.0,Automatic,Petrol,Lahore,Individual,main_ad_11392595,Automatic,4/23/2026 0:04,used-car,https://www.pakwheels.com/used-cars/search/-/,,,
Toyota Corolla  2025 Altis Grande X CVT-i 1.8 Black Interior for Sale,https://www.pakwheels.com/used-cars/toyota-corolla-2025-for-sale-in-islamabad-11393224,8050000.0,2025.0,7800,1800.0,Automatic,Petrol,Islamabad,Individual,main_ad_11393224,Automatic,4/23/2026 0:04,used-car,https://www.pakwheels.com/used-cars/search/-/,,,
Toyota Aqua  2018 S for Sale9/10,https://www.pakwheels.com/used-cars/toyota-aqua-2018-for-sale-in-lahore-11371122,5090000.0,2018.0,126547,1500.0,Automatic,Hybrid,Lahore,Individual,main_ad_11371122,4 Grade,4/23/2026 0:04,used-car,https://www.pakwheels.com/used-cars/search/-/,,,
Hyundai Elantra  2023 GL for Sale,https://www.pakwheels.com/used-cars/hyundai-elantra-2023-for-sale-in-islamabad-11313535,5850000.0,2023.0,28000,1600.0,Automatic,Petrol,Islamabad,Individual,main_ad_11313535,Automatic,4/23/2026 0:04,used-car,https://www.pakwheels.com/used-cars/search/-/,,,
Suzuki Bolan  2016 VX Euro II for Sale7.5/10,https://www.pakwheels.com/used-cars/suzuki-bolan-2016-for-sale-in-karachi-11350481,1350000.0,2016.0,53497,800.0,Manual,Petrol,Karachi,Individual,main_ad_11350481,Manual,4/23/2026 0:04,used-car,https://www.pakwheels.com/used-cars/search/-/,,,
Haval H6  2026 1.5T for Sale,https://www.pakwheels.com/used-cars/haval-h6-2026-for-sale-in-karachi-11393227,9950000.0,2026.0,3600,1500.0,Automatic,Petrol,Karachi,Individual,main_ad_11393227,Automatic,4/23/2026 0:04,used-car,https://www.pakwheels.com/used-cars/search/-/,,,
KIA Sorento  2024 3.5 FWD for Sale9.6/10,https://www.pakwheels.com/used-cars/kia-sorento-2024-for-sale-in-islamabad-11253488,9500000.0,2024.0,64310,3500.0,Automatic,Petrol,Islamabad,Individual,main_ad_11253488,Automatic,4/23/2026 0:04,used-car,https://www.pakwheels.com/used-cars/search/-/,,,
Toyota Hilux  2018 Revo V Automatic 3.0  for Sale,https://www.pakwheels.com/used-cars/toyota-hilux-2018-for-sale-in-karachi-11393220,9400000.0,2018.0,102535,3000.0,Automatic,Diesel,Karachi,Individual,main_ad_11393220,Automatic,4/23/2026 0:04,used-car,https://www.pakwheels.com/used-cars/search/-/,,,
Suzuki Swift  2023 GL Manual for Sale,https://www.pakwheels.com/used-cars/suzuki-swift-2023-for-sale-in-faisalabad-11393172,3950000.0,2023.0,46000,1200.0,Manual,Petrol,Faisalabad,Individual,main_ad_11393172,Manual,4/23/2026 0:04,used-car,https://www.pakwheels.com/used-cars/search/-/,,,
Suzuki Mehran  2010 VX for Sale,https://www.pakwheels.com/used-cars/suzuki-mehran-2010-for-sale-in-hafizabad-11170757,950000.0,2010.0,160,800.0,Manual,Petrol,Hafizabad,Individual,main_ad_11170757,Manual,4/23/2026 0:04,used-car,https://www.pakwheels.com/used-cars/search/-/,,,
Toyota Corolla  2020 GLi Automatic 1.3 VVTi for Sale,https://www.pakwheels.com/used-cars/toyota-corolla-2020-for-sale-in-gujrat-11393558,5500000.0,2020.0,107000,1300.0,Automatic,Petrol,Gujrat,Individual,main_ad_11393558,Automatic,4/23/2026 0:04,used-car,https://www.pakwheels.com/used-cars/search/-/,,,
Hyundai Tucson  2022 FWD A/T GLS Sport for Sale,https://www.pakwheels.com/used-cars/hyundai-tucson-2022-for-sale-in-chiniot-10040435,7150000.0,2022.0,42000,2000.0,Automatic,Petrol,Chiniot,Individual,main_ad_10040435,Automatic,4/23/2026 0:04,used-car,https://www.pakwheels.com/used-cars/search/-/,,,
Daihatsu Mira  2003  for Sale,https://www.pakwheels.com/used-cars/daihatsu-mira-2003-for-sale-in-karachi-11393547,1400000.0,2003.0,999990,660.0,Automatic,Petrol,Karachi,Individual,main_ad_11393547,Automatic,4/23/2026 0:04,used-car,https://www.pakwheels.com/used-cars/search/-/,,,
Suzuki Swift  2015 DLX Automatic 1.3 for Sale,https://www.pakwheels.com/used-cars/suzuki-swift-2015-for-sale-in-attock-11393557,2750000.0,2015.0,121800,1300.0,Automatic,Petrol,Attock,Individual,main_ad_11393557,Automatic,4/23/2026 0:04,used-car,https://www.pakwheels.com/used-cars/search/-/,,,
Toyota Corolla  2009 GLi 1.3 VVTi for Sale,https://www.pakwheels.com/used-cars/toyota-corolla-2009-for-sale-in-islamabad-11393554,2830000.0,2009.0,270000,1300.0,Manual,Petrol,Islamabad,Individual,main_ad_11393554,Manual,4/23/2026 0:04,used-car,https://www.pakwheels.com/used-cars/search/-/,,,
Suzuki Mehran  2018 VXR Euro II for Sale,https://www.pakwheels.com/used-cars/suzuki-mehran-2018-for-sale-in-lahore-11393552,1350000.0,2018.0,140000,796.0,Manual,Petrol,Lahore,Individual,main_ad_11393552,Manual,4/23/2026 0:04,used-car,https://www.pakwheels.com/used-cars/search/-/,,,
Toyota Corolla  2013 Altis SR Cruisetronic 1.6 for Sale,https://www.pakwheels.com/used-cars/toyota-corolla-2013-for-sale-in-islamabad-11393551,3850000.0,2013.0,178000,1600.0,Automatic,Petrol,Islamabad,Individual,main_ad_11393551,Automatic,4/23/2026 0:04,used-car,https://www.pakwheels.com/used-cars/search/-/,,,
Toyota C-HR  2019 G-LED for Sale,https://www.pakwheels.com/used-cars/toyota-c-hr-2019-for-sale-in-gujranwala-11393550,8500000.0,2019.0,69000,1800.0,Automatic,Hybrid,Gujranwala,Individual,main_ad_11393550,Automatic,4/23/2026 0:04,used-car,https://www.pakwheels.com/used-cars/search/-/,,,
Toyota Corolla  2023 Altis 1.6 X CVT-i Special Edition for Sale,https://www.pakwheels.com/used-cars/toyota-corolla-2023-for-sale-in-faisalabad-11393549,6550000.0,2023.0,33000,1600.0,Automatic,Petrol,Faisalabad,Individual,main_ad_11393549,Automatic,4/23/2026 0:04,used-car,https://www.pakwheels.com/used-cars/search/-/,,,
Suzuki Cultus  2017 VXL for Sale,https://www.pakwheels.com/used-cars/suzuki-cultus-2017-for-sale-in-multan-11393546,2390000.0,2017.0,85000,1000.0,Manual,Petrol,Multan,Individual,main_ad_11393546,Manual,4/23/2026 0:04,used-car,https://www.pakwheels.com/used-cars/search/-/,,,
Toyota Premio  2006 X EX 1.8 for Sale,https://www.pakwheels.com/used-cars/toyota-premio-2006-for-sale-in-islamabad-11393501,3225000.0,2006.0,272000,1800.0,Automatic,Petrol,Islamabad,Individual,main_ad_11393501,Automatic,4/23/2026 0:04,used-car,https://www.pakwheels.com/used-cars/search/-/,,,
Toyota Corolla  2021  for Sale,https://www.pakwheels.com/used-cars/toyota-corolla-2021-for-sale-in-okara-11393544,4900000.0,2021.0,47700,1600.0,Automatic,Petrol,Okara,Individual,main_ad_11393544,Automatic,4/23/2026 0:04,used-car,https://www.pakwheels.com/used-cars/search/-/,,,
Mitsubishi Pajero Mini  2007 Limited for Sale,https://www.pakwheels.com/used-cars/mitsubishi-pajero-mini-2007-for-sale-in-lahore-11367148,1575000.0,2007.0,125808,660.0,Automatic,Petrol,Lahore,Individual,main_ad_11367148,Automatic,4/23/2026 0:04,used-car,https://www.pakwheels.com/used-cars/search/-/,,,
Toyota Corolla  2012 GLi 1.3 VVTi for Sale,https://www.pakwheels.com/used-cars/toyota-corolla-2012-for-sale-in-dina-11393543,3100000.0,2012.0,200000,1300.0,Manual,Petrol,Dina,Individual,main_ad_11393543,Manual,4/23/2026 0:04,used-car,https://www.pakwheels.com/used-cars/search/-/,,,
Honda City 5th (GM2) Generation 2020 1.3 i-VTEC Prosmatec for Sale,https://www.pakwheels.com/used-cars/honda-city-2020-for-sale-in-lahore-11380493,3750000.0,2020.0,156400,1300.0,Automatic,Petrol,Lahore,Individual,main_ad_11380493,Automatic,4/23/2026 0:04,used-car,https://www.pakwheels.com/used-cars/search/-/,,,
Toyota Corolla  2011 GLi 1.3 VVTi for Sale,https://www.pakwheels.com/used-cars/toyota-corolla-2011-for-sale-in-peshawar-11393531,2650000.0,2011.0,140000,1300.0,Manual,Petrol,Peshawar,Individual,main_ad_11393531,Manual,4/23/2026 0:04,used-car,https://www.pakwheels.com/used-cars/search/-/,,,
Fiat Bravo  2020  for Sale,https://www.pakwheels.com/used-cars/fiat-bravo-2020-for-sale-in-rawalpindi-11393529,1200000.0,2020.0,60000,660.0,Automatic,Petrol,Rawalpindi,Individual,main_ad_11393529,Automatic,4/23/2026 0:04,used-car,https://www.pakwheels.com/used-cars/search/-/,,,
Mitsubishi Pajero Mini  2017  for Sale,https://www.pakwheels.com/used-cars/mitsubishi-pajero-mini-2017-for-sale-in-lahore-11388555,1750000.0,2017.0,95250,660.0,Automatic,Petrol,Lahore,Individual,main_ad_11388555,Automatic,4/23/2026 0:04,used-car,https://www.pakwheels.com/used-cars/search/-/,,,
Suzuki Wagon R  2016 VXL for Sale,https://www.pakwheels.com/used-cars/suzuki-wagon-r-2016-for-sale-in-lahore-11393534,2200000.0,2016.0,126000,1000.0,Manual,Petrol,Lahore,Individual,main_ad_11393534,Manual,4/23/2026 0:04,used-car,https://www.pakwheels.com/used-cars/search/-/,,,
Suzuki Cultus  2026 VXL for Sale,https://www.pakwheels.com/used-cars/suzuki-cultus-2026-for-sale-in-lahore-11392971,4450000.0,2026.0,50,1000.0,Manual,Petrol,Lahore,Individual,main_ad_11392971,Manual,4/23/2026 0:05,used-car,https://www.pakwheels.com/used-cars/search/-/,,,
Toyota Yaris Sedan  2021 ATIV MT 1.3 for Sale9.8/10,https://www.pakwheels.com/used-cars/toyota-yaris-sedan-2021-for-sale-in-lahore-11392589,4250000.0,2021.0,22365,1300.0,Manual,Petrol,Lahore,Individual,main_ad_11392589,Manual,4/23/2026 0:05,used-car,https://www.pakwheels.com/used-cars/search/-/,,,
Honda City 5th (GM2) Generation 2020 1.5 i-VTEC Prosmatec for Sale,https://www.pakwheels.com/used-cars/honda-city-2020-for-sale-in-gujrat-11393218,4390000.0,2020.0,23142,1500.0,Automatic,Petrol,Gujrat,Individual,main_ad_11393218,Automatic,4/23/2026 0:05,used-car,https://www.pakwheels.com/used-cars/search/-/,,,
Toyota Passo  2022 X S  for Sale,https://www.pakwheels.com/used-cars/toyota-passo-2022-for-sale-in-islamabad-10865032,4199000.0,2022.0,129000,1000.0,Automatic,Petrol,Islamabad,Individual,main_ad_10865032,Automatic,4/23/2026 0:05,used-car,https://www.pakwheels.com/used-cars/search/-/,,,
Suzuki Swift  2022 GL CVT for Sale,https://www.pakwheels.com/used-cars/suzuki-swift-2022-for-sale-in-lahore-11393196,3979999.9999999995,2022.0,67000,1200.0,Automatic,Petrol,Lahore,Individual,main_ad_11393196,Automatic,4/23/2026 0:05,used-car,https://www.pakwheels.com/used-cars/search/-/,,,
Mercedes Benz C Class  2019 C180 Exclusive for Sale9.4/10,https://www.pakwheels.com/used-cars/mercedes-benz-c-class-2019-for-sale-in-lahore-11094903,18500000.0,2019.0,44797,1600.0,Automatic,Petrol,Lahore,Individual,main_ad_11094903,Automatic,4/23/2026 0:05,used-car,https://www.pakwheels.com/used-cars/search/-/,,,
Suzuki Cultus  2022 VXR for Sale,https://www.pakwheels.com/used-cars/suzuki-cultus-2022-for-sale-in-islamabad-11393202,3450000.0,2022.0,60000,1000.0,Manual,Petrol,Islamabad,Individual,main_ad_11393202,Manual,4/23/2026 0:05,used-car,https://www.pakwheels.com/used-cars/search/-/,,,
Suzuki Swift  2018 DLX Automatic 1.3 Navigation for Sale8.3/10,https://www.pakwheels.com/used-cars/suzuki-swift-2018-for-sale-in-islamabad-11370476,3300000.0,2018.0,114955,1300.0,Automatic,Petrol,Islamabad,Individual,main_ad_11370476,Automatic,4/23/2026 0:05,used-car,https://www.pakwheels.com/used-cars/search/-/,,,
Honda City 5th (GM2) Generation 2020 1.5 i-VTEC Prosmatec for Sale,https://www.pakwheels.com/used-cars/honda-city-2020-for-sale-in-gujranwala-11393201,4390000.0,2020.0,22958,1500.0,Automatic,Petrol,Gujranwala,Individual,main_ad_11393201,Automatic,4/23/2026 0:05,used-car,https://www.pakwheels.com/used-cars/search/-/,,,
Toyota Aqua  2012 G for Sale,https://www.pakwheels.com/used-cars/toyota-aqua-2012-for-sale-in-lahore-11392571,3375000.0,2012.0,90000,1500.0,Automatic,Hybrid,Lahore,Individual,main_ad_11392571,Automatic,4/23/2026 0:05,used-car,https://www.pakwheels.com/used-cars/search/-/,,,
MG HS  2022  for Sale9.3/10,https://www.pakwheels.com/used-cars/mg-hs-2022-for-sale-in-karachi-11253469,6300000.0,2022.0,6234,1500.0,Automatic,Petrol,Karachi,Individual,main_ad_11253469,Automatic,4/23/2026 0:05,used-car,https://www.pakwheels.com/used-cars/search/-/,,,
Toyota Vitz  2013 F 1.0 for Sale,https://www.pakwheels.com/used-cars/toyota-vitz-2013-for-sale-in-lahore-11347543,2750000.0,2013.0,98600,1000.0,Automatic,Petrol,Lahore,Individual,main_ad_11347543,Automatic,4/23/2026 0:05,used-car,https://www.pakwheels.com/used-cars/search/-/,,,
Suzuki Alto  2025 VXR Upgraded for Sale,https://www.pakwheels.com/used-cars/suzuki-alto-2025-for-sale-in-karachi-11393528,2900000.0,2025.0,21000,660.0,Manual,Petrol,Karachi,Individual,main_ad_11393528,Manual,4/23/2026 0:05,used-car,https://www.pakwheels.com/used-cars/search/-/,,,
Honda Civic  2017 Oriel 1.8 i-VTEC CVT for Sale,https://www.pakwheels.com/used-cars/honda-civic-2017-for-sale-in-lahore-11393526,5195000.0,2017.0,123000,1800.0,Automatic,Petrol,Lahore,Individual,main_ad_11393526,Automatic,4/23/2026 0:05,used-car,https://www.pakwheels.com/used-cars/search/-/,,,
Toyota Corolla  2016 XLi VVTi for Sale,https://www.pakwheels.com/used-cars/toyota-corolla-2016-for-sale-in-lahore-11393525,3360000.0,2016.0,162500,1300.0,Manual,Petrol,Lahore,Individual,main_ad_11393525,Manual,4/23/2026 0:05,used-car,https://www.pakwheels.com/used-cars/search/-/,,,
Toyota Passo  2014  for Sale,https://www.pakwheels.com/used-cars/toyota-passo-2014-for-sale-in-gujranwala-11393521,2800000.0,2014.0,116000,1000.0,Automatic,Petrol,Gujranwala,Individual,main_ad_11393521,Automatic,4/23/2026 0:05,used-car,https://www.pakwheels.com/used-cars/search/-/,,,
Jetour Dashing  2026 Deluxe for Sale,https://www.pakwheels.com/used-cars/jetour-dashing-2026-for-sale-in-multan-11393517,8000000.0,2026.0,3500,1498.0,Automatic,Petrol,Multan,Individual,main_ad_11393517,Automatic,4/23/2026 0:05,used-car,https://www.pakwheels.com/used-cars/search/-/,,,
BMW 5 Series 5th (E60) Generation 2006 530d for Sale,https://www.pakwheels.com/used-cars/bmw-5-series-2006-for-sale-in-khanewal-11393488,5500000.0,2006.0,200,3000.0,Automatic,Diesel,Khanewal,Individual,main_ad_11393488,Automatic,4/23/2026 0:05,used-car,https://www.pakwheels.com/used-cars/search/-/,,,
Toyota Corolla  2012 GLi Automatic Limited Edition 1.6 VVTi for Sale,https://www.pakwheels.com/used-cars/toyota-corolla-2012-for-sale-in-peshawar-11393516,3700000.0,2012.0,120000,1600.0,Automatic,Petrol,Peshawar,Individual,main_ad_11393516,Automatic,4/23/2026 0:05,used-car,https://www.pakwheels.com/used-cars/search/-/,,,
Daihatsu Tanto  2013 Custom X for Sale,https://www.pakwheels.com/used-cars/daihatsu-tanto-2013-for-sale-in-lahore-11341195,1989999.9999999998,2013.0,124800,660.0,Automatic,Petrol,Lahore,Individual,main_ad_11341195,Automatic,4/23/2026 0:05,used-car,https://www.pakwheels.com/used-cars/search/-/,,,
Suzuki Cultus  2007 VXL for Sale,https://www.pakwheels.com/used-cars/suzuki-cultus-2007-for-sale-in-lahore-11393514,1050000.0,2007.0,100000,1000.0,Manual,Petrol,Lahore,Individual,main_ad_11393514,Manual,4/23/2026 0:05,used-car,https://www.pakwheels.com/used-cars/search/-/,,,
Suzuki Swift  2016 DLX 1.3 for Sale,https://www.pakwheels.com/used-cars/suzuki-swift-2016-for-sale-in-lahore-11393510,2400000.0,2016.0,125,1300.0,Manual,Petrol,Lahore,Individual,main_ad_11393510,Manual,4/23/2026 0:05,used-car,https://www.pakwheels.com/used-cars/search/-/,,,
Toyota Corolla  2012 GLi Limited Edition 1.3 VVTi for Sale,https://www.pakwheels.com/used-cars/toyota-corolla-2012-for-sale-in-lahore-11393496,3700000.0,2012.0,93000,1300.0,Manual,Petrol,Lahore,Individual,main_ad_11393496,Manual,4/23/2026 0:05,used-car,https://www.pakwheels.com/used-cars/search/-/,,,
Toyota Fortuner  2013 2.7 VVTi for Sale,https://www.pakwheels.com/used-cars/toyota-fortuner-2013-for-sale-in-lahore-11393503,7000000.0,2013.0,150000,2700.0,Automatic,Petrol,Lahore,Individual,main_ad_11393503,Automatic,4/23/2026 0:05,used-car,https://www.pakwheels.com/used-cars/search/-/,,,
Daihatsu Mira  2017 G SA III for Sale,https://www.pakwheels.com/used-cars/daihatsu-mira-2017-for-sale-in-vehari-11321946,2990000.0,2017.0,52000,660.0,Automatic,Petrol,Vehari,Individual,main_ad_11321946,Automatic,4/23/2026 0:05,used-car,https://www.pakwheels.com/used-cars/search/-/,,,
Honda Civic Rebirth 2014 VTi Oriel Prosmatec 1.8 i-VTEC for Sale,https://www.pakwheels.com/used-cars/honda-civic-2014-for-sale-in-mandi-bahauddin-11393499,3695000.0000000005,2014.0,129000,1800.0,Automatic,Petrol,Mandi bahauddin,Individual,main_ad_11393499,Automatic,4/23/2026 0:05,used-car,https://www.pakwheels.com/used-cars/search/-/,,,
Suzuki Mehran  2015 VXR Euro II for Sale,https://www.pakwheels.com/used-cars/suzuki-mehran-2015-for-sale-in-lahore-11190935,1150000.0,2015.0,63000,796.0,Manual,Petrol,Lahore,Individual,main_ad_11190935,Manual,4/23/2026 0:05,used-car,https://www.pakwheels.com/used-cars/search/-/,,,
Honda N Box  2021  for Sale,https://www.pakwheels.com/used-cars/honda-n-box-2021-for-sale-in-peshawar-11393498,2950000.0,2021.0,26000,660.0,Automatic,Petrol,Peshawar,Individual,main_ad_11393498,Automatic,4/23/2026 0:05,used-car,https://www.pakwheels.com/used-cars/search/-/,,,
Toyota Corolla  2015 GLi Automatic 1.3 VVTi for Sale,https://www.pakwheels.com/used-cars/toyota-corolla-2015-for-sale-in-lahore-11393492,4200000.0,2015.0,63000,1300.0,Automatic,Petrol,Lahore,Individual,main_ad_11393492,Automatic,4/23/2026 0:05,used-car,https://www.pakwheels.com/used-cars/search/-/,,,
Toyota Corolla  2016 Altis Automatic 1.6 for Sale8.3/10,https://www.pakwheels.com/used-cars/toyota-corolla-2016-for-sale-in-karachi-11299008,4100000.0,2016.0,96607,1600.0,Automatic,Petrol,Karachi,Individual,main_ad_11299008,Automatic,4/23/2026 0:05,used-car,https://www.pakwheels.com/used-cars/search/-/,,,
Suzuki Khyber  1994 GA for Sale,https://www.pakwheels.com/used-cars/suzuki-khyber-1994-for-sale-in-karachi-11392815,380000.0,1994.0,200000,1000.0,Manual,LPG,Karachi,Individual,main_ad_11392815,Manual,4/23/2026 0:05,used-car,https://www.pakwheels.com/used-cars/search/-/,,,
Honda City 5th (GM2) Generation 2020 Aspire Prosmatec 1.5 i-VTEC for Sale,https://www.pakwheels.com/used-cars/honda-city-2020-for-sale-in-rawalpindi-11393192,4450000.0,2020.0,53000,1500.0,Automatic,Petrol,Rawalpindi,Individual,main_ad_11393192,Automatic,4/23/2026 0:05,used-car,https://www.pakwheels.com/used-cars/search/-/,,,
Honda City 6th Generation 2022 1.5L ASPIRE CVT for Sale,https://www.pakwheels.com/used-cars/honda-city-2022-for-sale-in-jalalpur-pirwala-11135640,5050000.0,2022.0,62350,1500.0,Automatic,Petrol,Jalalpur Pirwala,Individual,main_ad_11135640,Automatic,4/23/2026 0:05,used-car,https://www.pakwheels.com/used-cars/search/-/,,,
KIA Sportage  2021 AWD for Sale,https://www.pakwheels.com/used-cars/kia-sportage-2021-for-sale-in-sialkot-10814505,6850000.0,2021.0,81500,2000.0,Automatic,Petrol,Sialkot,Individual,main_ad_10814505,Automatic,4/23/2026 0:05,used-car,https://www.pakwheels.com/used-cars/search/-/,,,
MG HS  2021 Trophy for Sale8.6/10,https://www.pakwheels.com/used-cars/mg-hs-2021-for-sale-in-lahore-11331179,6200000.0,2021.0,67336,1500.0,Automatic,Petrol,Lahore,Individual,main_ad_11331179,Automatic,4/23/2026 0:05,used-car,https://www.pakwheels.com/used-cars/search/-/,,,
Toyota Corolla  2022 Altis 1.6 X CVT-i for Sale9/10,https://www.pakwheels.com/used-cars/toyota-corolla-2022-for-sale-in-lahore-11392426,5600000.0,2022.0,58751,1600.0,Automatic,Petrol,Lahore,Individual,main_ad_11392426,Automatic,4/23/2026 0:05,used-car,https://www.pakwheels.com/used-cars/search/-/,,,
BMW 7 Series 4th (E65) Generation 2004 735i for Sale,https://www.pakwheels.com/used-cars/bmw-7-series-2004-for-sale-in-karachi-11393163,4800000.0,2004.0,100000,3600.0,Automatic,Petrol,Karachi,Individual,main_ad_11393163,Automatic,4/23/2026 0:05,used-car,https://www.pakwheels.com/used-cars/search/-/,,,
Toyota Corolla  2017 GLi 1.3 VVTi for Sale,https://www.pakwheels.com/used-cars/toyota-corolla-2017-for-sale-in-islamabad-11393165,3850000.0,2017.0,95000,1300.0,Manual,Petrol,Islamabad,Individual,main_ad_11393165,Manual,4/23/2026 0:05,used-car,https://www.pakwheels.com/used-cars/search/-/,,,
Honda Vezel  2019  for Sale,https://www.pakwheels.com/used-cars/honda-vezel-2019-for-sale-in-lahore-11393158,7295000.0,2019.0,61000,1500.0,Automatic,Petrol,Lahore,Individual,main_ad_11393158,Automatic,4/23/2026 0:05,used-car,https://www.pakwheels.com/used-cars/search/-/,,,
Honda Civic  2016 Oriel 1.8 i-VTEC CVT for Sale7.6/10,https://www.pakwheels.com/used-cars/honda-civic-2016-for-sale-in-lahore-11269888,4950000.0,2016.0,79525,1800.0,Automatic,Petrol,Lahore,Individual,main_ad_11269888,Automatic,4/23/2026 0:05,used-car,https://www.pakwheels.com/used-cars/search/-/,,,
Suzuki Alto  2007 E for Sale,https://www.pakwheels.com/used-cars/suzuki-alto-2007-for-sale-in-rawalpindi-11393491,900000.0,2007.0,50000,660.0,Automatic,Petrol,Rawalpindi,Individual,main_ad_11393491,Automatic,4/23/2026 0:05,used-car,https://www.pakwheels.com/used-cars/search/-/,,,
Suzuki Wagon R  2019 VXR for Sale,https://www.pakwheels.com/used-cars/suzuki-wagon-r-2019-for-sale-in-sialkot-11393485,1989999.9999999998,2019.0,90000,1000.0,Manual,Petrol,Sialkot,Individual,main_ad_11393485,Manual,4/23/2026 0:05,used-car,https://www.pakwheels.com/used-cars/search/-/,,,
Honda Civic  2017 1.8 i-VTEC CVT for Sale,https://www.pakwheels.com/used-cars/honda-civic-2017-for-sale-in-lahore-11393484,4700000.0,2017.0,128000,1800.0,Automatic,Petrol,Lahore,Individual,main_ad_11393484,Automatic,4/23/2026 0:05,used-car,https://www.pakwheels.com/used-cars/search/-/,,,
Honda Civic Rebirth 2013 VTi Oriel Prosmatec 1.8 i-VTEC for Sale,https://www.pakwheels.com/used-cars/honda-civic-2013-for-sale-in-islamabad-11389366,3180000.0,2013.0,68000,1800.0,Automatic,Petrol,Islamabad,Individual,main_ad_11389366,Automatic,4/23/2026 0:05,used-car,https://www.pakwheels.com/used-cars/search/-/,,,
Suzuki Cultus  2016 Limited Edition for Sale,https://www.pakwheels.com/used-cars/suzuki-cultus-2016-for-sale-in-islamabad-11393481,1889999.9999999998,2016.0,60000,1000.0,Manual,Petrol,Islamabad,Individual,main_ad_11393481,Manual,4/23/2026 0:05,used-car,https://www.pakwheels.com/used-cars/search/-/,,,
Toyota Corolla  2020 Altis Automatic 1.6 for Sale,https://www.pakwheels.com/used-cars/toyota-corolla-2020-for-sale-in-kamoke-11393479,4800000.0,2020.0,57600,1600.0,Automatic,Petrol,Kamoke,Individual,main_ad_11393479,Automatic,4/23/2026 0:05,used-car,https://www.pakwheels.com/used-cars/search/-/,,,
Honda City 5th (GM2) Generation 2013 Aspire Prosmatec 1.5 i-VTEC for Sale,https://www.pakwheels.com/used-cars/honda-city-2013-for-sale-in-islamabad-11389386,2670000.0,2013.0,67500,1500.0,Automatic,Petrol,Islamabad,Individual,main_ad_11389386,Automatic,4/23/2026 0:05,used-car,https://www.pakwheels.com/used-cars/search/-/,,,
Suzuki Bolan  2007 VX for Sale,https://www.pakwheels.com/used-cars/suzuki-bolan-2007-for-sale-in-murree-11393470,930000.0000000001,2007.0,55980,800.0,Manual,Petrol,Murree,Individual,main_ad_11393470,Manual,4/23/2026 0:05,used-car,https://www.pakwheels.com/used-cars/search/-/,,,
Toyota Vitz  2007 RS 1.5 for Sale,https://www.pakwheels.com/used-cars/toyota-vitz-2007-for-sale-in-faisalabad-11393478,2360000.0,2007.0,100000,1500.0,Automatic,Petrol,Faisalabad,Individual,main_ad_11393478,Automatic,4/23/2026 0:05,used-car,https://www.pakwheels.com/used-cars/search/-/,,,
Suzuki Wagon R  2022 VXL for Sale,https://www.pakwheels.com/used-cars/suzuki-wagon-r-2022-for-sale-in-lahore-11393476,3040000.0,2022.0,50961,1000.0,Manual,Petrol,Lahore,Individual,main_ad_11393476,Manual,4/23/2026 0:05,used-car,https://www.pakwheels.com/used-cars/search/-/,,,
Toyota Yaris Sedan  2021 ATIV X CVT 1.5 for Sale,https://www.pakwheels.com/used-cars/toyota-yaris-sedan-2021-for-sale-in-lahore-11393475,4500000.0,2021.0,290000,1500.0,Automatic,Petrol,Lahore,Individual,main_ad_11393475,Automatic,4/23/2026 0:05,used-car,https://www.pakwheels.com/used-cars/search/-/,,,
Toyota Corolla 8th (E110) Generation 1999 XE for Sale,https://www.pakwheels.com/used-cars/toyota-corolla-1999-for-sale-in-karachi-11393472,1150000.0,1999.0,200000,1300.0,Manual,Petrol,Karachi,Individual,main_ad_11393472,Manual,4/23/2026 0:05,used-car,https://www.pakwheels.com/used-cars/search/-/,,,
Suzuki Alto  2013 ECO-S for Sale,https://www.pakwheels.com/used-cars/suzuki-alto-2013-for-sale-in-peshawar-11393469,2240000.0,2013.0,87000,660.0,Automatic,Petrol,Peshawar,Individual,main_ad_11393469,Automatic,4/23/2026 0:05,used-car,https://www.pakwheels.com/used-cars/search/-/,,,
Suzuki Cultus  2006 VXR for Sale,https://www.pakwheels.com/used-cars/suzuki-cultus-2006-for-sale-in-lahore-11393468,985000.0,2006.0,100000,1000.0,Manual,Petrol,Lahore,Individual,main_ad_11393468,Manual,4/23/2026 0:05,used-car,https://www.pakwheels.com/used-cars/search/-/,,,
Suzuki Mehran  2011 VX for Sale,https://www.pakwheels.com/used-cars/suzuki-mehran-2011-for-sale-in-islamabad-11393467,1125000.0,2011.0,64000,800.0,Manual,Petrol,Islamabad,Individual,main_ad_11393467,Manual,4/23/2026 0:05,used-car,https://www.pakwheels.com/used-cars/search/-/,,,
Toyota Corolla Fielder  2006 X Special Edition for Sale,https://www.pakwheels.com/used-cars/toyota-corolla-fielder-2006-for-sale-in-rawalpindi-11393466,3250000.0,2006.0,150000,1500.0,Automatic,Petrol,Rawalpindi,Individual,main_ad_11393466,Automatic,4/23/2026 0:05,used-car,https://www.pakwheels.com/used-cars/search/-/,,,
Suzuki Alto  2005 E for Sale,https://www.pakwheels.com/used-cars/suzuki-alto-2005-for-sale-in-karachi-11393464,1100000.0,2005.0,30000,660.0,Automatic,Petrol,Karachi,Individual,main_ad_11393464,Automatic,4/23/2026 0:05,used-car,https://www.pakwheels.com/used-cars/search/-/,,,
Hyundai Tucson  2021 AWD A/T Ultimate for Sale,https://www.pakwheels.com/used-cars/hyundai-tucson-2021-for-sale-in-faisalabad-11393462,7150000.0,2021.0,60000,2000.0,Automatic,Petrol,Faisalabad,Individual,main_ad_11393462,Automatic,4/23/2026 0:05,used-car,https://www.pakwheels.com/used-cars/search/-/,,,
Honda Civic  2002 VTi 1.6 for Sale,https://www.pakwheels.com/used-cars/honda-civic-2002-for-sale-in-islamabad-11393461,160000.0,2002.0,300000,1600.0,Manual,Petrol,Islamabad,Individual,main_ad_11393461,Manual,4/23/2026 0:05,used-car,https://www.pakwheels.com/used-cars/search/-/,,,
Honda N Box  2023 Custom GL for Sale,https://www.pakwheels.com/used-cars/honda-n-box-2023-for-sale-in-lahore-11393456,3650000.0,2023.0,21000,660.0,Automatic,Petrol,Lahore,Individual,main_ad_11393456,Automatic,4/23/2026 0:05,used-car,https://www.pakwheels.com/used-cars/search/-/,,,
Daihatsu Cuore  2008 CL Eco for Sale7.4/10,https://www.pakwheels.com/used-cars/daihatsu-cuore-2008-for-sale-in-lahore-11253449,1250000.0,2008.0,145755,800.0,Manual,Petrol,Lahore,Individual,main_ad_11253449,Manual,4/23/2026 0:05,used-car,https://www.pakwheels.com/used-cars/search/-/,,,
Honda BR-V  2018 i-VTEC MT for Sale,https://www.pakwheels.com/used-cars/honda-br-v-2018-for-sale-in-faisalabad-11379184,3900000.0,2018.0,110000,1500.0,Manual,Petrol,Faisalabad,Individual,main_ad_11379184,Manual,4/23/2026 0:05,used-car,https://www.pakwheels.com/used-cars/search/-/,,,
Toyota Corolla  2026 Altis Grande X CVT-i 1.8 Black Interior for Sale10/10,https://www.pakwheels.com/used-cars/toyota-corolla-2026-for-sale-in-islamabad-11308218,8500000.0,2026.0,359,1800.0,Automatic,Petrol,Islamabad,Individual,main_ad_11308218,Automatic,4/23/2026 0:05,used-car,https://www.pakwheels.com/used-cars/search/-/,,,
Toyota Corolla  2015 Altis Grande CVT-i 1.8 for Sale,https://www.pakwheels.com/used-cars/toyota-corolla-2015-for-sale-in-karachi-11393151,4100000.0,2015.0,68000,1800.0,Automatic,Petrol,Karachi,Individual,main_ad_11393151,Automatic,4/23/2026 0:05,used-car,https://www.pakwheels.com/used-cars/search/-/,,,
FAW V2  2017 VCT-i for Sale,https://www.pakwheels.com/used-cars/faw-v2-2017-for-sale-in-karachi-11393097,1395000.0,2017.0,60000,1300.0,Manual,Petrol,Karachi,Individual,main_ad_11393097,Manual,4/23/2026 0:05,used-car,https://www.pakwheels.com/used-cars/search/-/,,,
Jetour Dashing  2026 Deluxe for Sale,https://www.pakwheels.com/used-cars/jetour-dashing-2026-for-sale-in-islamabad-11393108,8350000.0,2026.0,250,1498.0,Automatic,Petrol,Islamabad,Individual,main_ad_11393108,Automatic,4/23/2026 0:05,used-car,https://www.pakwheels.com/used-cars/search/-/,,,
Audi e-tron  2020 50 quattro 230 kW for Sale,https://www.pakwheels.com/used-cars/audi-e-tron-2020-for-sale-in-lahore-11393134,13600000.000000002,2020.0,60000,1300.0,Automatic,Electric,Lahore,Individual,main_ad_11393134,Automatic,4/23/2026 0:05,used-car,https://www.pakwheels.com/used-cars/search/-/,,,
Honda Civic  2016 Turbo 1.5 VTEC CVT for Sale8/10,https://www.pakwheels.com/used-cars/honda-civic-2016-for-sale-in-karachi-11371021,4800000.0,2016.0,54985,1500.0,Automatic,Petrol,Karachi,Individual,main_ad_11371021,Automatic,4/23/2026 0:05,used-car,https://www.pakwheels.com/used-cars/search/-/,,,
Honda City 6th Generation 2023 1.5L CVT for Sale7.5/10,https://www.pakwheels.com/used-cars/honda-city-2023-for-sale-in-islamabad-11312379,4700000.0,2023.0,73394,1500.0,Automatic,Petrol,Islamabad,Individual,main_ad_11312379,Automatic,4/23/2026 0:05,used-car,https://www.pakwheels.com/used-cars/search/-/,,,
KIA Sportage  2021 AWD for Sale,https://www.pakwheels.com/used-cars/kia-sportage-2021-for-sale-in-islamabad-11393125,6600000.0,2021.0,128000,2000.0,Automatic,Petrol,Islamabad,Individual,main_ad_11393125,Automatic,4/23/2026 0:05,used-car,https://www.pakwheels.com/used-cars/search/-/,,,
Daihatsu Move  2021 L SA 3 for Sale8.4/10,https://www.pakwheels.com/used-cars/daihatsu-move-2021-for-sale-in-islamabad-11232701,3500000.0,2021.0,117420,658.0,Automatic,Petrol,Islamabad,Individual,main_ad_11232701,Automatic,4/23/2026 0:05,used-car,https://www.pakwheels.com/used-cars/search/-/,,,
Hyundai Sonata  2023 2.5 for Sale,https://www.pakwheels.com/used-cars/hyundai-sonata-2023-for-sale-in-islamabad-11393124,9400000.0,2023.0,52000,2500.0,Automatic,Petrol,Islamabad,Individual,main_ad_11393124,Automatic,4/23/2026 0:05,used-car,https://www.pakwheels.com/used-cars/search/-/,,,
Honda Civic  2021 Oriel 1.8 i-VTEC CVT for Sale,https://www.pakwheels.com/used-cars/honda-civic-2021-for-sale-in-lahore-11393450,6350000.0,2021.0,55000,1800.0,Automatic,Petrol,Lahore,Individual,main_ad_11393450,Automatic,4/23/2026 0:05,used-car,https://www.pakwheels.com/used-cars/search/-/,,,
Suzuki Mehran  2014 VXR Euro II for Sale,https://www.pakwheels.com/used-cars/suzuki-mehran-2014-for-sale-in-islamabad-11393457,1450000.0,2014.0,14000,796.0,Manual,Petrol,Islamabad,Individual,main_ad_11393457,Manual,4/23/2026 0:05,used-car,https://www.pakwheels.com/used-cars/search/-/,,,
Adam Revo  2021  for Sale,https://www.pakwheels.com/used-cars/adam-revo-2021-for-sale-in-islamabad-11393455,11700000.0,2021.0,58000,2800.0,Automatic,Diesel,Islamabad,Individual,main_ad_11393455,Automatic,4/23/2026 0:05,used-car,https://www.pakwheels.com/used-cars/search/-/,,,
Toyota Corolla  2009 Altis Cruisetronic 1.8 for Sale,https://www.pakwheels.com/used-cars/toyota-corolla-2009-for-sale-in-islamabad-11393453,2600000.0,2009.0,100000,1800.0,Automatic,Petrol,Islamabad,Individual,main_ad_11393453,Automatic,4/23/2026 0:05,used-car,https://www.pakwheels.com/used-cars/search/-/,,,
Suzuki Cultus  2004 VXL (CNG) for Sale,https://www.pakwheels.com/used-cars/suzuki-cultus-2004-for-sale-in-islamabad-11393451,890000.0,2004.0,89000,1000.0,Manual,Petrol,Islamabad,Individual,main_ad_11393451,Manual,4/23/2026 0:05,used-car,https://www.pakwheels.com/used-cars/search/-/,,,
Honda City 5th (GM2) Generation 2010 1.3 i-VTEC for Sale,https://www.pakwheels.com/used-cars/honda-city-2010-for-sale-in-rawalpindi-11393442,2840000.0,2010.0,140000,1300.0,Manual,Petrol,Rawalpindi,Individual,main_ad_11393442,Manual,4/23/2026 0:05,used-car,https://www.pakwheels.com/used-cars/search/-/,,,
Toyota Platz  2003 F 1.0 for Sale,https://www.pakwheels.com/used-cars/toyota-platz-2003-for-sale-in-karachi-11393448,1700000.0,2003.0,133000,1000.0,Automatic,Petrol,Karachi,Individual,main_ad_11393448,Automatic,4/23/2026 0:05,used-car,https://www.pakwheels.com/used-cars/search/-/,,,
Suzuki Wagon R  2019 VXL for Sale,https://www.pakwheels.com/used-cars/suzuki-wagon-r-2019-for-sale-in-lahore-11393441,210000.0,2019.0,190000,1000.0,Manual,Petrol,Lahore,Individual,main_ad_11393441,Manual,4/23/2026 0:05,used-car,https://www.pakwheels.com/used-cars/search/-/,,,
Honda Civic  2017 Oriel 1.8 i-VTEC CVT for Sale,https://www.pakwheels.com/used-cars/honda-civic-2017-for-sale-in-karachi-11393439,4100000.0,2017.0,79000,1800.0,Automatic,Petrol,Karachi,Individual,main_ad_11393439,Automatic,4/23/2026 0:05,used-car,https://www.pakwheels.com/used-cars/search/-/,,,
Toyota Prius  2007  for Sale,https://www.pakwheels.com/used-cars/toyota-prius-2007-for-sale-in-karachi-11393436,2700000.0,2007.0,260000,1500.0,Automatic,Hybrid,Karachi,Individual,main_ad_11393436,Automatic,4/23/2026 0:05,used-car,https://www.pakwheels.com/used-cars/search/-/,,,
Toyota Corolla 9th (E120) Generation 2004 SE Saloon Automatic for Sale,https://www.pakwheels.com/used-cars/toyota-corolla-2004-for-sale-in-karachi-11393434,1775000.0,2004.0,150000,1600.0,Automatic,Petrol,Karachi,Individual,main_ad_11393434,Automatic,4/23/2026 0:05,used-car,https://www.pakwheels.com/used-cars/search/-/,,,
Haval H6  2024 HEV for Sale,https://www.pakwheels.com/used-cars/haval-h6-2024-for-sale-in-islamabad-11393428,10900000.0,2024.0,38000,1500.0,Automatic,Hybrid,Islamabad,Individual,main_ad_11393428,Automatic,4/23/2026 0:05,used-car,https://www.pakwheels.com/used-cars/search/-/,,,
Honda City 5th (GM2) Generation 2018 1.3 i-VTEC for Sale,https://www.pakwheels.com/used-cars/honda-city-2018-for-sale-in-bahawalpur-11393431,3400000.0,2018.0,113974,1300.0,Manual,Petrol,Bahawalpur,Individual,main_ad_11393431,Manual,4/23/2026 0:05,used-car,https://www.pakwheels.com/used-cars/search/-/,,,
Honda City  1998  for Sale,https://www.pakwheels.com/used-cars/honda-city-1998-for-sale-in-islamabad-11163058,950000.0,1998.0,90000,1500.0,Manual,Petrol,Islamabad,Individual,main_ad_11163058,Manual,4/23/2026 0:05,used-car,https://www.pakwheels.com/used-cars/search/-/,,,
Toyota Corolla  2015 Altis Grande CVT-i 1.8 for Sale,https://www.pakwheels.com/used-cars/toyota-corolla-2015-for-sale-in-lahore-11393429,4550000.0,2015.0,130000,1800.0,Automatic,Petrol,Lahore,Individual,main_ad_11393429,Automatic,4/23/2026 0:05,used-car,https://www.pakwheels.com/used-cars/search/-/,,,
Nissan Dayz  2022 Highway Star S hybrid X pro pilot for Sale,https://www.pakwheels.com/used-cars/nissan-dayz-2022-for-sale-in-sialkot-11393425,3950000.0,2022.0,114000,660.0,Automatic,Hybrid,Sialkot,Individual,main_ad_11393425,Automatic,4/23/2026 0:05,used-car,https://www.pakwheels.com/used-cars/search/-/,,,
Toyota Corolla Axio  2013 X 1.5 for Sale,https://www.pakwheels.com/used-cars/toyota-corolla-axio-2013-for-sale-in-lahore-11377973,3090000.0,2013.0,160000,1500.0,Automatic,Petrol,Lahore,Individual,main_ad_11377973,Automatic,4/23/2026 0:06,used-car,https://www.pakwheels.com/used-cars/search/-/,,,
Toyota Corolla  2017 GLi Automatic 1.3 VVTi for Sale,https://www.pakwheels.com/used-cars/toyota-corolla-2017-for-sale-in-lahore-11393118,4170000.0000000005,2017.0,88000,1300.0,Automatic,Petrol,Lahore,Individual,main_ad_11393118,Automatic,4/23/2026 0:06,used-car,https://www.pakwheels.com/used-cars/search/-/,,,
Toyota Hilux  2023 Revo Rocco for Sale,https://www.pakwheels.com/used-cars/toyota-hilux-2023-for-sale-in-lahore-11393116,13899999.999999998,2023.0,40000,2800.0,Automatic,Diesel,Lahore,Individual,main_ad_11393116,Automatic,4/23/2026 0:06,used-car,https://www.pakwheels.com/used-cars/search/-/,,,
Honda Civic 11th Generation 2024 RS for Sale,https://www.pakwheels.com/used-cars/honda-civic-2024-for-sale-in-multan-11393112,8900000.0,2024.0,30000,1500.0,Automatic,Petrol,Multan,Individual,main_ad_11393112,Automatic,4/23/2026 0:06,used-car,https://www.pakwheels.com/used-cars/search/-/,,,
Toyota Corolla  2025 Altis 1.6 X CVT-i for Sale,https://www.pakwheels.com/used-cars/toyota-corolla-2025-for-sale-in-karachi-11393113,6650000.0,2025.0,5000,1600.0,Automatic,Petrol,Karachi,Individual,main_ad_11393113,Automatic,4/23/2026 0:06,used-car,https://www.pakwheels.com/used-cars/search/-/,,,
Honda City 6th Generation 2024 1.2L CVT for Sale8.5/10,https://www.pakwheels.com/used-cars/honda-city-2024-for-sale-in-karachi-11350185,4700000.0,2024.0,7171,1200.0,Automatic,Petrol,Karachi,Individual,main_ad_11350185,Automatic,4/23/2026 0:06,used-car,https://www.pakwheels.com/used-cars/search/-/,,,
Toyota Corolla  2024 Altis Grande X CVT-i 1.8 Black Interior for Sale,https://www.pakwheels.com/used-cars/toyota-corolla-2024-for-sale-in-lahore-11392982,7850000.0,2024.0,19000,1800.0,Automatic,Petrol,Lahore,Individual,main_ad_11392982,Automatic,4/23/2026 0:06,used-car,https://www.pakwheels.com/used-cars/search/-/,,,
Toyota Corolla  2025 Altis Grande X CVT-i 1.8 Black Interior for Sale,https://www.pakwheels.com/used-cars/toyota-corolla-2025-for-sale-in-lahore-11046407,7650000.0,2025.0,22000,1800.0,Automatic,Petrol,Lahore,Individual,main_ad_11046407,Automatic,4/23/2026 0:06,used-car,https://www.pakwheels.com/used-cars/search/-/,,,
Haval H6  2025 HEV for Sale,https://www.pakwheels.com/used-cars/haval-h6-2025-for-sale-in-lahore-11369248,10500000.0,2025.0,48000,1500.0,Automatic,Hybrid,Lahore,Individual,main_ad_11369248,Automatic,4/23/2026 0:06,used-car,https://www.pakwheels.com/used-cars/search/-/,,,
Changan Oshan X7  2023 FutureSense for Sale9.5/10,https://www.pakwheels.com/used-cars/changan-oshan-x7-2023-for-sale-in-karachi-11370955,7800000.0,2023.0,7665,1500.0,Automatic,Petrol,Karachi,Individual,main_ad_11370955,Automatic,4/23/2026 0:06,used-car,https://www.pakwheels.com/used-cars/search/-/,,,
Toyota Yaris Sedan  2022 GLI MT 1.3 for Sale8/10,https://www.pakwheels.com/used-cars/toyota-yaris-sedan-2022-for-sale-in-islamabad-11312328,4100000.0,2022.0,34014,1300.0,Manual,Petrol,Islamabad,Individual,main_ad_11312328,Manual,4/23/2026 0:06,used-car,https://www.pakwheels.com/used-cars/search/-/,,,
Toyota Platz  2000 F 1.0 for Sale,https://www.pakwheels.com/used-cars/toyota-platz-2000-for-sale-in-rawalpindi-11291222,1600000.0,2000.0,210000,1000.0,Automatic,Petrol,Rawalpindi,Individual,main_ad_11291222,Automatic,4/23/2026 0:06,used-car,https://www.pakwheels.com/used-cars/search/-/,,,
Toyota Hiace  1993  for Sale,https://www.pakwheels.com/used-cars/toyota-hiace-1993-for-sale-in-rawalpindi-11393391,600000.0,1993.0,80000,1000.0,Manual,Petrol,Rawalpindi,Individual,main_ad_11393391,Manual,4/23/2026 0:06,used-car,https://www.pakwheels.com/used-cars/search/-/,,,
Honda City 5th (GM2) Generation 2016 1.3 i-VTEC Prosmatec for Sale,https://www.pakwheels.com/used-cars/honda-city-2016-for-sale-in-peshawar-11393421,3479999.9999999995,2016.0,55000,1300.0,Automatic,Petrol,Peshawar,Individual,main_ad_11393421,Automatic,4/23/2026 0:06,used-car,https://www.pakwheels.com/used-cars/search/-/,,,
KIA Sportage  2021 AWD for Sale,https://www.pakwheels.com/used-cars/kia-sportage-2021-for-sale-in-karachi-11393416,6800000.0,2021.0,61000,2000.0,Automatic,Petrol,Karachi,Individual,main_ad_11393416,Automatic,4/23/2026 0:06,used-car,https://www.pakwheels.com/used-cars/search/-/,,,
Suzuki Mehran  2014 VX Euro II for Sale,https://www.pakwheels.com/used-cars/suzuki-mehran-2014-for-sale-in-islamabad-11393413,1185000.0,2014.0,145000,796.0,Manual,Petrol,Islamabad,Individual,main_ad_11393413,Manual,4/23/2026 0:06,used-car,https://www.pakwheels.com/used-cars/search/-/,,,
Changan Oshan X7  2024 FutureSense for Sale,https://www.pakwheels.com/used-cars/changan-oshan-x7-2024-for-sale-in-islamabad-11393412,8200000.0,2024.0,19000,1500.0,Automatic,Petrol,Islamabad,Individual,main_ad_11393412,Automatic,4/23/2026 0:06,used-car,https://www.pakwheels.com/used-cars/search/-/,,,
Toyota Corolla  2019 GLi 1.3 VVTi for Sale,https://www.pakwheels.com/used-cars/toyota-corolla-2019-for-sale-in-farooqabad-11392109,5000000.0,2019.0,28700,1300.0,Manual,Petrol,Farooqabad,Individual,main_ad_11392109,Manual,4/23/2026 0:06,used-car,https://www.pakwheels.com/used-cars/search/-/,,,
Daihatsu Cuore  2006 CX Eco for Sale,https://www.pakwheels.com/used-cars/daihatsu-cuore-2006-for-sale-in-karachi-11393409,700000.0,2006.0,12,800.0,Manual,Petrol,Karachi,Individual,main_ad_11393409,Manual,4/23/2026 0:06,used-car,https://www.pakwheels.com/used-cars/search/-/,,,
Honda Civic  2019 Oriel 1.8 i-VTEC CVT for Sale,https://www.pakwheels.com/used-cars/honda-civic-2019-for-sale-in-lahore-11275568,5175000.0,2019.0,40000,1800.0,Automatic,Petrol,Lahore,Individual,main_ad_11275568,Automatic,4/23/2026 0:06,used-car,https://www.pakwheels.com/used-cars/search/-/,,,
Honda City  2005 i-DSI for Sale,https://www.pakwheels.com/used-cars/honda-city-2005-for-sale-in-lahore-11393407,1950000.0,2005.0,150000,1300.0,Manual,Petrol,Lahore,Individual,main_ad_11393407,Manual,4/23/2026 0:06,used-car,https://www.pakwheels.com/used-cars/search/-/,,,
Suzuki Wagon R  2021 VXL for Sale,https://www.pakwheels.com/used-cars/suzuki-wagon-r-2021-for-sale-in-lahore-11393406,3100000.0,2021.0,85000,1000.0,Manual,Petrol,Lahore,Individual,main_ad_11393406,Manual,4/23/2026 0:06,used-car,https://www.pakwheels.com/used-cars/search/-/,,,
Suzuki Wagon R  2019 VXL for Sale,https://www.pakwheels.com/used-cars/suzuki-wagon-r-2019-for-sale-in-lahore-11382821,2150000.0,2019.0,95000,1000.0,Manual,Petrol,Lahore,Individual,main_ad_11382821,Manual,4/23/2026 0:06,used-car,https://www.pakwheels.com/used-cars/search/-/,,,
Suzuki Alto  2010 X for Sale,https://www.pakwheels.com/used-cars/suzuki-alto-2010-for-sale-in-gujrat-11393401,1495000.0,2010.0,98000,660.0,Automatic,Petrol,Gujrat,Individual,main_ad_11393401,Automatic,4/23/2026 0:06,used-car,https://www.pakwheels.com/used-cars/search/-/,,,
Honda Civic 11th Generation 2024 RS for Sale,https://www.pakwheels.com/used-cars/honda-civic-2024-for-sale-in-islamabad-11393403,9300000.0,2024.0,9500,1500.0,Automatic,Petrol,Islamabad,Individual,main_ad_11393403,Automatic,4/23/2026 0:06,used-car,https://www.pakwheels.com/used-cars/search/-/,,,
Suzuki Wagon R  2018 VXL for Sale,https://www.pakwheels.com/used-cars/suzuki-wagon-r-2018-for-sale-in-lahore-11393385,2585000.0,2018.0,67000,1000.0,Manual,Petrol,Lahore,Individual,main_ad_11393385,Manual,4/23/2026 0:06,used-car,https://www.pakwheels.com/used-cars/search/-/,,,
Suzuki Cultus  2021 VXR for Sale,https://www.pakwheels.com/used-cars/suzuki-cultus-2021-for-sale-in-lahore-11393402,3100000.0,2021.0,80000,1000.0,Manual,Petrol,Lahore,Individual,main_ad_11393402,Manual,4/23/2026 0:06,used-car,https://www.pakwheels.com/used-cars/search/-/,,,
MG HS  2025 PHEV for Sale9.7/10,https://www.pakwheels.com/used-cars/mg-hs-2025-for-sale-in-lahore-11370932,8950000.0,2025.0,15708,1500.0,Automatic,PHEV,Lahore,Individual,main_ad_11370932,Automatic,4/23/2026 0:06,used-car,https://www.pakwheels.com/used-cars/search/-/,,,
Toyota Prado 3rd (J120) Generation 2005 TX 4.0 for Sale7.4/10,https://www.pakwheels.com/used-cars/toyota-prado-2005-for-sale-in-lahore-11349983,8800000.0,2005.0,153966,4000.0,Automatic,Petrol,Lahore,Individual,main_ad_11349983,Automatic,4/23/2026 0:06,used-car,https://www.pakwheels.com/used-cars/search/-/,,,
Toyota Corolla Axio  2007 X Special Edition 1.5 for Sale,https://www.pakwheels.com/used-cars/toyota-corolla-axio-2007-for-sale-in-quetta-11100575,4250000.0,2007.0,72000,1500.0,Automatic,Petrol,Quetta,Individual,main_ad_11100575,Automatic,4/23/2026 0:06,used-car,https://www.pakwheels.com/used-cars/search/-/,,,
Toyota Hilux  2022 Revo Rocco for Sale9.6/10,https://www.pakwheels.com/used-cars/toyota-hilux-2022-for-sale-in-karachi-11359162,13799999.999999998,2022.0,59931,2800.0,Automatic,Diesel,Karachi,Individual,main_ad_11359162,Automatic,4/23/2026 0:06,used-car,https://www.pakwheels.com/used-cars/search/-/,,,
Honda Civic  2020 1.5 RS Turbo for Sale,https://www.pakwheels.com/used-cars/honda-civic-2020-for-sale-in-peshawar-11393050,6950000.0,2020.0,34000,1500.0,Automatic,Petrol,Peshawar,Individual,main_ad_11393050,Automatic,4/23/2026 0:06,used-car,https://www.pakwheels.com/used-cars/search/-/,,,
Haval H6  2025 1.5T for Sale,https://www.pakwheels.com/used-cars/haval-h6-2025-for-sale-in-islamabad-11393047,9750000.0,2025.0,17000,1500.0,Automatic,Petrol,Islamabad,Individual,main_ad_11393047,Automatic,4/23/2026 0:06,used-car,https://www.pakwheels.com/used-cars/search/-/,,,
Suzuki Mehran  2015 VX Euro II for Sale,https://www.pakwheels.com/used-cars/suzuki-mehran-2015-for-sale-in-rawalpindi-11393399,1200000.0,2015.0,80000,796.0,Manual,Petrol,Rawalpindi,Individual,main_ad_11393399,Manual,4/23/2026 0:06,used-car,https://www.pakwheels.com/used-cars/search/-/,,,
Toyota Corolla  2014 Altis SR 1.6 for Sale,https://www.pakwheels.com/used-cars/toyota-corolla-2014-for-sale-in-islamabad-11393396,3550000.0,2014.0,145000,1600.0,Manual,Petrol,Islamabad,Individual,main_ad_11393396,Manual,4/23/2026 0:06,used-car,https://www.pakwheels.com/used-cars/search/-/,,,
Suzuki Cultus  2007 VXL (CNG) for Sale,https://www.pakwheels.com/used-cars/suzuki-cultus-2007-for-sale-in-karachi-11393347,800000.0,2007.0,150000,1000.0,Manual,LPG,Karachi,Individual,main_ad_11393347,Manual,4/23/2026 0:06,used-car,https://www.pakwheels.com/used-cars/search/-/,,,
Nissan Dayz  2019 Highway Star X for Sale,https://www.pakwheels.com/used-cars/nissan-dayz-2019-for-sale-in-hyderabad-11393394,3500000.0,2019.0,40000,660.0,Automatic,Petrol,Hyderabad,Individual,main_ad_11393394,Automatic,4/23/2026 0:06,used-car,https://www.pakwheels.com/used-cars/search/-/,,,
Changan Oshan X7  2023 FutureSense for Sale,https://www.pakwheels.com/used-cars/changan-oshan-x7-2023-for-sale-in-quetta-11393384,7600000.0,2023.0,79000,1500.0,Automatic,Petrol,Quetta,Individual,main_ad_11393384,Automatic,4/23/2026 0:06,used-car,https://www.pakwheels.com/used-cars/search/-/,,,
Suzuki Cultus  2012 EURO II for Sale,https://www.pakwheels.com/used-cars/suzuki-cultus-2012-for-sale-in-karachi-11393380,1320000.0,2012.0,101000,1000.0,Manual,Petrol,Karachi,Individual,main_ad_11393380,Manual,4/23/2026 0:06,used-car,https://www.pakwheels.com/used-cars/search/-/,,,
Hyundai Sonata  2022 2.5 for Sale,https://www.pakwheels.com/used-cars/hyundai-sonata-2022-for-sale-in-lahore-11393367,9700000.0,2022.0,24000,2500.0,Automatic,Petrol,Lahore,Individual,main_ad_11393367,Automatic,4/23/2026 0:06,used-car,https://www.pakwheels.com/used-cars/search/-/,,,
Haval H6  2026 1.5T for Sale,https://www.pakwheels.com/used-cars/haval-h6-2026-for-sale-in-islamabad-11387608,9560000.0,2026.0,20,1500.0,Automatic,Petrol,Islamabad,Individual,main_ad_11387608,Automatic,4/23/2026 0:06,used-car,https://www.pakwheels.com/used-cars/search/-/,,,
Toyota Corolla  1999 GLi 1.6 for Sale,https://www.pakwheels.com/used-cars/toyota-corolla-1999-for-sale-in-faisalabad-11393389,1415000.0,1999.0,268000,1600.0,Manual,Petrol,Faisalabad,Individual,main_ad_11393389,Manual,4/23/2026 0:06,used-car,https://www.pakwheels.com/used-cars/search/-/,,,
Toyota Vitz  2008 F 1.0 for Sale,https://www.pakwheels.com/used-cars/toyota-vitz-2008-for-sale-in-lahore-11393388,2380000.0,2008.0,135000,1000.0,Automatic,Petrol,Lahore,Individual,main_ad_11393388,Automatic,4/23/2026 0:06,used-car,https://www.pakwheels.com/used-cars/search/-/,,,
Suzuki Alto  2022 VXR for Sale,https://www.pakwheels.com/used-cars/suzuki-alto-2022-for-sale-in-lahore-11393376,2595000.0,2022.0,78000,660.0,Manual,Petrol,Lahore,Individual,main_ad_11393376,Manual,4/23/2026 0:06,used-car,https://www.pakwheels.com/used-cars/search/-/,,,
Hyundai Elantra  2021 GLS for Sale,https://www.pakwheels.com/used-cars/hyundai-elantra-2021-for-sale-in-lahore-11393339,5750000.0,2021.0,38000,2000.0,Automatic,Petrol,Lahore,Individual,main_ad_11393339,Automatic,4/23/2026 0:06,used-car,https://www.pakwheels.com/used-cars/search/-/,,,
Suzuki Margalla  1990  for Sale,https://www.pakwheels.com/used-cars/suzuki-margalla-1990-for-sale-in-abbottabad-11393381,919999.9999999999,1990.0,87000,1000.0,Manual,Petrol,Abbottabad,Individual,main_ad_11393381,Manual,4/23/2026 0:06,used-car,https://www.pakwheels.com/used-cars/search/-/,,,
Honda City 5th (GM2) Generation 2016 1.3 i-VTEC for Sale,https://www.pakwheels.com/used-cars/honda-city-2016-for-sale-in-faisalabad-11393379,3500000.0,2016.0,180000,1300.0,Manual,Petrol,Faisalabad,Individual,main_ad_11393379,Manual,4/23/2026 0:06,used-car,https://www.pakwheels.com/used-cars/search/-/,,,
Suzuki Alto  2025 VXR AGS Upgraded for Sale,https://www.pakwheels.com/used-cars/suzuki-alto-2025-for-sale-in-lahore-10293283,3240000.0,2025.0,36000,660.0,Automatic,Petrol,Lahore,Individual,main_ad_10293283,Automatic,4/23/2026 0:06,used-car,https://www.pakwheels.com/used-cars/search/-/,,,
Daihatsu Taft  2023 G for Sale,https://www.pakwheels.com/used-cars/daihatsu-taft-2023-for-sale-in-sialkot-11393368,4175000.0,2023.0,6500,660.0,Automatic,Petrol,Sialkot,Individual,main_ad_11393368,Automatic,4/23/2026 0:06,used-car,https://www.pakwheels.com/used-cars/search/-/,,,
Honda Civic 11th Generation 2022 Oriel for Sale,https://www.pakwheels.com/used-cars/honda-civic-2022-for-sale-in-islamabad-11393351,7390000.000000001,2022.0,40000,1500.0,Automatic,Petrol,Islamabad,Individual,main_ad_11393351,Automatic,4/23/2026 0:06,used-car,https://www.pakwheels.com/used-cars/search/-/,,,
Honda Civic  2004 VTi Oriel 1.6 for Sale,https://www.pakwheels.com/used-cars/honda-civic-2004-for-sale-in-peshawar-11393371,1700000.0,2004.0,220000,1600.0,Manual,Petrol,Peshawar,Individual,main_ad_11393371,Manual,4/23/2026 0:06,used-car,https://www.pakwheels.com/used-cars/search/-/,,,
Toyota Yaris Sedan  2022 GLI CVT 1.3 for Sale,https://www.pakwheels.com/used-cars/toyota-yaris-sedan-2022-for-sale-in-kamoke-11393370,4475000.0,2022.0,105,1300.0,Automatic,Petrol,Kamoke,Individual,main_ad_11393370,Automatic,4/23/2026 0:06,used-car,https://www.pakwheels.com/used-cars/search/-/,,,
Suzuki Alto  2024 VXL AGS for Sale,https://www.pakwheels.com/used-cars/suzuki-alto-2024-for-sale-in-karachi-11393369,3250000.0,2024.0,4900,660.0,Automatic,Petrol,Karachi,Individual,main_ad_11393369,Automatic,4/23/2026 0:06,used-car,https://www.pakwheels.com/used-cars/search/-/,,,
Hyundai Tucson  2025 Hybrid Signature for Sale,https://www.pakwheels.com/used-cars/hyundai-tucson-2025-for-sale-in-islamabad-11393039,12100000.0,2025.0,1800,1600.0,Automatic,Hybrid,Islamabad,Individual,main_ad_11393039,Automatic,4/23/2026 0:06,used-car,https://www.pakwheels.com/used-cars/search/-/,,,
Daihatsu Mira  2023 X SA lll for Sale,https://www.pakwheels.com/used-cars/daihatsu-mira-2023-for-sale-in-islamabad-11020474,3575000.0,2023.0,20000,660.0,Automatic,Petrol,Islamabad,Individual,main_ad_11020474,Automatic,4/23/2026 0:06,used-car,https://www.pakwheels.com/used-cars/search/-/,,,
Honda Civic Rebirth 2014 VTi Prosmatec 1.8 i-VTEC for Sale4.9/10,https://www.pakwheels.com/used-cars/honda-civic-2014-for-sale-in-lahore-11370899,3200000.0,2014.0,159169,1800.0,Automatic,Petrol,Lahore,Individual,main_ad_11370899,Automatic,4/23/2026 0:06,used-car,https://www.pakwheels.com/used-cars/search/-/,,,
Toyota Corolla  2017 Altis Grande CVT-i 1.8 for Sale,https://www.pakwheels.com/used-cars/toyota-corolla-2017-for-sale-in-islamabad-11393035,5400000.0,2017.0,116000,1800.0,Automatic,Petrol,Islamabad,Individual,main_ad_11393035,Automatic,4/23/2026 0:06,used-car,https://www.pakwheels.com/used-cars/search/-/,,,
Suzuki Wagon R  2017 VXL for Sale,https://www.pakwheels.com/used-cars/suzuki-wagon-r-2017-for-sale-in-islamabad-11392844,2325000.0,2017.0,148520,1000.0,Manual,Petrol,Islamabad,Individual,main_ad_11392844,Manual,4/23/2026 0:06,used-car,https://www.pakwheels.com/used-cars/search/-/,,,
Honda Vezel  2016 Hybrid Z Honda Sensing  for Sale,https://www.pakwheels.com/used-cars/honda-vezel-2016-for-sale-in-karachi-11393036,4200000.0,2016.0,126000,1500.0,Automatic,Hybrid,Karachi,Individual,main_ad_11393036,Automatic,4/23/2026 0:06,used-car,https://www.pakwheels.com/used-cars/search/-/,,,
Nissan Dayz  2024 Highway Star X for Sale9.6/10,https://www.pakwheels.com/used-cars/nissan-dayz-2024-for-sale-in-lahore-11312278,4200000.0,2024.0,12169,660.0,Automatic,Petrol,Lahore,Individual,main_ad_11312278,Automatic,4/23/2026 0:06,used-car,https://www.pakwheels.com/used-cars/search/-/,,,
KIA Stonic  2023 EX+ for Sale9.7/10,https://www.pakwheels.com/used-cars/kia-stonic-2023-for-sale-in-lahore-11370882,5350000.0,2023.0,51460,1400.0,Automatic,Petrol,Lahore,Individual,main_ad_11370882,Automatic,4/23/2026 0:06,used-car,https://www.pakwheels.com/used-cars/search/-/,,,
Hyundai Elantra  2025 Hybrid for Sale,https://www.pakwheels.com/used-cars/hyundai-elantra-2025-for-sale-in-islamabad-11393026,9100000.0,2025.0,29500,1600.0,Automatic,Hybrid,Islamabad,Individual,main_ad_11393026,Automatic,4/23/2026 0:06,used-car,https://www.pakwheels.com/used-cars/search/-/,,,
Prince Pearl  2021 MT for Sale,https://www.pakwheels.com/used-cars/prince-pearl-2021-for-sale-in-karachi-11375646,1095000.0,2021.0,17000,800.0,Manual,Petrol,Karachi,Individual,main_ad_11375646,Manual,4/23/2026 0:06,used-car,https://www.pakwheels.com/used-cars/search/-/,,,
Suzuki Cultus  2014 EURO II for Sale5.9/10,https://www.pakwheels.com/used-cars/suzuki-cultus-2014-for-sale-in-islamabad-11312279,1550000.0,2014.0,38039,1000.0,Manual,Petrol,Islamabad,Individual,main_ad_11312279,Manual,4/23/2026 0:06,used-car,https://www.pakwheels.com/used-cars/search/-/,,,
Suzuki Mehran  2015 VX Euro II for Sale,https://www.pakwheels.com/used-cars/suzuki-mehran-2015-for-sale-in-bahawalpur-11384437,850000.0,2015.0,50000,796.0,Manual,Petrol,Bahawalpur,Individual,main_ad_11384437,Manual,4/23/2026 0:06,used-car,https://www.pakwheels.com/used-cars/search/-/,,,
Suzuki Cultus  2004 VXR for Sale,https://www.pakwheels.com/used-cars/suzuki-cultus-2004-for-sale-in-lahore-11393350,760000.0,2004.0,150000,1000.0,Manual,Petrol,Lahore,Individual,main_ad_11393350,Manual,4/23/2026 0:06,used-car,https://www.pakwheels.com/used-cars/search/-/,,,
Suzuki Bolan  1993 VX for Sale,https://www.pakwheels.com/used-cars/suzuki-bolan-1993-for-sale-in-karachi-11393357,310000.0,1993.0,150000,800.0,Manual,Petrol,Karachi,Individual,main_ad_11393357,Manual,4/23/2026 0:06,used-car,https://www.pakwheels.com/used-cars/search/-/,,,
Honda Civic Rebirth 2012 VTi 1.8 i-VTEC for Sale,https://www.pakwheels.com/used-cars/honda-civic-2012-for-sale-in-lahore-11393363,2575000.0,2012.0,266000,1800.0,Manual,Petrol,Lahore,Individual,main_ad_11393363,Manual,4/23/2026 0:06,used-car,https://www.pakwheels.com/used-cars/search/-/,,,
Daihatsu Cast  2022 Activa G SA III for Sale,https://www.pakwheels.com/used-cars/daihatsu-cast-2022-for-sale-in-sialkot-11393362,3850000.0,2022.0,60000,660.0,Automatic,Petrol,Sialkot,Individual,main_ad_11393362,Automatic,4/23/2026 0:06,used-car,https://www.pakwheels.com/used-cars/search/-/,,,
Mitsubishi Lancer  1990 GLX 1.3 for Sale,https://www.pakwheels.com/used-cars/mitsubishi-lancer-1990-for-sale-in-karachi-11393359,1000000.0,1990.0,195000,1300.0,Manual,Petrol,Karachi,Individual,main_ad_11393359,Manual,4/23/2026 0:06,used-car,https://www.pakwheels.com/used-cars/search/-/,,,
Toyota Prius  2011 S LED Edition 1.8 for Sale,https://www.pakwheels.com/used-cars/toyota-prius-2011-for-sale-in-karachi-11393358,4245000.0,2011.0,137500,1800.0,Automatic,Hybrid,Karachi,Individual,main_ad_11393358,Automatic,4/23/2026 0:06,used-car,https://www.pakwheels.com/used-cars/search/-/,,,
Daihatsu Hijet  2011  for Sale,https://www.pakwheels.com/used-cars/daihatsu-hijet-2011-for-sale-in-karachi-11393356,1270000.0,2011.0,90000,660.0,Manual,Petrol,Karachi,Individual,main_ad_11393356,Manual,4/23/2026 0:06,used-car,https://www.pakwheels.com/used-cars/search/-/,,,
Toyota Yaris Sedan  2022 ATIV CVT 1.3 for Sale,https://www.pakwheels.com/used-cars/toyota-yaris-sedan-2022-for-sale-in-faisalabad-11393353,4710000.0,2022.0,26500,1300.0,Automatic,Petrol,Faisalabad,Individual,main_ad_11393353,Automatic,4/23/2026 0:06,used-car,https://www.pakwheels.com/used-cars/search/-/,,,
Honda Civic Rebirth 2015 Oriel Prosmatec UG for Sale,https://www.pakwheels.com/used-cars/honda-civic-2015-for-sale-in-lahore-11392853,3850000.0,2015.0,159120,1800.0,Automatic,Petrol,Lahore,Individual,main_ad_11392853,Automatic,4/23/2026 0:06,used-car,https://www.pakwheels.com/used-cars/search/-/,,,
Suzuki Cultus  2021 VXL for Sale,https://www.pakwheels.com/used-cars/suzuki-cultus-2021-for-sale-in-lahore-11363030,3345000.0000000005,2021.0,49000,1000.0,Manual,Petrol,Lahore,Individual,main_ad_11363030,Manual,4/23/2026 0:06,used-car,https://www.pakwheels.com/used-cars/search/-/,,,
Suzuki Mehran  2018 VX Euro II for Sale,https://www.pakwheels.com/used-cars/suzuki-mehran-2018-for-sale-in-lahore-11393343,1460000.0,2018.0,128000,796.0,Manual,Petrol,Lahore,Individual,main_ad_11393343,Manual,4/23/2026 0:06,used-car,https://www.pakwheels.com/used-cars/search/-/,,,
Toyota Corolla  2020 Altis Grande CVT-i 1.8 for Sale,https://www.pakwheels.com/used-cars/toyota-corolla-2020-for-sale-in-islamabad-11393345,6100000.0,2020.0,76500,1800.0,Automatic,Petrol,Islamabad,Individual,main_ad_11393345,Automatic,4/23/2026 0:06,used-car,https://www.pakwheels.com/used-cars/search/-/,,,
Nissan Juke  2011 16GT Four Premium Personalized Package for Sale,https://www.pakwheels.com/used-cars/nissan-juke-2011-for-sale-in-peshawar-11393342,3150000.0,2011.0,123455,1600.0,Automatic,Petrol,Peshawar,Individual,main_ad_11393342,Automatic,4/23/2026 0:06,used-car,https://www.pakwheels.com/used-cars/search/-/,,,
Suzuki Cultus  2009 VXLi for Sale,https://www.pakwheels.com/used-cars/suzuki-cultus-2009-for-sale-in-lahore-11283689,1265000.0,2009.0,79000,1000.0,Manual,Petrol,Lahore,Individual,main_ad_11283689,Manual,4/23/2026 0:06,used-car,https://www.pakwheels.com/used-cars/search/-/,,,
Toyota Corolla  2010 XLi VVTi for Sale,https://www.pakwheels.com/used-cars/toyota-corolla-2010-for-sale-in-sialkot-11389079,2450000.0,2010.0,175000,1300.0,Manual,Petrol,Sialkot,Individual,main_ad_11389079,Manual,4/23/2026 0:06,used-car,https://www.pakwheels.com/used-cars/search/-/,,,
Vlektra Velocity 180  2026  for Sale,https://www.pakwheels.com/used-bikes/vlektra-velocity-180-2026-for-sale-in-faisalabad-1007068,339000.0,2026.0,5,1300.0,Automatic,Electric,Faisalabad,Individual,main_ad_1007068,Electric,4/23/2026 0:06,used-bike,https://www.pakwheels.com/used-bikes/search/-/,,,
Evee Gen-Z  2026  for Sale,https://www.pakwheels.com/used-bikes/evee-gen-z-2026-for-sale-in-lahore-1007028,172000.0,2026.0,129,1300.0,Automatic,Electric,Lahore,Individual,main_ad_1007028,Electric,4/23/2026 0:06,used-bike,https://www.pakwheels.com/used-bikes/search/-/,,,
Metro E8S pro  2025  for Sale,https://www.pakwheels.com/used-bikes/metro-e8s-pro-2025-for-sale-in-peshawar-1007230,225000.0,2025.0,300,1300.0,Automatic,Electric,Peshawar,Individual,main_ad_1007230,Electric,4/23/2026 0:06,used-bike,https://www.pakwheels.com/used-bikes/search/-/,,,
Metro E8S pro  2025  for Sale,https://www.pakwheels.com/used-bikes/metro-e8s-pro-2025-for-sale-in-peshawar-1007229,225000.0,2025.0,300,1300.0,Automatic,Electric,Peshawar,Individual,main_ad_1007229,Electric,4/23/2026 0:06,used-bike,https://www.pakwheels.com/used-bikes/search/-/,,,
Metro E8S pro  2025  for Sale,https://www.pakwheels.com/used-bikes/metro-e8s-pro-2025-for-sale-in-peshawar-1007232,225000.0,2025.0,300,1300.0,Automatic,Electric,Peshawar,Individual,main_ad_1007232,Electric,4/23/2026 0:06,used-bike,https://www.pakwheels.com/used-bikes/search/-/,,,
Metro E8S pro  2025  for Sale,https://www.pakwheels.com/used-bikes/metro-e8s-pro-2025-for-sale-in-peshawar-1007231,225000.0,2025.0,300,1300.0,Automatic,Electric,Peshawar,Individual,main_ad_1007231,Electric,4/23/2026 0:06,used-bike,https://www.pakwheels.com/used-bikes/search/-/,,,
REVOO A11  2026  for Sale,https://www.pakwheels.com/used-bikes/revoo-a11-2026-for-sale-in-lahore-1006734,153000.0,2026.0,20,1300.0,Automatic,Electric,Lahore,Individual,main_ad_1006734,Electric,4/23/2026 0:07,used-bike,https://www.pakwheels.com/used-bikes/search/-/,,,
QINGQI Electric bike sporty  2025  for Sale,https://www.pakwheels.com/used-bikes/qingqi-electric-bike-sporty-2025-for-sale-in-karachi-1006544,500000.0,2025.0,4600,1300.0,Automatic,Electric,Karachi,Individual,main_ad_1006544,Electric,4/23/2026 0:07,used-bike,https://www.pakwheels.com/used-bikes/search/-/,,,
BRG Pedelix  2025  for Sale,https://www.pakwheels.com/used-bikes/brg-pedelix-2025-for-sale-in-islamabad-1007186,100000.0,2025.0,1600,1300.0,Automatic,Electric,Islamabad,Individual,main_ad_1007186,Electric,4/23/2026 0:07,used-bike,https://www.pakwheels.com/used-bikes/search/-/,,,
Ali Khan Auto Company Thunder Bird EV   2026  for Sale,https://www.pakwheels.com/used-bikes/ali-khan-auto-company-thunder-bird-ev-2026-for-sale-in-islamabad-1007183,200000.0,2026.0,50,1300.0,Automatic,Electric,Islamabad,Individual,main_ad_1007183,Electric,4/23/2026 0:07,used-bike,https://www.pakwheels.com/used-bikes/search/-/,,,
Evee S1  2026  for Sale,https://www.pakwheels.com/used-bikes/evee-s1-2026-for-sale-in-peshawar-1007182,204999.99999999997,2026.0,200,1300.0,Automatic,Electric,Peshawar,Individual,main_ad_1007182,Electric,4/23/2026 0:07,used-bike,https://www.pakwheels.com/used-bikes/search/-/,,,
Benling Mini Scooter  2024  for Sale,https://www.pakwheels.com/used-bikes/benling-mini-scooter-2024-for-sale-in-peshawar-1007178,85000.0,2024.0,193460,1300.0,Automatic,Electric,Peshawar,Individual,main_ad_1007178,Electric,4/23/2026 0:07,used-bike,https://www.pakwheels.com/used-bikes/search/-/,,,
Aprilia DORSODURO 750  2026  for Sale,https://www.pakwheels.com/used-bikes/aprilia-dorsoduro-750-2026-for-sale-in-mardan-1007174,15000.0,2026.0,100,1300.0,Automatic,Electric,Mardan,Individual,main_ad_1007174,Electric,4/23/2026 0:07,used-bike,https://www.pakwheels.com/used-bikes/search/-/,,,
Evee Gen-Z  2025  for Sale,https://www.pakwheels.com/used-bikes/evee-gen-z-2025-for-sale-in-rawalpindi-1007169,165000.0,2025.0,100,1300.0,Automatic,Electric,Rawalpindi,Individual,main_ad_1007169,Electric,4/23/2026 0:07,used-bike,https://www.pakwheels.com/used-bikes/search/-/,,,
Honda ICON e:  2026  for Sale,https://www.pakwheels.com/used-bikes/honda-icon-e-2026-for-sale-in-lahore-1007131,400000.0,2026.0,250,1300.0,Automatic,Electric,Lahore,Individual,main_ad_1007131,Electric,4/23/2026 0:08,used-bike,https://www.pakwheels.com/used-bikes/search/-/,,,
New Asia Ramza A700  2024  for Sale,https://www.pakwheels.com/used-bikes/new-asia-ramza-a700-2024-for-sale-in-lahore-754643,165000.0,2024.0,15000,1300.0,Automatic,Electric,Lahore,Individual,main_ad_754643,Electric,4/23/2026 0:08,used-bike,https://www.pakwheels.com/used-bikes/search/-/,,,
United EV Bullet  2026  for Sale,https://www.pakwheels.com/used-bikes/united-ev-bullet-2026-for-sale-in-multan-1007091,330000.0,2026.0,100,1300.0,Automatic,Electric,Multan,Individual,main_ad_1007091,Electric,4/23/2026 0:08,used-bike,https://www.pakwheels.com/used-bikes/search/-/,,,
Evee C1 Pro  2024  for Sale,https://www.pakwheels.com/used-bikes/evee-c1-pro-2024-for-sale-in-lahore-1007046,200000.0,2024.0,2400,1300.0,Automatic,Electric,Lahore,Individual,main_ad_1007046,Electric,4/23/2026 0:08,used-bike,https://www.pakwheels.com/used-bikes/search/-/,,,
Harley Davidson Ultra Classic Electra Glide  2024  for Sale,https://www.pakwheels.com/used-bikes/harley-davidson-ultra-classic-electra-glide-2024-for-sale-in-kohat-1007031,110000.00000000001,2024.0,50,1300.0,Automatic,Electric,Kohat,Individual,main_ad_1007031,Electric,4/23/2026 0:09,used-bike,https://www.pakwheels.com/used-bikes/search/-/,,,
Okla Onyx  2026  for Sale,https://www.pakwheels.com/used-bikes/okla-onyx-2026-for-sale-in-vehari-1006937,178000.0,2026.0,700,1300.0,Automatic,Electric,Vehari,Individual,main_ad_1006937,Electric,4/23/2026 0:09,used-bike,https://www.pakwheels.com/used-bikes/search/-/,,,
Metro MR-70 Limited Edition  2025  for Sale,https://www.pakwheels.com/used-bikes/metro-mr-70-limited-edition-2025-for-sale-in-rawalpindi-1006929,270000.0,2025.0,2500,1300.0,Automatic,Electric,Rawalpindi,Individual,main_ad_1006929,Electric,4/23/2026 0:09,used-bike,https://www.pakwheels.com/used-bikes/search/-/,,,
Ezbike Electron  2026  for Sale,https://www.pakwheels.com/used-bikes/ezbike-electron-2026-for-sale-in-karachi-1002753,520000.0,2026.0,4400,1300.0,Automatic,Electric,Karachi,Individual,main_ad_1002753,Electric,4/23/2026 0:10,used-bike,https://www.pakwheels.com/used-bikes/search/-/,,,
Vlektra Bolt   2026  for Sale,https://www.pakwheels.com/used-bikes/vlektra-bolt-2026-for-sale-in-lahore-1006744,570000.0,2026.0,10000,1300.0,Automatic,Electric,Lahore,Individual,main_ad_1006744,Electric,4/23/2026 0:11,used-bike,https://www.pakwheels.com/used-bikes/search/-/,,,
E Turbo Thunderbolt  2025  for Sale,https://www.pakwheels.com/used-bikes/e-turbo-thunderbolt-2025-for-sale-in-karachi-1006720,145000.0,2025.0,1600,1300.0,Automatic,Electric,Karachi,Individual,main_ad_1006720,Electric,4/23/2026 0:12,used-bike,https://www.pakwheels.com/used-bikes/search/-/,,,
Super Power SP 70  2024  for Sale,https://www.pakwheels.com/used-bikes/super-power-sp-70-2024-for-sale-in-faisalabad-1006713,180000.0,2024.0,550,1300.0,Automatic,Electric,Faisalabad,Individual,main_ad_1006713,Electric,4/23/2026 0:12,used-bike,https://www.pakwheels.com/used-bikes/search/-/,,,
Metro Thrill Pro  2026  for Sale,https://www.pakwheels.com/used-bikes/metro-thrill-pro-2026-for-sale-in-lahore-1006704,229999.99999999997,2026.0,250,1300.0,Automatic,Electric,Lahore,Individual,main_ad_1006704,Electric,4/23/2026 0:12,used-bike,https://www.pakwheels.com/used-bikes/search/-/,,,
