title,url,price,year,mileage,engine,transmission,fuel_type,city,seller_type,ad_id,posted_date,scraped_at,source_type,source_url,make,model_slug,record_type
Honda N Box  2022 Custom GL for Sale9.7/10,https://www.pakwheels.com/used-cars/honda-n-box-2022-for-sale-in-lahore-10843516,PKR 38.75 lacs,2022,"19,198 km",660 cc,Automatic,Petrol,Lahore,Individual,main_ad_10843516,Automatic,4/23/2026 0:00,used-car,https://www.pakwheels.com/used-cars/search/-/,,,
Honda N Wgn  2023 L for Sale9.5/10,https://www.pakwheels.com/used-cars/honda-n-wgn-2023-for-sale-in-lahore-10865190,PKR 40.25 lacs,2023,"20,997 km",660 cc,Automatic,Petrol,Lahore,Individual,main_ad_10865190,Automatic,4/23/2026 0:00,used-car,https://www.pakwheels.com/used-cars/search/-/,,,
Toyota Hilux  2004 Double Cab for Sale,https://www.pakwheels.com/used-cars/toyota-hilux-2004-for-sale-in-peshawar-11347129,PKR 35 lacs,2004,"180,000 km",3000 cc,Manual,Diesel,Peshawar,Individual,main_ad_11347129,Manual,4/23/2026 0:00,used-car,https://www.pakwheels.com/used-cars/search/-/,,,
Toyota Hilux  2017 Revo V Automatic 3.0  for Sale,https://www.pakwheels.com/used-cars/toyota-hilux-2017-for-sale-in-peshawar-11393981,PKR 88.5 lacs,2017,"97,000 km",3000 cc,Automatic,Diesel,Peshawar,Individual,main_ad_11393981,Automatic,4/23/2026 0:00,used-car,https://www.pakwheels.com/used-cars/search/-/,,,
Honda Civic  2019 Oriel 1.8 i-VTEC CVT for Sale,https://www.pakwheels.com/used-cars/honda-civic-2019-for-sale-in-rawalpindi-11390502,PKR 56.85 lacs,2019,"82,000 km",1800 cc,Automatic,Petrol,Rawalpindi,Individual,main_ad_11390502,Automatic,4/23/2026 0:00,used-car,https://www.pakwheels.com/used-cars/search/-/,,,
Toyota Passo  2022 X for Sale,https://www.pakwheels.com/used-cars/toyota-passo-2022-for-sale-in-lahore-11341763,PKR 43.5 lacs,2022,"88,182 km",1000 cc,Automatic,Petrol,Lahore,Individual,main_ad_11341763,Automatic,4/23/2026 0:00,used-car,https://www.pakwheels.com/used-cars/search/-/,,,
Suzuki Wagon R  2022 Hybrid FX for Sale,https://www.pakwheels.com/used-cars/suzuki-wagon-r-2022-for-sale-in-lahore-11357437,PKR 39.9 lacs,2022,"70,014 km",660 cc,Automatic,Hybrid,Lahore,Individual,main_ad_11357437,Automatic,4/23/2026 0:00,used-car,https://www.pakwheels.com/used-cars/search/-/,,,
Mitsubishi Ek Wagon  2010 Limited for Sale,https://www.pakwheels.com/used-cars/mitsubishi-ek-wagon-2010-for-sale-in-lahore-11393963,PKR 18.5 lacs,2010,"153,000 km",660 cc,Automatic,Petrol,Lahore,Individual,main_ad_11393963,Automatic,4/23/2026 0:00,used-car,https://www.pakwheels.com/used-cars/search/-/,,,
Suzuki Wagon R  2022 Hybrid FX for Sale,https://www.pakwheels.com/used-cars/suzuki-wagon-r-2022-for-sale-in-lahore-11313509,PKR 39.9 lacs,2022,"30,429 km",660 cc,Automatic,Hybrid,Lahore,Individual,main_ad_11313509,Automatic,4/23/2026 0:00,used-car,https://www.pakwheels.com/used-cars/search/-/,,,
Toyota Prado  2010 TX 2.7 for Sale,https://www.pakwheels.com/used-cars/toyota-prado-2010-for-sale-in-lahore-11088471,PKR 1.5 crore,2010,"95,000 km",2700 cc,Automatic,Petrol,Lahore,Individual,main_ad_11088471,Automatic,4/23/2026 0:00,used-car,https://www.pakwheels.com/used-cars/search/-/,,,
Toyota Fortuner  2013 TRD Sportivo for Sale,https://www.pakwheels.com/used-cars/toyota-fortuner-2013-for-sale-in-sialkot-9802901,PKR 74.5 lacs,2013,"68,000 km",2700 cc,Automatic,Petrol,Sialkot,Individual,main_ad_9802901,Automatic,4/23/2026 0:00,used-car,https://www.pakwheels.com/used-cars/search/-/,,,
Nissan Serena  2018 e-POWER Highway Star for Sale,https://www.pakwheels.com/used-cars/nissan-serena-2018-for-sale-in-islamabad-10295532,PKR 72.5 lacs,2018,"171,000 km",1200 cc,Automatic,Hybrid,Islamabad,Individual,main_ad_10295532,Automatic,4/23/2026 0:00,used-car,https://www.pakwheels.com/used-cars/search/-/,,,
Nissan Dayz Roox  2015  for Sale,https://www.pakwheels.com/used-cars/nissan-dayz-roox-2015-for-sale-in-karachi-11195509,PKR 21 lacs,2015,"75,000 km",660 cc,Automatic,Petrol,Karachi,Individual,main_ad_11195509,Automatic,4/23/2026 0:00,used-car,https://www.pakwheels.com/used-cars/search/-/,,,
Honda Civic Rebirth 2016 Oriel Prosmatec UG for Sale,https://www.pakwheels.com/used-cars/honda-civic-2016-for-sale-in-hyderabad-11393992,PKR 48 lacs,2016,"56,000 km",1800 cc,Automatic,Petrol,Hyderabad,Individual,main_ad_11393992,Automatic,4/23/2026 0:00,used-car,https://www.pakwheels.com/used-cars/search/-/,,,
Suzuki Alto  2026 VXL AGS Upgraded for Sale,https://www.pakwheels.com/used-cars/suzuki-alto-2026-for-sale-in-lahore-11393985,PKR 33.25 lacs,2026,25 km,660 cc,Automatic,Petrol,Lahore,Individual,main_ad_11393985,Automatic,4/23/2026 0:00,used-car,https://www.pakwheels.com/used-cars/search/-/,,,
KIA Sportage  2020 FWD for Sale,https://www.pakwheels.com/used-cars/kia-sportage-2020-for-sale-in-faisalabad-11393991,PKR 67 lacs,2020,"100,000 km",2000 cc,Automatic,Petrol,Faisalabad,Individual,main_ad_11393991,Automatic,4/23/2026 0:00,used-car,https://www.pakwheels.com/used-cars/search/-/,,,
Suzuki Mehran  1996 VX for Sale,https://www.pakwheels.com/used-cars/suzuki-mehran-1996-for-sale-in-faisalabad-11393986,PKR 4.5 lacs,1996,"100,000 km",800 cc,Manual,Petrol,Faisalabad,Individual,main_ad_11393986,Manual,4/23/2026 0:00,used-car,https://www.pakwheels.com/used-cars/search/-/,,,
Suzuki Mehran  2001 VXR for Sale,https://www.pakwheels.com/used-cars/suzuki-mehran-2001-for-sale-in-muzaffarabad-11393989,PKR 8 lacs,2001,"60,000 km",800 cc,Manual,Petrol,Muzaffarabad,Individual,main_ad_11393989,Manual,4/23/2026 0:00,used-car,https://www.pakwheels.com/used-cars/search/-/,,,
Honda Civic Rebirth 2012 VTi 1.8 i-VTEC for Sale,https://www.pakwheels.com/used-cars/honda-civic-2012-for-sale-in-multan-11281973,PKR 29.5 lacs,2012,"205,000 km",1800 cc,Manual,Petrol,Multan,Individual,main_ad_11281973,Manual,4/23/2026 0:00,used-car,https://www.pakwheels.com/used-cars/search/-/,,,
Honda Civic 7th Generation (Facelift) 2006 VTi Oriel 1.6 for Sale,https://www.pakwheels.com/used-cars/honda-civic-2006-for-sale-in-karachi-11393987,PKR 17 lacs,2006,"171,532 km",1600 cc,Manual,Petrol,Karachi,Individual,main_ad_11393987,Manual,4/23/2026 0:00,used-car,https://www.pakwheels.com/used-cars/search/-/,,,
Toyota Corolla  2016 GLi Automatic 1.3 VVTi for Sale,https://www.pakwheels.com/used-cars/toyota-corolla-2016-for-sale-in-lahore-11393984,PKR 43.8 lacs,2016,"100,000 km",1300 cc,Automatic,Petrol,Lahore,Individual,main_ad_11393984,Automatic,4/23/2026 0:00,used-car,https://www.pakwheels.com/used-cars/search/-/,,,
Changan Oshan X7  2024 FutureSense for Sale,https://www.pakwheels.com/used-cars/changan-oshan-x7-2024-for-sale-in-quetta-11393983,PKR 78 lacs,2024,"40,000 km",1500 cc,Automatic,Petrol,Quetta,Individual,main_ad_11393983,Automatic,4/23/2026 0:00,used-car,https://www.pakwheels.com/used-cars/search/-/,,,
Suzuki Wagon R  2021 AGS for Sale,https://www.pakwheels.com/used-cars/suzuki-wagon-r-2021-for-sale-in-lahore-11252522,PKR 28.5 lacs,2021,"103,000 km",1000 cc,Automatic,Petrol,Lahore,Individual,main_ad_11252522,Automatic,4/23/2026 0:00,used-car,https://www.pakwheels.com/used-cars/search/-/,,,
Hyundai Tucson  2022 FWD A/T GLS Sport for Sale,https://www.pakwheels.com/used-cars/hyundai-tucson-2022-for-sale-in-faisalabad-11393972,PKR 73 lacs,2022,"40,000 km",2000 cc,Automatic,Petrol,Faisalabad,Individual,main_ad_11393972,Automatic,4/23/2026 0:00,used-car,https://www.pakwheels.com/used-cars/search/-/,,,
Honda Vezel  2015 Hybrid Z for Sale,https://www.pakwheels.com/used-cars/honda-vezel-2015-for-sale-in-lahore-11393980,PKR 51.75 lacs,2015,"115,000 km",1500 cc,Automatic,Hybrid,Lahore,Individual,main_ad_11393980,Automatic,4/23/2026 0:00,used-car,https://www.pakwheels.com/used-cars/search/-/,,,
Changan Oshan X7  2022 FutureSense for Sale,https://www.pakwheels.com/used-cars/changan-oshan-x7-2022-for-sale-in-gujranwala-11393978,PKR 72.5 lacs,2022,"61,000 km",1500 cc,Automatic,Petrol,Gujranwala,Individual,main_ad_11393978,Automatic,4/23/2026 0:00,used-car,https://www.pakwheels.com/used-cars/search/-/,,,
Suzuki Swift  2015 DLX Automatic 1.3 for Sale,https://www.pakwheels.com/used-cars/suzuki-swift-2015-for-sale-in-rawalpindi-11393977,PKR 25.5 lacs,2015,"168,000 km",1300 cc,Automatic,Petrol,Rawalpindi,Individual,main_ad_11393977,Automatic,4/23/2026 0:00,used-car,https://www.pakwheels.com/used-cars/search/-/,,,
Hyundai Tucson  2025 AWD A/T Ultimate (Black Interior) for Sale,https://www.pakwheels.com/used-cars/hyundai-tucson-2025-for-sale-in-karachi-11393975,PKR 93 lacs,2025,"18,000 km",2000 cc,Automatic,Petrol,Karachi,Individual,main_ad_11393975,Automatic,4/23/2026 0:00,used-car,https://www.pakwheels.com/used-cars/search/-/,,,
Suzuki Mehran  2005 VXR for Sale,https://www.pakwheels.com/used-cars/suzuki-mehran-2005-for-sale-in-rawalpindi-11277178,PKR 7.8 lacs,2005,"99,000 km",800 cc,Manual,Petrol,Rawalpindi,Individual,main_ad_11277178,Manual,4/23/2026 0:00,used-car,https://www.pakwheels.com/used-cars/search/-/,,,
Honda Civic Reborn 2012 VTi Oriel Prosmatec 1.8 i-VTEC for Sale,https://www.pakwheels.com/used-cars/honda-civic-2012-for-sale-in-islamabad-11393957,PKR 32 lacs,2012,"157,000 km",1800 cc,Automatic,Petrol,Islamabad,Individual,main_ad_11393957,Automatic,4/23/2026 0:00,used-car,https://www.pakwheels.com/used-cars/search/-/,,,
Hyundai Santro  2007 Club for Sale,https://www.pakwheels.com/used-cars/hyundai-santro-2007-for-sale-in-faisalabad-11393971,PKR 12.25 lacs,2007,"125,000 km",1000 cc,Manual,Petrol,Faisalabad,Individual,main_ad_11393971,Manual,4/23/2026 0:00,used-car,https://www.pakwheels.com/used-cars/search/-/,,,
Honda Civic Rebirth 2015 Oriel Prosmatec UG for Sale,https://www.pakwheels.com/used-cars/honda-civic-2015-for-sale-in-kohat-11393970,PKR 41.25 lacs,2015,"119,000 km",1800 cc,Automatic,Petrol,Kohat,Individual,main_ad_11393970,Automatic,4/23/2026 0:00,used-car,https://www.pakwheels.com/used-cars/search/-/,,,
Daihatsu Move  2017 Custom X for Sale,https://www.pakwheels.com/used-cars/daihatsu-move-2017-for-sale-in-lahore-11374373,PKR 27.75 lacs,2017,"68,000 km",660 cc,Automatic,Petrol,Lahore,Individual,main_ad_11374373,Automatic,4/23/2026 0:00,used-car,https://www.pakwheels.com/used-cars/search/-/,,,
Toyota Corolla  2022 Altis Grande X CVT-i 1.8 Black Interior for Sale,https://www.pakwheels.com/used-cars/toyota-corolla-2022-for-sale-in-karachi-11393944,PKR 66.5 lacs,2022,"36,000 km",1800 cc,Automatic,Petrol,Karachi,Individual,main_ad_11393944,Automatic,4/23/2026 0:00,used-car,https://www.pakwheels.com/used-cars/search/-/,,,
Suzuki Alto  2021 VXR for Sale,https://www.pakwheels.com/used-cars/suzuki-alto-2021-for-sale-in-karachi-11308142,PKR 23.65 lacs,2021,"41,000 km",660 cc,Manual,Petrol,Karachi,Individual,main_ad_11308142,Manual,4/23/2026 0:00,used-car,https://www.pakwheels.com/used-cars/search/-/,,,
Toyota Yaris Sedan  2021 ATIV X CVT 1.5 for Sale,https://www.pakwheels.com/used-cars/toyota-yaris-sedan-2021-for-sale-in-karachi-11393900,PKR 46.9 lacs,2021,"31,000 km",1500 cc,Automatic,Petrol,Karachi,Individual,main_ad_11393900,Automatic,4/23/2026 0:00,used-car,https://www.pakwheels.com/used-cars/search/-/,,,
Toyota Corolla  2019 XLi VVTi for Sale,https://www.pakwheels.com/used-cars/toyota-corolla-2019-for-sale-in-lahore-11376517,PKR 38 lacs,2019,"109,000 km",1300 cc,Manual,Petrol,Lahore,Individual,main_ad_11376517,Manual,4/23/2026 0:00,used-car,https://www.pakwheels.com/used-cars/search/-/,,,
Toyota Corolla Cross  2025 1.8 HEV X for Sale,https://www.pakwheels.com/used-cars/toyota-corolla-cross-2025-for-sale-in-islamabad-11393894,PKR 90 lacs,2025,"14,000 km",1800 cc,Automatic,Hybrid,Islamabad,Individual,main_ad_11393894,Automatic,4/23/2026 0:00,used-car,https://www.pakwheels.com/used-cars/search/-/,,,
Honda City 5th (GM2) Generation 2018 1.3 i-VTEC Prosmatec for Sale,https://www.pakwheels.com/used-cars/honda-city-2018-for-sale-in-lahore-11393893,PKR 37.8 lacs,2018,"92,000 km",1300 cc,Automatic,Petrol,Lahore,Individual,main_ad_11393893,Automatic,4/23/2026 0:00,used-car,https://www.pakwheels.com/used-cars/search/-/,,,
Hyundai Sonata  2025 N Line 2.5 Turbo for Sale,https://www.pakwheels.com/used-cars/hyundai-sonata-2025-for-sale-in-multan-11392709,PKR 1.66 crore,2025,"13,000 km",2500 cc,Automatic,Petrol,Multan,Individual,main_ad_11392709,Automatic,4/23/2026 0:00,used-car,https://www.pakwheels.com/used-cars/search/-/,,,
Suzuki Cultus  2018 VXL for Sale,https://www.pakwheels.com/used-cars/suzuki-cultus-2018-for-sale-in-karachi-11389769,PKR 25.5 lacs,2018,"74,000 km",1000 cc,Manual,Petrol,Karachi,Individual,main_ad_11389769,Manual,4/23/2026 0:00,used-car,https://www.pakwheels.com/used-cars/search/-/,,,
Toyota Raize  2021 Z for Sale,https://www.pakwheels.com/used-cars/toyota-raize-2021-for-sale-in-karachi-11137435,PKR 60.5 lacs,2021,"47,000 km",1000 cc,Automatic,Petrol,Karachi,Individual,main_ad_11137435,Automatic,4/23/2026 0:00,used-car,https://www.pakwheels.com/used-cars/search/-/,,,
Suzuki Swift  2018 RS 1.0 for Sale,https://www.pakwheels.com/used-cars/suzuki-swift-2018-for-sale-in-islamabad-10543824,PKR 43.5 lacs,2018,"82,000 km",1000 cc,Automatic,Petrol,Islamabad,Individual,main_ad_10543824,Automatic,4/23/2026 0:00,used-car,https://www.pakwheels.com/used-cars/search/-/,,,
Jaecoo J5  2026 Premium for Sale,https://www.pakwheels.com/used-cars/jaecoo-j5-2026-for-sale-in-lahore-11393934,PKR 81.9 lacs,2026,52 km,1500 cc,Automatic,Hybrid,Lahore,Individual,main_ad_11393934,Automatic,4/23/2026 0:00,used-car,https://www.pakwheels.com/used-cars/search/-/,,,
Toyota Yaris Sedan  2021 ATIV X CVT 1.5 for Sale,https://www.pakwheels.com/used-cars/toyota-yaris-sedan-2021-for-sale-in-islamabad-11393956,PKR 46.3 lacs,2021,"64,000 km",1500 cc,Automatic,Petrol,Islamabad,Individual,main_ad_11393956,Automatic,4/23/2026 0:00,used-car,https://www.pakwheels.com/used-cars/search/-/,,,
MG HS  2021 1.5 Turbo for Sale,https://www.pakwheels.com/used-cars/mg-hs-2021-for-sale-in-gujrat-11393966,PKR 57.5 lacs,2021,"95,000 km",1490 cc,Automatic,Petrol,Gujrat,Individual,main_ad_11393966,Automatic,4/23/2026 0:00,used-car,https://www.pakwheels.com/used-cars/search/-/,,,
Honda N Wgn  2024 L for Sale,https://www.pakwheels.com/used-cars/honda-n-wgn-2024-for-sale-in-islamabad-11393964,PKR 39.75 lacs,2024,"12,000 km",660 cc,Automatic,Petrol,Islamabad,Individual,main_ad_11393964,Automatic,4/23/2026 0:00,used-car,https://www.pakwheels.com/used-cars/search/-/,,,
Toyota Corolla  2011 XLi VVTi for Sale,https://www.pakwheels.com/used-cars/toyota-corolla-2011-for-sale-in-faisalabad-11390217,PKR 25.4 lacs,2011,"357,000 km",1300 cc,Manual,Petrol,Faisalabad,Individual,main_ad_11390217,Manual,4/23/2026 0:00,used-car,https://www.pakwheels.com/used-cars/search/-/,,,
Honda City 6th Generation 2025 1.5L ASPIRE CVT for Sale,https://www.pakwheels.com/used-cars/honda-city-2025-for-sale-in-lahore-11393954,PKR 60.5 lacs,2025,"5,000 km",1500 cc,Automatic,Petrol,Lahore,Individual,main_ad_11393954,Automatic,4/23/2026 0:00,used-car,https://www.pakwheels.com/used-cars/search/-/,,,
Mercedes Benz C Class  2008  for Sale,https://www.pakwheels.com/used-cars/mercedes-benz-c-class-2008-for-sale-in-rawalpindi-11393949,PKR 55 lacs,2008,"150,000 km",1800 cc,Automatic,Petrol,Rawalpindi,Individual,main_ad_11393949,Automatic,4/23/2026 0:00,used-car,https://www.pakwheels.com/used-cars/search/-/,,,
Toyota Corolla  1994 SE Limited for Sale,https://www.pakwheels.com/used-cars/toyota-corolla-1994-for-sale-in-nowshera-11393943,PKR 20.5 lacs,1994,123 km,1500 cc,Automatic,Petrol,Nowshera,Individual,main_ad_11393943,Automatic,4/23/2026 0:00,used-car,https://www.pakwheels.com/used-cars/search/-/,,,
Suzuki Alto  2014 ECO-S for Sale,https://www.pakwheels.com/used-cars/suzuki-alto-2014-for-sale-in-islamabad-11345670,PKR 23.65 lacs,2014,"90,000 km",660 cc,Automatic,Petrol,Islamabad,Individual,main_ad_11345670,Automatic,4/23/2026 0:00,used-car,https://www.pakwheels.com/used-cars/search/-/,,,
Toyota Passo  2015 Plus Hana C for Sale,https://www.pakwheels.com/used-cars/toyota-passo-2015-for-sale-in-islamabad-11254728,PKR 31.95 lacs,2015,"98,000 km",1000 cc,Automatic,Petrol,Islamabad,Individual,main_ad_11254728,Automatic,4/23/2026 0:00,used-car,https://www.pakwheels.com/used-cars/search/-/,,,
Suzuki Alto  2011 ECO-S for Sale,https://www.pakwheels.com/used-cars/suzuki-alto-2011-for-sale-in-islamabad-11354631,PKR 23.45 lacs,2011,"98,000 km",660 cc,Automatic,Petrol,Islamabad,Individual,main_ad_11354631,Automatic,4/23/2026 0:00,used-car,https://www.pakwheels.com/used-cars/search/-/,,,
Nissan Moco  2012 X Four for Sale,https://www.pakwheels.com/used-cars/nissan-moco-2012-for-sale-in-islamabad-11335010,PKR 20.45 lacs,2012,"98,000 km",660 cc,Automatic,Petrol,Islamabad,Individual,main_ad_11335010,Automatic,4/23/2026 0:00,used-car,https://www.pakwheels.com/used-cars/search/-/,,,
Nissan Moco  2014 X Idling Stop for Sale,https://www.pakwheels.com/used-cars/nissan-moco-2014-for-sale-in-islamabad-11393952,PKR 23.45 lacs,2014,"139,500 km",660 cc,Automatic,Petrol,Islamabad,Individual,main_ad_11393952,Automatic,4/23/2026 0:00,used-car,https://www.pakwheels.com/used-cars/search/-/,,,
Toyota Yaris Hatchback  2023 X for Sale,https://www.pakwheels.com/used-cars/toyota-yaris-hatchback-2023-for-sale-in-lahore-11393950,PKR 47 lacs,2023,"33,500 km",1000 cc,Automatic,Petrol,Lahore,Individual,main_ad_11393950,Automatic,4/23/2026 0:00,used-car,https://www.pakwheels.com/used-cars/search/-/,,,
Toyota Fortuner  2026 2.7 G for Sale,https://www.pakwheels.com/used-cars/toyota-fortuner-2026-for-sale-in-lahore-11386609,PKR 1.45 crore,2026,5 km,2700 cc,Automatic,Petrol,Lahore,Individual,main_ad_11386609,Automatic,4/23/2026 0:00,used-car,https://www.pakwheels.com/used-cars/search/-/,,,
Toyota Pixis Space  2015 L for Sale,https://www.pakwheels.com/used-cars/toyota-pixis-space-2015-for-sale-in-karachi-11393947,PKR 21 lacs,2015,"89,000 km",660 cc,Automatic,Petrol,Karachi,Individual,main_ad_11393947,Automatic,4/23/2026 0:00,used-car,https://www.pakwheels.com/used-cars/search/-/,,,
Suzuki Mehran  2013 VX Euro II for Sale,https://www.pakwheels.com/used-cars/suzuki-mehran-2013-for-sale-in-gujrat-11393946,PKR 10.5 lacs,2013,"97,000 km",796 cc,Manual,Petrol,Gujrat,Individual,main_ad_11393946,Manual,4/23/2026 0:00,used-car,https://www.pakwheels.com/used-cars/search/-/,,,
Nissan Leaf  2021 e+ for Sale,https://www.pakwheels.com/used-cars/nissan-leaf-2021-for-sale-in-islamabad-10476021,PKR 77 lacs,2021,"18,000 km",40.0 kWh,Automatic,Electric,Islamabad,Individual,main_ad_10476021,Automatic,4/23/2026 0:01,used-car,https://www.pakwheels.com/used-cars/search/-/,,,
Toyota Raize  2020 Z for Sale,https://www.pakwheels.com/used-cars/toyota-raize-2020-for-sale-in-islamabad-10988889,PKR 66.75 lacs,2020,"30,000 km",1000 cc,Automatic,Petrol,Islamabad,Individual,main_ad_10988889,Automatic,4/23/2026 0:01,used-car,https://www.pakwheels.com/used-cars/search/-/,,,
Toyota Prado  2003 TZ G 3.4 for Sale,https://www.pakwheels.com/used-cars/toyota-prado-2003-for-sale-in-islamabad-11120728,PKR 1.05 crore,2003,"135,000 km",3400 cc,Automatic,Petrol,Islamabad,Individual,main_ad_11120728,Automatic,4/23/2026 0:01,used-car,https://www.pakwheels.com/used-cars/search/-/,,,
Toyota Fortuner  2026 2.7 G for Sale,https://www.pakwheels.com/used-cars/toyota-fortuner-2026-for-sale-in-islamabad-11393883,PKR 1.52 crore,2026,"2,000 km",2700 cc,Automatic,Petrol,Islamabad,Individual,main_ad_11393883,Automatic,4/23/2026 0:01,used-car,https://www.pakwheels.com/used-cars/search/-/,,,
Proton X70  2022 Premium FWD for Sale,https://www.pakwheels.com/used-cars/proton-x70-2022-for-sale-in-islamabad-11195758,PKR 59.55 lacs,2022,"70,000 km",1500 cc,Automatic,Petrol,Islamabad,Individual,main_ad_11195758,Automatic,4/23/2026 0:01,used-car,https://www.pakwheels.com/used-cars/search/-/,,,
Toyota Corolla  2016 GLi 1.3 VVTi for Sale,https://www.pakwheels.com/used-cars/toyota-corolla-2016-for-sale-in-abbottabad-11393876,PKR 33.5 lacs,2016,"145,000 km",1300 cc,Manual,Petrol,Abbottabad,Individual,main_ad_11393876,Manual,4/23/2026 0:01,used-car,https://www.pakwheels.com/used-cars/search/-/,,,
Toyota Corolla 8th (E110) Generation 2001 2.0D Limited for Sale,https://www.pakwheels.com/used-cars/toyota-corolla-2001-for-sale-in-karachi-11393872,PKR 14.5 lacs,2001,"199,999 km",2000 cc,Manual,Diesel,Karachi,Individual,main_ad_11393872,Manual,4/23/2026 0:01,used-car,https://www.pakwheels.com/used-cars/search/-/,,,
Toyota Prado 3rd (J120) Generation 2003 TX Limited 3.4 for Sale,https://www.pakwheels.com/used-cars/toyota-prado-2003-for-sale-in-karachi-11393871,PKR 1 crore,2003,"38,000 km",3400 cc,Automatic,Petrol,Karachi,Individual,main_ad_11393871,Automatic,4/23/2026 0:01,used-car,https://www.pakwheels.com/used-cars/search/-/,,,
Toyota Yaris Hatchback  2022 X for Sale,https://www.pakwheels.com/used-cars/toyota-yaris-hatchback-2022-for-sale-in-lahore-11312519,PKR 45.9 lacs,2022,"100,821 km",1000 cc,Automatic,Petrol,Lahore,Individual,main_ad_11312519,Automatic,4/23/2026 0:01,used-car,https://www.pakwheels.com/used-cars/search/-/,,,
Toyota Raize  2020 G for Sale,https://www.pakwheels.com/used-cars/toyota-raize-2020-for-sale-in-lahore-11284878,PKR 56.9 lacs,2020,"73,619 km",1000 cc,Automatic,Petrol,Lahore,Individual,main_ad_11284878,Automatic,4/23/2026 0:01,used-car,https://www.pakwheels.com/used-cars/search/-/,,,
Toyota Raize  2020 Z for Sale,https://www.pakwheels.com/used-cars/toyota-raize-2020-for-sale-in-lahore-11316467,PKR 58.95 lacs,2020,"106,451 km",1000 cc,Automatic,Petrol,Lahore,Individual,main_ad_11316467,Automatic,4/23/2026 0:01,used-car,https://www.pakwheels.com/used-cars/search/-/,,,
Toyota Raize  2020 Z for Sale,https://www.pakwheels.com/used-cars/toyota-raize-2020-for-sale-in-lahore-11293619,PKR 57.9 lacs,2020,"55,420 km",1000 cc,Automatic,Petrol,Lahore,Individual,main_ad_11293619,Automatic,4/23/2026 0:01,used-car,https://www.pakwheels.com/used-cars/search/-/,,,
KIA Sportage  2023 AWD for Sale,https://www.pakwheels.com/used-cars/kia-sportage-2023-for-sale-in-karachi-11393942,PKR 80 lacs,2023,"6,000 km",2000 cc,Automatic,Petrol,Karachi,Individual,main_ad_11393942,Automatic,4/23/2026 0:01,used-car,https://www.pakwheels.com/used-cars/search/-/,,,
Honda Civic Rebirth 2014 VTi Prosmatec 1.8 i-VTEC for Sale,https://www.pakwheels.com/used-cars/honda-civic-2014-for-sale-in-mardan-11393940,PKR 35 lacs,2014,"100,000 km",1800 cc,Automatic,Petrol,Mardan,Individual,main_ad_11393940,Automatic,4/23/2026 0:01,used-car,https://www.pakwheels.com/used-cars/search/-/,,,
Suzuki Mehran  2011 VXR for Sale,https://www.pakwheels.com/used-cars/suzuki-mehran-2011-for-sale-in-islamabad-11393933,PKR 11.5 lacs,2011,"61,900 km",800 cc,Manual,Petrol,Islamabad,Individual,main_ad_11393933,Manual,4/23/2026 0:01,used-car,https://www.pakwheels.com/used-cars/search/-/,,,
Toyota Corolla  2018 GLi 1.3 VVTi for Sale,https://www.pakwheels.com/used-cars/toyota-corolla-2018-for-sale-in-lahore-11393938,PKR 42.5 lacs,2018,"95,000 km",1300 cc,Manual,Petrol,Lahore,Individual,main_ad_11393938,Manual,4/23/2026 0:01,used-car,https://www.pakwheels.com/used-cars/search/-/,,,
Toyota Raize  2020 G for Sale,https://www.pakwheels.com/used-cars/toyota-raize-2020-for-sale-in-gujranwala-11393932,PKR 55 lacs,2020,"66,000 km",1000 cc,Automatic,Petrol,Gujranwala,Individual,main_ad_11393932,Automatic,4/23/2026 0:01,used-car,https://www.pakwheels.com/used-cars/search/-/,,,
Toyota Pixis Van  2022 Deluxe for Sale,https://www.pakwheels.com/used-cars/toyota-pixis-van-2022-for-sale-in-wazirabad-11393931,PKR 25.5 lacs,2022,"80,000 km",660 cc,Manual,Petrol,Wazirabad,Individual,main_ad_11393931,Manual,4/23/2026 0:01,used-car,https://www.pakwheels.com/used-cars/search/-/,,,
Honda Civic  2022 1.5 VTEC Turbo Oriel for Sale,https://www.pakwheels.com/used-cars/honda-civic-2022-for-sale-in-karachi-11393895,PKR 71 lacs,2022,"26,000 km",1500 cc,Automatic,Petrol,Karachi,Individual,main_ad_11393895,Automatic,4/23/2026 0:01,used-car,https://www.pakwheels.com/used-cars/search/-/,,,
Honda Civic Rebirth 2014 VTi Prosmatec 1.8 i-VTEC for Sale,https://www.pakwheels.com/used-cars/honda-civic-2014-for-sale-in-lahore-11393929,PKR 39.5 lacs,2014,"128,000 km",1800 cc,Automatic,Petrol,Lahore,Individual,main_ad_11393929,Automatic,4/23/2026 0:01,used-car,https://www.pakwheels.com/used-cars/search/-/,,,
Suzuki Cultus  2008 VXRi for Sale,https://www.pakwheels.com/used-cars/suzuki-cultus-2008-for-sale-in-faisalabad-11393930,PKR 14 lacs,2008,"100,000 km",1000 cc,Manual,Petrol,Faisalabad,Individual,main_ad_11393930,Manual,4/23/2026 0:01,used-car,https://www.pakwheels.com/used-cars/search/-/,,,
Toyota Yaris Sedan  2021 GLI CVT 1.3 for Sale,https://www.pakwheels.com/used-cars/toyota-yaris-sedan-2021-for-sale-in-karachi-11393926,PKR 40.5 lacs,2021,61 km,1300 cc,Automatic,Petrol,Karachi,Individual,main_ad_11393926,Automatic,4/23/2026 0:01,used-car,https://www.pakwheels.com/used-cars/search/-/,,,
Toyota Mark X  2006 250G S Package for Sale,https://www.pakwheels.com/used-cars/toyota-mark-x-2006-for-sale-in-karachi-11393927,PKR 48 lacs,2006,"40,000 km",2500 cc,Automatic,Petrol,Karachi,Individual,main_ad_11393927,Automatic,4/23/2026 0:01,used-car,https://www.pakwheels.com/used-cars/search/-/,,,
Toyota Vitz  2010  for Sale,https://www.pakwheels.com/used-cars/toyota-vitz-2010-for-sale-in-lahore-11393928,PKR 24 lacs,2010,"110,000 km",1000 cc,Automatic,Petrol,Lahore,Individual,main_ad_11393928,Automatic,4/23/2026 0:01,used-car,https://www.pakwheels.com/used-cars/search/-/,,,
Toyota Vitz  2006 F 1.3 for Sale,https://www.pakwheels.com/used-cars/toyota-vitz-2006-for-sale-in-bannu-11363927,PKR 23.8 lacs,2006,"160,000 km",1300 cc,Automatic,Petrol,Bannu,Individual,main_ad_11363927,Automatic,4/23/2026 0:01,used-car,https://www.pakwheels.com/used-cars/search/-/,,,
Toyota Rush  2019 S for Sale,https://www.pakwheels.com/used-cars/toyota-rush-2019-for-sale-in-peshawar-11393916,PKR 65 lacs,2019,"60,000 km",1500 cc,Automatic,Petrol,Peshawar,Individual,main_ad_11393916,Automatic,4/23/2026 0:01,used-car,https://www.pakwheels.com/used-cars/search/-/,,,
Suzuki Alto  2017 L for Sale,https://www.pakwheels.com/used-cars/suzuki-alto-2017-for-sale-in-wah-cantt-11393915,PKR 23.9 lacs,2017,"204,500 km",660 cc,Automatic,Petrol,Wah cantt,Individual,main_ad_11393915,Automatic,4/23/2026 0:01,used-car,https://www.pakwheels.com/used-cars/search/-/,,,
Changan Oshan X7  2022 Comfort for Sale,https://www.pakwheels.com/used-cars/changan-oshan-x7-2022-for-sale-in-lahore-11097121,PKR 78.75 lacs,2022,"13,000 km",1500 cc,Automatic,Petrol,Lahore,Individual,main_ad_11097121,Automatic,4/23/2026 0:01,used-car,https://www.pakwheels.com/used-cars/search/-/,,,
Toyota Surf  1998 SSR-G 3.0D for Sale,https://www.pakwheels.com/used-cars/toyota-surf-1998-for-sale-in-sheikhupura-11393913,PKR 35 lacs,1998,"65,000 km",3000 cc,Automatic,Diesel,Sheikhupura,Individual,main_ad_11393913,Automatic,4/23/2026 0:01,used-car,https://www.pakwheels.com/used-cars/search/-/,,,
Toyota Aqua  2015 S for Sale,https://www.pakwheels.com/used-cars/toyota-aqua-2015-for-sale-in-fateh-jang-11393912,PKR 44 lacs,2015,"140,000 km",1500 cc,Automatic,Hybrid,Fateh Jang,Individual,main_ad_11393912,Automatic,4/23/2026 0:01,used-car,https://www.pakwheels.com/used-cars/search/-/,,,
Suzuki Mehran  1989 VX for Sale,https://www.pakwheels.com/used-cars/suzuki-mehran-1989-for-sale-in-lahore-11393911,PKR 6 lacs,1989,"100,000 km",800 cc,Manual,Petrol,Lahore,Individual,main_ad_11393911,Manual,4/23/2026 0:01,used-car,https://www.pakwheels.com/used-cars/search/-/,,,
Honda Civic Reborn 2010 VTi 1.8 i-VTEC for Sale,https://www.pakwheels.com/used-cars/honda-civic-2010-for-sale-in-islamabad-11393910,PKR 22 lacs,2010,"200,500 km",1800 cc,Manual,Petrol,Islamabad,Individual,main_ad_11393910,Manual,4/23/2026 0:01,used-car,https://www.pakwheels.com/used-cars/search/-/,,,
Honda Civic Reborn 2013 VTi Oriel Prosmatec 1.8 i-VTEC for Sale,https://www.pakwheels.com/used-cars/honda-civic-2013-for-sale-in-lahore-11393807,PKR 31.8 lacs,2013,"150,000 km",1800 cc,Automatic,Petrol,Lahore,Individual,main_ad_11393807,Automatic,4/23/2026 0:01,used-car,https://www.pakwheels.com/used-cars/search/-/,,,
Toyota Vitz  2018 1.0F Safety Edition III for Sale,https://www.pakwheels.com/used-cars/toyota-vitz-2018-for-sale-in-lahore-11393820,PKR 40.75 lacs,2018,"86,000 km",1000 cc,Automatic,Petrol,Lahore,Individual,main_ad_11393820,Automatic,4/23/2026 0:01,used-car,https://www.pakwheels.com/used-cars/search/-/,,,
Toyota Land Cruiser  2016 AX G Selection for Sale,https://www.pakwheels.com/used-cars/toyota-land-cruiser-2016-for-sale-in-sialkot-11393787,PKR 3.25 crore,2016,"74,000 km",4600 cc,Automatic,Petrol,Sialkot,Individual,main_ad_11393787,Automatic,4/23/2026 0:01,used-car,https://www.pakwheels.com/used-cars/search/-/,,,
Suzuki Potohar  1998 Basegrade for Sale,https://www.pakwheels.com/used-cars/suzuki-potohar-1998-for-sale-in-lahore-11386274,PKR 12.4 lacs,1998,"156,700 km",1000 cc,Manual,Petrol,Lahore,Individual,main_ad_11386274,Manual,4/23/2026 0:01,used-car,https://www.pakwheels.com/used-cars/search/-/,,,
Toyota Corolla  2017 GLi 1.3 VVTi for Sale,https://www.pakwheels.com/used-cars/toyota-corolla-2017-for-sale-in-islamabad-11388143,PKR 44 lacs,2017,"160,000 km",1300 cc,Manual,Petrol,Islamabad,Individual,main_ad_11388143,Manual,4/23/2026 0:01,used-car,https://www.pakwheels.com/used-cars/search/-/,,,
Toyota Corolla  2018 Altis Grande CVT-i 1.8 for Sale,https://www.pakwheels.com/used-cars/toyota-corolla-2018-for-sale-in-sialkot-11356032,PKR 56.75 lacs,2018,"41,000 km",1800 cc,Automatic,Petrol,Sialkot,Individual,main_ad_11356032,Automatic,4/23/2026 0:01,used-car,https://www.pakwheels.com/used-cars/search/-/,,,
Honda Civic  2018 Oriel 1.8 i-VTEC CVT for Sale,https://www.pakwheels.com/used-cars/honda-civic-2018-for-sale-in-sialkot-11379356,PKR 57.5 lacs,2018,"63,000 km",1800 cc,Automatic,Petrol,Sialkot,Individual,main_ad_11379356,Automatic,4/23/2026 0:01,used-car,https://www.pakwheels.com/used-cars/search/-/,,,
KIA Sportage  2022 FWD for Sale,https://www.pakwheels.com/used-cars/kia-sportage-2022-for-sale-in-gujranwala-11367556,PKR 67.5 lacs,2022,"50,800 km",2000 cc,Automatic,Petrol,Gujranwala,Individual,main_ad_11367556,Automatic,4/23/2026 0:01,used-car,https://www.pakwheels.com/used-cars/search/-/,,,
Toyota Prado  2017 TX Limited 2.7 for Sale,https://www.pakwheels.com/used-cars/toyota-prado-2017-for-sale-in-karachi-11393728,PKR 2.35 crore,2017,"48,000 km",2700 cc,Automatic,Petrol,Karachi,Individual,main_ad_11393728,Automatic,4/23/2026 0:01,used-car,https://www.pakwheels.com/used-cars/search/-/,,,
Suzuki Swift  2012 DX 1.3 for Sale,https://www.pakwheels.com/used-cars/suzuki-swift-2012-for-sale-in-peshawar-11393718,PKR 21.7 lacs,2012,"200,000 km",1300 cc,Manual,Petrol,Peshawar,Individual,main_ad_11393718,Manual,4/23/2026 0:01,used-car,https://www.pakwheels.com/used-cars/search/-/,,,
KIA Sportage  2021 FWD for Sale,https://www.pakwheels.com/used-cars/kia-sportage-2021-for-sale-in-islamabad-11238246,PKR 62.9 lacs,2021,"112,000 km",2000 cc,Automatic,Petrol,Islamabad,Individual,main_ad_11238246,Automatic,4/23/2026 0:01,used-car,https://www.pakwheels.com/used-cars/search/-/,,,
Honda Civic  2017 Oriel 1.8 i-VTEC CVT for Sale,https://www.pakwheels.com/used-cars/honda-civic-2017-for-sale-in-islamabad-11199032,PKR 48.5 lacs,2017,"170,000 km",1800 cc,Automatic,Petrol,Islamabad,Individual,main_ad_11199032,Automatic,4/23/2026 0:01,used-car,https://www.pakwheels.com/used-cars/search/-/,,,
Toyota Passo  2013 X for Sale,https://www.pakwheels.com/used-cars/toyota-passo-2013-for-sale-in-islamabad-11393908,PKR 33.75 lacs,2013,"49,500 km",1000 cc,Automatic,Petrol,Islamabad,Individual,main_ad_11393908,Automatic,4/23/2026 0:01,used-car,https://www.pakwheels.com/used-cars/search/-/,,,
Suzuki Cultus  2007  for Sale,https://www.pakwheels.com/used-cars/suzuki-cultus-2007-for-sale-in-lahore-11393906,PKR 9.8 lacs,2007,"100,000 km",1000 cc,Manual,Petrol,Lahore,Individual,main_ad_11393906,Manual,4/23/2026 0:01,used-car,https://www.pakwheels.com/used-cars/search/-/,,,
Honda City 5th (GM2) Generation 2020 Aspire Prosmatec 1.5 i-VTEC for Sale,https://www.pakwheels.com/used-cars/honda-city-2020-for-sale-in-lahore-11393905,PKR 43 lacs,2020,"118,000 km",1500 cc,Automatic,Petrol,Lahore,Individual,main_ad_11393905,Automatic,4/23/2026 0:01,used-car,https://www.pakwheels.com/used-cars/search/-/,,,
Suzuki Margalla  1994 GL for Sale,https://www.pakwheels.com/used-cars/suzuki-margalla-1994-for-sale-in-islamabad-11393904,PKR 6.5 lacs,1994,"100,000 km",1300 cc,Manual,Petrol,Islamabad,Individual,main_ad_11393904,Manual,4/23/2026 0:01,used-car,https://www.pakwheels.com/used-cars/search/-/,,,
Daihatsu Mira  2022 X for Sale,https://www.pakwheels.com/used-cars/daihatsu-mira-2022-for-sale-in-rawalpindi-11393896,PKR 33.9 lacs,2022,"17,500 km",660 cc,Automatic,Petrol,Rawalpindi,Individual,main_ad_11393896,Automatic,4/23/2026 0:01,used-car,https://www.pakwheels.com/used-cars/search/-/,,,
Toyota Vitz  2015 RS 1.3 for Sale,https://www.pakwheels.com/used-cars/toyota-vitz-2015-for-sale-in-karachi-11393892,PKR 30.5 lacs,2015,"50,000 km",1300 cc,Automatic,Petrol,Karachi,Individual,main_ad_11393892,Automatic,4/23/2026 0:01,used-car,https://www.pakwheels.com/used-cars/search/-/,,,
Suzuki Alto  2007 E for Sale,https://www.pakwheels.com/used-cars/suzuki-alto-2007-for-sale-in-karachi-11393899,PKR 10.8 lacs,2007,"50,000 km",660 cc,Automatic,Petrol,Karachi,Individual,main_ad_11393899,Automatic,4/23/2026 0:01,used-car,https://www.pakwheels.com/used-cars/search/-/,,,
Toyota Aqua  2019 S for Sale,https://www.pakwheels.com/used-cars/toyota-aqua-2019-for-sale-in-nowshera-cantt-11393888,PKR 51.5 lacs,2019,"92,000 km",1500 cc,Automatic,Hybrid,Nowshera cantt,Individual,main_ad_11393888,Automatic,4/23/2026 0:01,used-car,https://www.pakwheels.com/used-cars/search/-/,,,
Suzuki Cultus  2009 VXLi for Sale,https://www.pakwheels.com/used-cars/suzuki-cultus-2009-for-sale-in-karachi-11393889,PKR 13.2 lacs,2009,"100,000 km",1000 cc,Manual,Petrol,Karachi,Individual,main_ad_11393889,Manual,4/23/2026 0:01,used-car,https://www.pakwheels.com/used-cars/search/-/,,,
Hyundai Tucson  2024 AWD A/T Ultimate for Sale,https://www.pakwheels.com/used-cars/hyundai-tucson-2024-for-sale-in-islamabad-11393870,PKR 84.5 lacs,2024,"26,669 km",2000 cc,Automatic,Petrol,Islamabad,Individual,main_ad_11393870,Automatic,4/23/2026 0:01,used-car,https://www.pakwheels.com/used-cars/search/-/,,,
Toyota Corolla 9th (E120) Generation 2008 XLi for Sale,https://www.pakwheels.com/used-cars/toyota-corolla-2008-for-sale-in-abbottabad-11393886,PKR 21 lacs,2008,"200,000 km",1300 cc,Manual,Petrol,Abbottabad,Individual,main_ad_11393886,Manual,4/23/2026 0:01,used-car,https://www.pakwheels.com/used-cars/search/-/,,,
Toyota Passo  2020  for Sale,https://www.pakwheels.com/used-cars/toyota-passo-2020-for-sale-in-rawalpindi-11393885,PKR 39.5 lacs,2020,"84,172 km",1000 cc,Automatic,Petrol,Rawalpindi,Individual,main_ad_11393885,Automatic,4/23/2026 0:01,used-car,https://www.pakwheels.com/used-cars/search/-/,,,
Suzuki Mehran  2006 VXR for Sale,https://www.pakwheels.com/used-cars/suzuki-mehran-2006-for-sale-in-lahore-11393884,PKR 5.74 lacs,2006,"41,693 km",800 cc,Manual,Petrol,Lahore,Individual,main_ad_11393884,Manual,4/23/2026 0:01,used-car,https://www.pakwheels.com/used-cars/search/-/,,,
Suzuki Alto  2022 VXR for Sale,https://www.pakwheels.com/used-cars/suzuki-alto-2022-for-sale-in-islamabad-11393878,PKR 25.45 lacs,2022,"44,000 km",1000 cc,Manual,Petrol,Islamabad,Individual,main_ad_11393878,Manual,4/23/2026 0:01,used-car,https://www.pakwheels.com/used-cars/search/-/,,,
Daihatsu Mira  2014 ES for Sale,https://www.pakwheels.com/used-cars/daihatsu-mira-2014-for-sale-in-islamabad-11393716,PKR 25.5 lacs,2014,"195,000 km",660 cc,Automatic,Petrol,Islamabad,Individual,main_ad_11393716,Automatic,4/23/2026 0:01,used-car,https://www.pakwheels.com/used-cars/search/-/,,,
Hyundai Tucson  2024 AWD A/T Ultimate for Sale,https://www.pakwheels.com/used-cars/hyundai-tucson-2024-for-sale-in-lahore-11393693,PKR 85 lacs,2024,"35,000 km",2000 cc,Automatic,Petrol,Lahore,Individual,main_ad_11393693,Automatic,4/23/2026 0:01,used-car,https://www.pakwheels.com/used-cars/search/-/,,,
Toyota Corolla  2019 Altis X Automatic 1.6 for Sale,https://www.pakwheels.com/used-cars/toyota-corolla-2019-for-sale-in-rawalpindi-11393702,PKR 50 lacs,2019,"90,000 km",1600 cc,Automatic,Petrol,Rawalpindi,Individual,main_ad_11393702,Automatic,4/23/2026 0:01,used-car,https://www.pakwheels.com/used-cars/search/-/,,,
Toyota Yaris Hatchback  2022 X for Sale,https://www.pakwheels.com/used-cars/toyota-yaris-hatchback-2022-for-sale-in-rawalpindi-11393691,PKR 44 lacs,2022,"17,000 km",1000 cc,Automatic,Petrol,Rawalpindi,Individual,main_ad_11393691,Automatic,4/23/2026 0:01,used-car,https://www.pakwheels.com/used-cars/search/-/,,,
Daihatsu Rocky  2020 Premium G for Sale,https://www.pakwheels.com/used-cars/daihatsu-rocky-2020-for-sale-in-lahore-11287238,PKR 58.5 lacs,2020,"69,130 km",1000 cc,Automatic,Petrol,Lahore,Individual,main_ad_11287238,Automatic,4/23/2026 0:02,used-car,https://www.pakwheels.com/used-cars/search/-/,,,
Daihatsu Rocky  2020 Premium G for Sale,https://www.pakwheels.com/used-cars/daihatsu-rocky-2020-for-sale-in-lahore-11327159,PKR 59.5 lacs,2020,"66,641 km",1000 cc,Automatic,Petrol,Lahore,Individual,main_ad_11327159,Automatic,4/23/2026 0:02,used-car,https://www.pakwheels.com/used-cars/search/-/,,,
Suzuki Swift  2010 DLX 1.3 for Sale,https://www.pakwheels.com/used-cars/suzuki-swift-2010-for-sale-in-lahore-11286469,PKR 17.25 lacs,2010,"139,000 km",1300 cc,Manual,Petrol,Lahore,Individual,main_ad_11286469,Manual,4/23/2026 0:02,used-car,https://www.pakwheels.com/used-cars/search/-/,,,
Toyota Raize  2021 Z for Sale,https://www.pakwheels.com/used-cars/toyota-raize-2021-for-sale-in-islamabad-11352260,PKR 65.5 lacs,2021,"44,000 km",1000 cc,Automatic,Petrol,Islamabad,Individual,main_ad_11352260,Automatic,4/23/2026 0:02,used-car,https://www.pakwheels.com/used-cars/search/-/,,,
Mercedes Benz C Class  2007 C180 for Sale,https://www.pakwheels.com/used-cars/mercedes-benz-c-class-2007-for-sale-in-karachi-11393645,PKR 49.5 lacs,2007,"160,000 km",1800 cc,Automatic,Petrol,Karachi,Individual,main_ad_11393645,Automatic,4/23/2026 0:02,used-car,https://www.pakwheels.com/used-cars/search/-/,,,
Haval H6  2025 HEV for Sale,https://www.pakwheels.com/used-cars/haval-h6-2025-for-sale-in-islamabad-11393637,PKR 1.14 crore,2025,"21,000 km",1500 cc,Automatic,Hybrid,Islamabad,Individual,main_ad_11393637,Automatic,4/23/2026 0:02,used-car,https://www.pakwheels.com/used-cars/search/-/,,,
Toyota Corolla  2015 Altis CVT-i 1.8 for Sale,https://www.pakwheels.com/used-cars/toyota-corolla-2015-for-sale-in-lahore-11354157,PKR 42 lacs,2015,"122,000 km",1800 cc,Automatic,Petrol,Lahore,Individual,main_ad_11354157,Automatic,4/23/2026 0:02,used-car,https://www.pakwheels.com/used-cars/search/-/,,,
Mercedes Benz E Class  2014 E250 for Sale,https://www.pakwheels.com/used-cars/mercedes-benz-e-class-2014-for-sale-in-islamabad-11393627,PKR 1.1 crore,2014,"160,000 km",2100 cc,Automatic,Petrol,Islamabad,Individual,main_ad_11393627,Automatic,4/23/2026 0:02,used-car,https://www.pakwheels.com/used-cars/search/-/,,,
Mitsubishi Challenger  1995  for Sale,https://www.pakwheels.com/used-cars/mitsubishi-challenger-1995-for-sale-in-islamabad-11393879,PKR 40.5 lacs,1995,"86,000 km",3500 cc,Automatic,Petrol,Islamabad,Individual,main_ad_11393879,Automatic,4/23/2026 0:02,used-car,https://www.pakwheels.com/used-cars/search/-/,,,
Toyota Aqua  2014 S for Sale,https://www.pakwheels.com/used-cars/toyota-aqua-2014-for-sale-in-jhelum-11393874,PKR 35.6 lacs,2014,"120,000 km",1500 cc,Automatic,Hybrid,Jhelum,Individual,main_ad_11393874,Automatic,4/23/2026 0:02,used-car,https://www.pakwheels.com/used-cars/search/-/,,,
Suzuki Wagon R  2021 VXL for Sale,https://www.pakwheels.com/used-cars/suzuki-wagon-r-2021-for-sale-in-mian-wali-11393875,PKR 30.25 lacs,2021,"40,000 km",1000 cc,Manual,Petrol,Mian Wali,Individual,main_ad_11393875,Manual,4/23/2026 0:02,used-car,https://www.pakwheels.com/used-cars/search/-/,,,
Daihatsu Mira  2014 L SA for Sale,https://www.pakwheels.com/used-cars/daihatsu-mira-2014-for-sale-in-karachi-11393877,PKR 19.8 lacs,2014,"150,000 km",660 cc,Automatic,Petrol,Karachi,Individual,main_ad_11393877,Automatic,4/23/2026 0:02,used-car,https://www.pakwheels.com/used-cars/search/-/,,,
Hyundai Tucson  2022 FWD A/T GLS Sport for Sale,https://www.pakwheels.com/used-cars/hyundai-tucson-2022-for-sale-in-karachi-11393844,PKR 71.75 lacs,2022,"25,000 km",2000 cc,Automatic,Petrol,Karachi,Individual,main_ad_11393844,Automatic,4/23/2026 0:02,used-car,https://www.pakwheels.com/used-cars/search/-/,,,
Changan Karvaan  2021 Plus for Sale,https://www.pakwheels.com/used-cars/changan-karvaan-2021-for-sale-in-islamabad-11334901,PKR 22 lacs,2021,"180,000 km",1000 cc,Manual,Petrol,Islamabad,Individual,main_ad_11334901,Manual,4/23/2026 0:02,used-car,https://www.pakwheels.com/used-cars/search/-/,,,
Toyota Land Cruiser  1998  for Sale,https://www.pakwheels.com/used-cars/toyota-land-cruiser-1998-for-sale-in-islamabad-10541203,PKR 1.1 crore,1998,"185,000 km",4200 cc,Manual,Diesel,Islamabad,Individual,main_ad_10541203,Manual,4/23/2026 0:02,used-car,https://www.pakwheels.com/used-cars/search/-/,,,
Honda Civic  2018 Oriel 1.8 i-VTEC CVT for Sale,https://www.pakwheels.com/used-cars/honda-civic-2018-for-sale-in-lahore-11393868,PKR 53.5 lacs,2018,"155,800 km",1800 cc,Automatic,Petrol,Lahore,Individual,main_ad_11393868,Automatic,4/23/2026 0:02,used-car,https://www.pakwheels.com/used-cars/search/-/,,,
Honda City 5th (GM2) Generation 2016 Aspire Prosmatec 1.5 i-VTEC for Sale,https://www.pakwheels.com/used-cars/honda-city-2016-for-sale-in-charsadda-11393867,PKR 39 lacs,2016,"120,000 km",1500 cc,Automatic,Petrol,Charsadda,Individual,main_ad_11393867,Automatic,4/23/2026 0:02,used-car,https://www.pakwheels.com/used-cars/search/-/,,,
Jaecoo J5  2026 Premium for Sale,https://www.pakwheels.com/used-cars/jaecoo-j5-2026-for-sale-in-karachi-11393831,PKR 83.99 lacs,2026,8 km,1500 cc,Automatic,Hybrid,Karachi,Individual,main_ad_11393831,Automatic,4/23/2026 0:02,used-car,https://www.pakwheels.com/used-cars/search/-/,,,
Mitsubishi Lancer  2006 GLX 1.3 for Sale,https://www.pakwheels.com/used-cars/mitsubishi-lancer-2006-for-sale-in-karachi-11393834,PKR 12.5 lacs,2006,"231,000 km",1300 cc,Manual,Petrol,Karachi,Individual,main_ad_11393834,Manual,4/23/2026 0:02,used-car,https://www.pakwheels.com/used-cars/search/-/,,,
Toyota Vitz  2012 F 1.0 for Sale,https://www.pakwheels.com/used-cars/toyota-vitz-2012-for-sale-in-karachi-11393846,PKR 25 lacs,2012,"81,000 km",1000 cc,Automatic,Petrol,Karachi,Individual,main_ad_11393846,Automatic,4/23/2026 0:02,used-car,https://www.pakwheels.com/used-cars/search/-/,,,
Toyota Corolla  2019 Altis Grande CVT-i 1.8 for Sale,https://www.pakwheels.com/used-cars/toyota-corolla-2019-for-sale-in-karachi-11393843,PKR 52 lacs,2019,"92,000 km",1800 cc,Automatic,Petrol,Karachi,Individual,main_ad_11393843,Automatic,4/23/2026 0:02,used-car,https://www.pakwheels.com/used-cars/search/-/,,,
Toyota Corolla  2022 Altis X CVT-i 1.8 for Sale,https://www.pakwheels.com/used-cars/toyota-corolla-2022-for-sale-in-wazirabad-11393473,PKR 69.2 lacs,2022,"55,000 km",1800 cc,Automatic,Petrol,Wazirabad,Individual,main_ad_11393473,Automatic,4/23/2026 0:02,used-car,https://www.pakwheels.com/used-cars/search/-/,,,
Toyota Mark X  2005 250G S Package for Sale,https://www.pakwheels.com/used-cars/toyota-mark-x-2005-for-sale-in-karachi-11393841,PKR 45.5 lacs,2005,"180,000 km",2500 cc,Automatic,Petrol,Karachi,Individual,main_ad_11393841,Automatic,4/23/2026 0:02,used-car,https://www.pakwheels.com/used-cars/search/-/,,,
Suzuki Mehran  2014 VX Euro II for Sale,https://www.pakwheels.com/used-cars/suzuki-mehran-2014-for-sale-in-faisalabad-11393840,PKR 9.85 lacs,2014,"45,286 km",796 cc,Manual,Petrol,Faisalabad,Individual,main_ad_11393840,Manual,4/23/2026 0:02,used-car,https://www.pakwheels.com/used-cars/search/-/,,,
Toyota Corolla  2016 Altis Automatic 1.6 for Sale,https://www.pakwheels.com/used-cars/toyota-corolla-2016-for-sale-in-karachi-11393838,PKR 37 lacs,2016,"93,000 km",1600 cc,Automatic,Petrol,Karachi,Individual,main_ad_11393838,Automatic,4/23/2026 0:02,used-car,https://www.pakwheels.com/used-cars/search/-/,,,
Toyota Corolla  1996  for Sale,https://www.pakwheels.com/used-cars/toyota-corolla-1996-for-sale-in-charsadda-11393836,PKR 12.3 lacs,1996,"122,222 km",1500 cc,Manual,Petrol,Charsadda,Individual,main_ad_11393836,Manual,4/23/2026 0:02,used-car,https://www.pakwheels.com/used-cars/search/-/,,,
Suzuki Wagon R  2017 VXL for Sale,https://www.pakwheels.com/used-cars/suzuki-wagon-r-2017-for-sale-in-multan-11393833,PKR 22.5 lacs,2017,"153,956 km",1000 cc,Manual,Petrol,Multan,Individual,main_ad_11393833,Manual,4/23/2026 0:02,used-car,https://www.pakwheels.com/used-cars/search/-/,,,
Honda Civic Rebirth 2015 VTi Oriel Prosmatec 1.8 i-VTEC for Sale,https://www.pakwheels.com/used-cars/honda-civic-2015-for-sale-in-karachi-11393825,PKR 42 lacs,2015,"109,000 km",1800 cc,Automatic,Petrol,Karachi,Individual,main_ad_11393825,Automatic,4/23/2026 0:02,used-car,https://www.pakwheels.com/used-cars/search/-/,,,
Honda Civic  2022 Oriel 1.8 i-VTEC CVT for Sale,https://www.pakwheels.com/used-cars/honda-civic-2022-for-sale-in-karachi-11393518,PKR 63.75 lacs,2022,"21,000 km",1800 cc,Automatic,Petrol,Karachi,Individual,main_ad_11393518,Automatic,4/23/2026 0:02,used-car,https://www.pakwheels.com/used-cars/search/-/,,,
Honda Civic  2016 VTi Oriel Prosmatec 1.8 i-VTEC for Sale,https://www.pakwheels.com/used-cars/honda-civic-2016-for-sale-in-islamabad-11393590,PKR 45 lacs,2016,"86,000 km",1800 cc,Automatic,Petrol,Islamabad,Individual,main_ad_11393590,Automatic,4/23/2026 0:02,used-car,https://www.pakwheels.com/used-cars/search/-/,,,
Toyota Fortuner  2018 2.8 Sigma 4 for Sale,https://www.pakwheels.com/used-cars/toyota-fortuner-2018-for-sale-in-gujrat-11341129,PKR 1.28 crore,2018,"66,000 km",2800 cc,Automatic,Diesel,Gujrat,Individual,main_ad_11341129,Automatic,4/23/2026 0:02,used-car,https://www.pakwheels.com/used-cars/search/-/,,,
KIA Sportage  2021 AWD for Sale,https://www.pakwheels.com/used-cars/kia-sportage-2021-for-sale-in-islamabad-11393609,PKR 71 lacs,2021,"52,000 km",2000 cc,Automatic,Petrol,Islamabad,Individual,main_ad_11393609,Automatic,4/23/2026 0:02,used-car,https://www.pakwheels.com/used-cars/search/-/,,,
Honda Civic  2020 Oriel 1.8 i-VTEC CVT for Sale,https://www.pakwheels.com/used-cars/honda-civic-2020-for-sale-in-gujranwala-11393603,PKR 59.5 lacs,2020,"83,000 km",1800 cc,Automatic,Petrol,Gujranwala,Individual,main_ad_11393603,Automatic,4/23/2026 0:02,used-car,https://www.pakwheels.com/used-cars/search/-/,,,
Toyota Corolla  2016 Altis Automatic 1.6 for Sale,https://www.pakwheels.com/used-cars/toyota-corolla-2016-for-sale-in-sargodha-11393592,PKR 38.5 lacs,2016,"155,000 km",1600 cc,Automatic,Petrol,Sargodha,Individual,main_ad_11393592,Automatic,4/23/2026 0:02,used-car,https://www.pakwheels.com/used-cars/search/-/,,,
Honda Civic  2019 Oriel 1.8 i-VTEC CVT for Sale,https://www.pakwheels.com/used-cars/honda-civic-2019-for-sale-in-gujranwala-11393593,PKR 57.75 lacs,2019,"68,000 km",1800 cc,Automatic,Petrol,Gujranwala,Individual,main_ad_11393593,Automatic,4/23/2026 0:02,used-car,https://www.pakwheels.com/used-cars/search/-/,,,
Subaru Brz  2014 Premium for Sale,https://www.pakwheels.com/used-cars/subaru-brz-2014-for-sale-in-islamabad-10286439,PKR 1.5 crore,2014,"35,000 km",2000 cc,Automatic,Petrol,Islamabad,Individual,main_ad_10286439,Automatic,4/23/2026 0:02,used-car,https://www.pakwheels.com/used-cars/search/-/,,,
Toyota Hilux  2018 Revo V Automatic 2.8 for Sale,https://www.pakwheels.com/used-cars/toyota-hilux-2018-for-sale-in-rawalpindi-11393591,PKR 1.03 crore,2018,"107,000 km",2800 cc,Automatic,Diesel,Rawalpindi,Individual,main_ad_11393591,Automatic,4/23/2026 0:02,used-car,https://www.pakwheels.com/used-cars/search/-/,,,
Lexus LX Series  2018 LX570 for Sale,https://www.pakwheels.com/used-cars/lexus-lx-series-2018-for-sale-in-islamabad-11077451,PKR 6.5 crore,2018,"40,000 km",5700 cc,Automatic,Petrol,Islamabad,Individual,main_ad_11077451,Automatic,4/23/2026 0:02,used-car,https://www.pakwheels.com/used-cars/search/-/,,,
Toyota Crown  2008 Athlete Anniversary Edition for Sale,https://www.pakwheels.com/used-cars/toyota-crown-2008-for-sale-in-islamabad-11184658,PKR 1.45 crore,2008,"75,000 km",3500 cc,Automatic,Petrol,Islamabad,Individual,main_ad_11184658,Automatic,4/23/2026 0:02,used-car,https://www.pakwheels.com/used-cars/search/-/,,,
Jaecoo J5  2026 Premium for Sale,https://www.pakwheels.com/used-cars/jaecoo-j5-2026-for-sale-in-rawalpindi-11384097,PKR 83.5 lacs,2026,"1,073 km",1500 cc,Automatic,Hybrid,Rawalpindi,Individual,main_ad_11384097,Automatic,4/23/2026 0:02,used-car,https://www.pakwheels.com/used-cars/search/-/,,,
Toyota Vitz  2014 F 1.0 for Sale,https://www.pakwheels.com/used-cars/toyota-vitz-2014-for-sale-in-gujranwala-11393827,PKR 29.3 lacs,2014,150 km,1000 cc,Automatic,Petrol,Gujranwala,Individual,main_ad_11393827,Automatic,4/23/2026 0:02,used-car,https://www.pakwheels.com/used-cars/search/-/,,,
Nissan Dayz  2024 Highway Star S hybrid X pro pilot for Sale,https://www.pakwheels.com/used-cars/nissan-dayz-2024-for-sale-in-islamabad-11393826,PKR 41.5 lacs,2024,"5,000 km",660 cc,Automatic,Hybrid,Islamabad,Individual,main_ad_11393826,Automatic,4/23/2026 0:02,used-car,https://www.pakwheels.com/used-cars/search/-/,,,
Daihatsu Mira  2019 X SA lll for Sale,https://www.pakwheels.com/used-cars/daihatsu-mira-2019-for-sale-in-islamabad-11393796,PKR 32.75 lacs,2019,"65,000 km",660 cc,Automatic,Petrol,Islamabad,Individual,main_ad_11393796,Automatic,4/23/2026 0:02,used-car,https://www.pakwheels.com/used-cars/search/-/,,,
Nissan March  2007 Bolero for Sale,https://www.pakwheels.com/used-cars/nissan-march-2007-for-sale-in-rawalpindi-11393822,PKR 15.75 lacs,2007,"200,000 km",1200 cc,Automatic,Petrol,Rawalpindi,Individual,main_ad_11393822,Automatic,4/23/2026 0:02,used-car,https://www.pakwheels.com/used-cars/search/-/,,,
Toyota Hilux  2012 Invincible for Sale,https://www.pakwheels.com/used-cars/toyota-hilux-2012-for-sale-in-islamabad-11143927,PKR 68 lacs,2012,"185,000 km",3000 cc,Manual,Diesel,Islamabad,Individual,main_ad_11143927,Manual,4/23/2026 0:02,used-car,https://www.pakwheels.com/used-cars/search/-/,,,
Suzuki Cultus  2017 Limited Edition for Sale,https://www.pakwheels.com/used-cars/suzuki-cultus-2017-for-sale-in-lahore-11393821,PKR 18 lacs,2017,"85,000 km",1000 cc,Manual,Petrol,Lahore,Individual,main_ad_11393821,Manual,4/23/2026 0:02,used-car,https://www.pakwheels.com/used-cars/search/-/,,,
Honda Civic  2017 Oriel 1.8 i-VTEC CVT for Sale,https://www.pakwheels.com/used-cars/honda-civic-2017-for-sale-in-gujranwala-11393819,PKR 55 lacs,2017,"64,000 km",1800 cc,Automatic,Petrol,Gujranwala,Individual,main_ad_11393819,Automatic,4/23/2026 0:02,used-car,https://www.pakwheels.com/used-cars/search/-/,,,
Changan Karvaan  2023 Plus for Sale,https://www.pakwheels.com/used-cars/changan-karvaan-2023-for-sale-in-lahore-11393786,PKR 24.9 lacs,2023,"42,000 km",1000 cc,Manual,Petrol,Lahore,Individual,main_ad_11393786,Manual,4/23/2026 0:02,used-car,https://www.pakwheels.com/used-cars/search/-/,,,
Suzuki Alto  2020 VXL AGS for Sale,https://www.pakwheels.com/used-cars/suzuki-alto-2020-for-sale-in-sukkur-11393813,PKR 27.85 lacs,2020,"50,900 km",660 cc,Automatic,Petrol,Sukkur,Individual,main_ad_11393813,Automatic,4/23/2026 0:02,used-car,https://www.pakwheels.com/used-cars/search/-/,,,
Honda Civic 6th Generation 1998 EXi for Sale,https://www.pakwheels.com/used-cars/honda-civic-1998-for-sale-in-rawalpindi-11393812,PKR 10.4 lacs,1998,"70,000 km",1500 cc,Manual,Petrol,Rawalpindi,Individual,main_ad_11393812,Manual,4/23/2026 0:02,used-car,https://www.pakwheels.com/used-cars/search/-/,,,
Honda HR-V  2023 VTi for Sale,https://www.pakwheels.com/used-cars/honda-hr-v-2023-for-sale-in-lahore-11393810,PKR 71.6 lacs,2023,"7,900 km",1500 cc,Automatic,Petrol,Lahore,Individual,main_ad_11393810,Automatic,4/23/2026 0:02,used-car,https://www.pakwheels.com/used-cars/search/-/,,,
Suzuki Alto  2021 VXR for Sale,https://www.pakwheels.com/used-cars/suzuki-alto-2021-for-sale-in-karachi-11393805,PKR 23.45 lacs,2021,"52,303 km",660 cc,Manual,Petrol,Karachi,Individual,main_ad_11393805,Manual,4/23/2026 0:02,used-car,https://www.pakwheels.com/used-cars/search/-/,,,
Toyota Corolla  2018 GLi 1.3 VVTi for Sale,https://www.pakwheels.com/used-cars/toyota-corolla-2018-for-sale-in-vehari-11393809,PKR 43.5 lacs,2018,"93,000 km",1300 cc,Manual,Petrol,Vehari,Individual,main_ad_11393809,Manual,4/23/2026 0:02,used-car,https://www.pakwheels.com/used-cars/search/-/,,,
Daihatsu Cuore  2007 CX Eco for Sale,https://www.pakwheels.com/used-cars/daihatsu-cuore-2007-for-sale-in-karachi-11393803,PKR 9 lacs,2007,123 km,800 cc,Manual,Petrol,Karachi,Individual,main_ad_11393803,Manual,4/23/2026 0:02,used-car,https://www.pakwheels.com/used-cars/search/-/,,,
MG HS  2024 Trophy for Sale,https://www.pakwheels.com/used-cars/mg-hs-2024-for-sale-in-faisalabad-11393802,PKR 75 lacs,2024,"19,000 km",1500 cc,Automatic,Petrol,Faisalabad,Individual,main_ad_11393802,Automatic,4/23/2026 0:02,used-car,https://www.pakwheels.com/used-cars/search/-/,,,
Suzuki Swift  2017 DLX 1.3 for Sale,https://www.pakwheels.com/used-cars/suzuki-swift-2017-for-sale-in-karachi-11393800,PKR 21.5 lacs,2017,"84,000 km",1300 cc,Manual,Petrol,Karachi,Individual,main_ad_11393800,Manual,4/23/2026 0:02,used-car,https://www.pakwheels.com/used-cars/search/-/,,,
Honda Civic  2017 Oriel 1.8 i-VTEC CVT for Sale,https://www.pakwheels.com/used-cars/honda-civic-2017-for-sale-in-karachi-11393781,PKR 46 lacs,2017,"96,000 km",1800 cc,Automatic,Petrol,Karachi,Individual,main_ad_11393781,Automatic,4/23/2026 0:02,used-car,https://www.pakwheels.com/used-cars/search/-/,,,
Toyota Corolla 8th (E110) Generation 2000 2.0D Limited for Sale,https://www.pakwheels.com/used-cars/toyota-corolla-2000-for-sale-in-lahore-11393799,PKR 13 lacs,2000,"160,000 km",2000 cc,Manual,Diesel,Lahore,Individual,main_ad_11393799,Manual,4/23/2026 0:02,used-car,https://www.pakwheels.com/used-cars/search/-/,,,
Toyota Land Cruiser  2020  for Sale,https://www.pakwheels.com/used-cars/toyota-land-cruiser-2020-for-sale-in-sialkot-11393795,PKR 3 crore,2020,"3,000 km",3300 cc,Automatic,Diesel,Sialkot,Individual,main_ad_11393795,Automatic,4/23/2026 0:02,used-car,https://www.pakwheels.com/used-cars/search/-/,,,
Toyota Passo  2018 X S  for Sale,https://www.pakwheels.com/used-cars/toyota-passo-2018-for-sale-in-islamabad-11393790,PKR 38 lacs,2018,"130,000 km",1000 cc,Automatic,Petrol,Islamabad,Individual,main_ad_11393790,Automatic,4/23/2026 0:02,used-car,https://www.pakwheels.com/used-cars/search/-/,,,
Toyota Vitz  2008 F 1.0 for Sale,https://www.pakwheels.com/used-cars/toyota-vitz-2008-for-sale-in-islamabad-11393582,PKR 25.7 lacs,2008,"153,379 km",1000 cc,Automatic,Petrol,Islamabad,Individual,main_ad_11393582,Automatic,4/23/2026 0:02,used-car,https://www.pakwheels.com/used-cars/search/-/,,,
Honda Civic  2020 Oriel 1.8 i-VTEC CVT for Sale,https://www.pakwheels.com/used-cars/honda-civic-2020-for-sale-in-karachi-11361514,PKR 60 lacs,2020,"59,000 km",1800 cc,Automatic,Petrol,Karachi,Individual,main_ad_11361514,Automatic,4/23/2026 0:02,used-car,https://www.pakwheels.com/used-cars/search/-/,,,
Honda City 6th Generation 2022 1.2L CVT for Sale,https://www.pakwheels.com/used-cars/honda-city-2022-for-sale-in-lahore-11368575,PKR 44.15 lacs,2022,"60,125 km",1200 cc,Automatic,Petrol,Lahore,Individual,main_ad_11368575,Automatic,4/23/2026 0:02,used-car,https://www.pakwheels.com/used-cars/search/-/,,,
Suzuki Wagon R  2019 VXL for Sale,https://www.pakwheels.com/used-cars/suzuki-wagon-r-2019-for-sale-in-faisalabad-11393573,PKR 26.9 lacs,2019,"72,000 km",1000 cc,Manual,Petrol,Faisalabad,Individual,main_ad_11393573,Manual,4/23/2026 0:02,used-car,https://www.pakwheels.com/used-cars/search/-/,,,
Audi A4  2016 S-Line Competition for Sale,https://www.pakwheels.com/used-cars/audi-a4-2016-for-sale-in-sargodha-11372110,PKR 92.5 lacs,2016,"109,000 km",2000 cc,Automatic,Petrol,Sargodha,Individual,main_ad_11372110,Automatic,4/23/2026 0:02,used-car,https://www.pakwheels.com/used-cars/search/-/,,,
Toyota Prado  2012 TX Limited 2.7 for Sale,https://www.pakwheels.com/used-cars/toyota-prado-2012-for-sale-in-islamabad-11393563,PKR 1.7 crore,2012,"76,000 km",2700 cc,Automatic,Petrol,Islamabad,Individual,main_ad_11393563,Automatic,4/23/2026 0:02,used-car,https://www.pakwheels.com/used-cars/search/-/,,,
Suzuki Hustler  2022 Hybrid G for Sale,https://www.pakwheels.com/used-cars/suzuki-hustler-2022-for-sale-in-islamabad-11393555,PKR 36.5 lacs,2022,"17,500 km",660 cc,Automatic,Hybrid,Islamabad,Individual,main_ad_11393555,Automatic,4/23/2026 0:02,used-car,https://www.pakwheels.com/used-cars/search/-/,,,
Toyota Corolla Axio  2006 X HID Limited 1.5 for Sale,https://www.pakwheels.com/used-cars/toyota-corolla-axio-2006-for-sale-in-lahore-11257510,PKR 32 lacs,2006,"125,000 km",1500 cc,Automatic,Petrol,Lahore,Individual,main_ad_11257510,Automatic,4/23/2026 0:02,used-car,https://www.pakwheels.com/used-cars/search/-/,,,
Suzuki Liana  2007 RXi for Sale,https://www.pakwheels.com/used-cars/suzuki-liana-2007-for-sale-in-rawalpindi-11393524,PKR 11.95 lacs,2007,"203,000 km",1300 cc,Manual,Petrol,Rawalpindi,Individual,main_ad_11393524,Manual,4/23/2026 0:02,used-car,https://www.pakwheels.com/used-cars/search/-/,,,
MG HS  2022 Trophy for Sale,https://www.pakwheels.com/used-cars/mg-hs-2022-for-sale-in-lahore-11271010,PKR 63.95 lacs,2022,"50,000 km",1500 cc,Automatic,Petrol,Lahore,Individual,main_ad_11271010,Automatic,4/23/2026 0:02,used-car,https://www.pakwheels.com/used-cars/search/-/,,,
KIA Stonic  2025 EX+ for Sale,https://www.pakwheels.com/used-cars/kia-stonic-2025-for-sale-in-karachi-11393532,PKR 57.25 lacs,2025,"10,000 km",1400 cc,Automatic,Petrol,Karachi,Individual,main_ad_11393532,Automatic,4/23/2026 0:02,used-car,https://www.pakwheels.com/used-cars/search/-/,,,
Nissan Juke  2010 15RX for Sale,https://www.pakwheels.com/used-cars/nissan-juke-2010-for-sale-in-lahore-11393519,PKR 29.5 lacs,2010,"102,700 km",1500 cc,Automatic,Petrol,Lahore,Individual,main_ad_11393519,Automatic,4/23/2026 0:02,used-car,https://www.pakwheels.com/used-cars/search/-/,,,
Suzuki Swift  2021 DLX Automatic 1.3 Navigation for Sale,https://www.pakwheels.com/used-cars/suzuki-swift-2021-for-sale-in-wah-cantt-11393789,PKR 34.5 lacs,2021,"100,000 km",1300 cc,Automatic,Petrol,Wah cantt,Individual,main_ad_11393789,Automatic,4/23/2026 0:02,used-car,https://www.pakwheels.com/used-cars/search/-/,,,
Haval H6  2026 1.5T for Sale,https://www.pakwheels.com/used-cars/haval-h6-2026-for-sale-in-rawalpindi-11393766,PKR 94.8 lacs,2026,199 km,1500 cc,Automatic,Petrol,Rawalpindi,Individual,main_ad_11393766,Automatic,4/23/2026 0:02,used-car,https://www.pakwheels.com/used-cars/search/-/,,,
Honda Civic 6th Generation 2005 EXi for Sale,https://www.pakwheels.com/used-cars/honda-civic-2005-for-sale-in-lahore-11393785,PKR 14.15 lacs,2005,"200,000 km",1500 cc,Manual,Petrol,Lahore,Individual,main_ad_11393785,Manual,4/23/2026 0:02,used-car,https://www.pakwheels.com/used-cars/search/-/,,,
Suzuki Liana  2006 RXi for Sale,https://www.pakwheels.com/used-cars/suzuki-liana-2006-for-sale-in-hyderabad-11393778,PKR 12.5 lacs,2006,150 km,1300 cc,Manual,Petrol,Hyderabad,Individual,main_ad_11393778,Manual,4/23/2026 0:02,used-car,https://www.pakwheels.com/used-cars/search/-/,,,
Honda City 5th (GM2) Generation 2018 1.3 i-VTEC for Sale,https://www.pakwheels.com/used-cars/honda-city-2018-for-sale-in-sargodha-11393777,PKR 36.8 lacs,2018,"99,250 km",1300 cc,Manual,Petrol,Sargodha,Individual,main_ad_11393777,Manual,4/23/2026 0:02,used-car,https://www.pakwheels.com/used-cars/search/-/,,,
Toyota Fortuner  2019 2.8 Sigma 4 for Sale,https://www.pakwheels.com/used-cars/toyota-fortuner-2019-for-sale-in-gujranwala-11393667,PKR 1.36 crore,2019,"36,200 km",2800 cc,Automatic,Diesel,Gujranwala,Individual,main_ad_11393667,Automatic,4/23/2026 0:02,used-car,https://www.pakwheels.com/used-cars/search/-/,,,
Toyota Corolla  2012 GLi Limited Edition 1.3 VVTi for Sale,https://www.pakwheels.com/used-cars/toyota-corolla-2012-for-sale-in-dina-11393771,PKR 32 lacs,2012,"155,000 km",1300 cc,Manual,Petrol,Dina,Individual,main_ad_11393771,Manual,4/23/2026 0:02,used-car,https://www.pakwheels.com/used-cars/search/-/,,,
Mercedes Benz E Class 4th (W212) Generation 2010 E250 CGI BlueEFFICIENCY for Sale,https://www.pakwheels.com/used-cars/mercedes-benz-e-class-2010-for-sale-in-peshawar-11393770,PKR 98 lacs,2010,"110,000 km",1800 cc,Automatic,Petrol,Peshawar,Individual,main_ad_11393770,Automatic,4/23/2026 0:02,used-car,https://www.pakwheels.com/used-cars/search/-/,,,
Adam Revo  2022  for Sale,https://www.pakwheels.com/used-cars/adam-revo-2022-for-sale-in-karachi-11393769,PKR 1.25 crore,2022,"29,000 km",2800 cc,Automatic,Diesel,Karachi,Individual,main_ad_11393769,Automatic,4/23/2026 0:02,used-car,https://www.pakwheels.com/used-cars/search/-/,,,
Suzuki Alto  2021  for Sale,https://www.pakwheels.com/used-cars/suzuki-alto-2021-for-sale-in-akora-khattak-11393767,PKR 31.5 lacs,2021,"44,000 km",660 cc,Automatic,Hybrid,Akora khattak,Individual,main_ad_11393767,Automatic,4/23/2026 0:02,used-car,https://www.pakwheels.com/used-cars/search/-/,,,
Suzuki Cultus  2007 VXR for Sale,https://www.pakwheels.com/used-cars/suzuki-cultus-2007-for-sale-in-islamabad-11383283,PKR 9.5 lacs,2007,"125,000 km",1000 cc,Manual,Petrol,Islamabad,Individual,main_ad_11383283,Manual,4/23/2026 0:02,used-car,https://www.pakwheels.com/used-cars/search/-/,,,
Toyota Corolla  2017 Altis Automatic 1.6 for Sale,https://www.pakwheels.com/used-cars/toyota-corolla-2017-for-sale-in-islamabad-11393765,PKR 56 lacs,2017,"71,000 km",1600 cc,Automatic,Petrol,Islamabad,Individual,main_ad_11393765,Automatic,4/23/2026 0:02,used-car,https://www.pakwheels.com/used-cars/search/-/,,,
Honda City 5th (GM2) Generation 2017 Aspire 1.3 i-VTEC for Sale,https://www.pakwheels.com/used-cars/honda-city-2017-for-sale-in-lahore-11380327,PKR 38.5 lacs,2017,"60,000 km",1300 cc,Manual,Petrol,Lahore,Individual,main_ad_11380327,Manual,4/23/2026 0:02,used-car,https://www.pakwheels.com/used-cars/search/-/,,,
Honda City 6th Generation 2024 1.2L CVT for Sale,https://www.pakwheels.com/used-cars/honda-city-2024-for-sale-in-lahore-11393744,PKR 47.25 lacs,2024,"42,000 km",1200 cc,Automatic,Petrol,Lahore,Individual,main_ad_11393744,Automatic,4/23/2026 0:02,used-car,https://www.pakwheels.com/used-cars/search/-/,,,
Honda Civic  2019 Oriel 1.8 i-VTEC CVT for Sale,https://www.pakwheels.com/used-cars/honda-civic-2019-for-sale-in-kohat-11393761,PKR 60 lacs,2019,"72,000 km",1800 cc,Automatic,Petrol,Kohat,Individual,main_ad_11393761,Automatic,4/23/2026 0:02,used-car,https://www.pakwheels.com/used-cars/search/-/,,,
Toyota Yaris Hatchback  2020 X for Sale,https://www.pakwheels.com/used-cars/toyota-yaris-hatchback-2020-for-sale-in-attock-11393750,PKR 43.7 lacs,2020,"78,000 km",1000 cc,Automatic,Petrol,Attock,Individual,main_ad_11393750,Automatic,4/23/2026 0:02,used-car,https://www.pakwheels.com/used-cars/search/-/,,,
Toyota Corolla  2012 XLi VVTi Limited Edition for Sale,https://www.pakwheels.com/used-cars/toyota-corolla-2012-for-sale-in-multan-11393701,PKR 25.2 lacs,2012,"220,000 km",1300 cc,Manual,Petrol,Multan,Individual,main_ad_11393701,Manual,4/23/2026 0:02,used-car,https://www.pakwheels.com/used-cars/search/-/,,,
Toyota Hilux  2023  for Sale,https://www.pakwheels.com/used-cars/toyota-hilux-2023-for-sale-in-islamabad-11393747,PKR 1.44 crore,2023,"33,000 km",2800 cc,Automatic,Diesel,Islamabad,Individual,main_ad_11393747,Automatic,4/23/2026 0:02,used-car,https://www.pakwheels.com/used-cars/search/-/,,,
Toyota Prius  2010 G 1.8 for Sale,https://www.pakwheels.com/used-cars/toyota-prius-2010-for-sale-in-islamabad-11393745,PKR 46 lacs,2010,"110,000 km",1800 cc,Automatic,Hybrid,Islamabad,Individual,main_ad_11393745,Automatic,4/23/2026 0:02,used-car,https://www.pakwheels.com/used-cars/search/-/,,,
Honda Civic  2015 Oriel Prosmatec UG for Sale,https://www.pakwheels.com/used-cars/honda-civic-2015-for-sale-in-islamabad-11355832,PKR 42.9 lacs,2015,"129,000 km",1800 cc,Automatic,Petrol,Islamabad,Individual,main_ad_11355832,Automatic,4/23/2026 0:03,used-car,https://www.pakwheels.com/used-cars/search/-/,,,
Proton X70  2023 Executive AWD for Sale,https://www.pakwheels.com/used-cars/proton-x70-2023-for-sale-in-islamabad-11393523,PKR 58.5 lacs,2023,"50,000 km",1500 cc,Automatic,Petrol,Islamabad,Individual,main_ad_11393523,Automatic,4/23/2026 0:03,used-car,https://www.pakwheels.com/used-cars/search/-/,,,
Toyota Fortuner  2026 2.7 G for Sale,https://www.pakwheels.com/used-cars/toyota-fortuner-2026-for-sale-in-lahore-11393505,PKR 1.43 crore,2026,25 km,2700 cc,Automatic,Petrol,Lahore,Individual,main_ad_11393505,Automatic,4/23/2026 0:03,used-car,https://www.pakwheels.com/used-cars/search/-/,,,
Toyota Land Cruiser  2024 ZX Gasoline 3.5L for Sale,https://www.pakwheels.com/used-cars/toyota-land-cruiser-2024-for-sale-in-karachi-11392364,PKR 7.35 crore,2024,40 km,3500 cc,Automatic,Petrol,Karachi,Individual,main_ad_11392364,Automatic,4/23/2026 0:03,used-car,https://www.pakwheels.com/used-cars/search/-/,,,
Toyota Corolla  2021 Altis X Automatic 1.6 for Sale,https://www.pakwheels.com/used-cars/toyota-corolla-2021-for-sale-in-islamabad-11393502,PKR 58.5 lacs,2021,"33,000 km",1598 cc,Automatic,Petrol,Islamabad,Individual,main_ad_11393502,Automatic,4/23/2026 0:03,used-car,https://www.pakwheels.com/used-cars/search/-/,,,
Honda City 6th Generation 2021 1.5L ASPIRE CVT for Sale,https://www.pakwheels.com/used-cars/honda-city-2021-for-sale-in-lahore-11387225,PKR 47.49 lacs,2021,"71,000 km",1500 cc,Automatic,Petrol,Lahore,Individual,main_ad_11387225,Automatic,4/23/2026 0:03,used-car,https://www.pakwheels.com/used-cars/search/-/,,,
Suzuki Alto  2020 VXR for Sale,https://www.pakwheels.com/used-cars/suzuki-alto-2020-for-sale-in-karachi-11393487,PKR 23.45 lacs,2020,"60,000 km",660 cc,Manual,Petrol,Karachi,Individual,main_ad_11393487,Manual,4/23/2026 0:03,used-car,https://www.pakwheels.com/used-cars/search/-/,,,
Toyota Aqua  2015 G for Sale,https://www.pakwheels.com/used-cars/toyota-aqua-2015-for-sale-in-karachi-11393480,PKR 36.5 lacs,2015,"95,000 km",1500 cc,Automatic,Hybrid,Karachi,Individual,main_ad_11393480,Automatic,4/23/2026 0:03,used-car,https://www.pakwheels.com/used-cars/search/-/,,,
Hyundai Tucson  2021 AWD A/T Ultimate for Sale,https://www.pakwheels.com/used-cars/hyundai-tucson-2021-for-sale-in-islamabad-11251403,PKR 74 lacs,2021,"78,000 km",2000 cc,Automatic,Petrol,Islamabad,Individual,main_ad_11251403,Automatic,4/23/2026 0:03,used-car,https://www.pakwheels.com/used-cars/search/-/,,,
KIA Picanto  2021 1.0 AT for Sale,https://www.pakwheels.com/used-cars/kia-picanto-2021-for-sale-in-islamabad-11359230,PKR 29.7 lacs,2021,"70,000 km",1000 cc,Automatic,Petrol,Islamabad,Individual,main_ad_11359230,Automatic,4/23/2026 0:03,used-car,https://www.pakwheels.com/used-cars/search/-/,,,
Suzuki Alto  2026 VXR Upgraded for Sale,https://www.pakwheels.com/used-cars/suzuki-alto-2026-for-sale-in-chakwal-11376249,PKR 30.25 lacs,2026,15 km,660 cc,Manual,Petrol,Chakwal,Individual,main_ad_11376249,Manual,4/23/2026 0:03,used-car,https://www.pakwheels.com/used-cars/search/-/,,,
Toyota Yaris Sedan  2026 GLI CVT 1.3 for Sale,https://www.pakwheels.com/used-cars/toyota-yaris-sedan-2026-for-sale-in-karachi-11044350,PKR 50.5 lacs,2026,1 km,1300 cc,Automatic,Petrol,Karachi,Individual,main_ad_11044350,Automatic,4/23/2026 0:03,used-car,https://www.pakwheels.com/used-cars/search/-/,,,
Toyota Corolla  2014 GLi 1.3 VVTi for Sale,https://www.pakwheels.com/used-cars/toyota-corolla-2014-for-sale-in-quetta-11393743,PKR 32 lacs,2014,"182,000 km",1300 cc,Manual,Petrol,Quetta,Individual,main_ad_11393743,Manual,4/23/2026 0:03,used-car,https://www.pakwheels.com/used-cars/search/-/,,,
Honda City 5th (GM2) Generation 2018 1.3 i-VTEC for Sale,https://www.pakwheels.com/used-cars/honda-city-2018-for-sale-in-lahore-11393742,PKR 33.7 lacs,2018,"76,000 km",1300 cc,Manual,Petrol,Lahore,Individual,main_ad_11393742,Manual,4/23/2026 0:03,used-car,https://www.pakwheels.com/used-cars/search/-/,,,
Suzuki Cultus  2007 VXR for Sale,https://www.pakwheels.com/used-cars/suzuki-cultus-2007-for-sale-in-muridke-11393740,PKR 9.85 lacs,2007,"233,100 km",1000 cc,Manual,Petrol,Muridke,Individual,main_ad_11393740,Manual,4/23/2026 0:03,used-car,https://www.pakwheels.com/used-cars/search/-/,,,
Toyota Raize  2021 XS for Sale,https://www.pakwheels.com/used-cars/toyota-raize-2021-for-sale-in-sialkot-11393741,PKR 55 lacs,2021,"75,000 km",1000 cc,Automatic,Petrol,Sialkot,Individual,main_ad_11393741,Automatic,4/23/2026 0:03,used-car,https://www.pakwheels.com/used-cars/search/-/,,,
Changan Oshan X7  2025 Comfort for Sale,https://www.pakwheels.com/used-cars/changan-oshan-x7-2025-for-sale-in-faisalabad-11393737,PKR 84.5 lacs,2025,"6,800 km",1500 cc,Automatic,Petrol,Faisalabad,Individual,main_ad_11393737,Automatic,4/23/2026 0:03,used-car,https://www.pakwheels.com/used-cars/search/-/,,,
Hyundai Tucson  2020 FWD A/T GLS Sport for Sale,https://www.pakwheels.com/used-cars/hyundai-tucson-2020-for-sale-in-lahore-11393733,PKR 64 lacs,2020,"54,000 km",2000 cc,Automatic,Petrol,Lahore,Individual,main_ad_11393733,Automatic,4/23/2026 0:03,used-car,https://www.pakwheels.com/used-cars/search/-/,,,
Suzuki Alto  2022 VXR for Sale,https://www.pakwheels.com/used-cars/suzuki-alto-2022-for-sale-in-rawalpindi-11393735,PKR 26.85 lacs,2022,"50,000 km",1000 cc,Manual,Petrol,Rawalpindi,Individual,main_ad_11393735,Manual,4/23/2026 0:03,used-car,https://www.pakwheels.com/used-cars/search/-/,,,
Toyota Corolla  2011 Altis Cruisetronic 1.6 for Sale,https://www.pakwheels.com/used-cars/toyota-corolla-2011-for-sale-in-peshawar-11393731,PKR 33 lacs,2011,"120,000 km",1600 cc,Automatic,Petrol,Peshawar,Individual,main_ad_11393731,Automatic,4/23/2026 0:03,used-car,https://www.pakwheels.com/used-cars/search/-/,,,
Honda CR-Z  2011  for Sale,https://www.pakwheels.com/used-cars/honda-cr-z-2011-for-sale-in-lahore-11393730,PKR 29.75 lacs,2011,"80,000 km",1500 cc,Automatic,Hybrid,Lahore,Individual,main_ad_11393730,Automatic,4/23/2026 0:03,used-car,https://www.pakwheels.com/used-cars/search/-/,,,
Adam Revo  2017  for Sale,https://www.pakwheels.com/used-cars/adam-revo-2017-for-sale-in-karachi-11393729,PKR 95 lacs,2017,"78,000 km",3000 cc,Automatic,Diesel,Karachi,Individual,main_ad_11393729,Automatic,4/23/2026 0:03,used-car,https://www.pakwheels.com/used-cars/search/-/,,,
Honda City  2000 EXi for Sale,https://www.pakwheels.com/used-cars/honda-city-2000-for-sale-in-multan-11393727,PKR 11.7 lacs,2000,"160,000 km",1300 cc,Manual,Petrol,Multan,Individual,main_ad_11393727,Manual,4/23/2026 0:03,used-car,https://www.pakwheels.com/used-cars/search/-/,,,
Toyota Corolla  2010 GLi 1.3 VVTi for Sale,https://www.pakwheels.com/used-cars/toyota-corolla-2010-for-sale-in-sargodha-11365221,PKR 35 lacs,2010,"127,000 km",1300 cc,Manual,Petrol,Sargodha,Individual,main_ad_11365221,Manual,4/23/2026 0:03,used-car,https://www.pakwheels.com/used-cars/search/-/,,,
Chevrolet Joy  2008 1.0 for Sale,https://www.pakwheels.com/used-cars/chevrolet-joy-2008-for-sale-in-sialkot-11393725,PKR 9.6 lacs,2008,"208,595 km",1000 cc,Manual,Petrol,Sialkot,Individual,main_ad_11393725,Manual,4/23/2026 0:03,used-car,https://www.pakwheels.com/used-cars/search/-/,,,
KIA Picanto  2022 1.0 MT for Sale,https://www.pakwheels.com/used-cars/kia-picanto-2022-for-sale-in-karachi-11063187,PKR 26.8 lacs,2022,"55,000 km",1000 cc,Manual,Petrol,Karachi,Individual,main_ad_11063187,Manual,4/23/2026 0:03,used-car,https://www.pakwheels.com/used-cars/search/-/,,,
Toyota Corolla  2020 Altis Automatic 1.6 for Sale,https://www.pakwheels.com/used-cars/toyota-corolla-2020-for-sale-in-multan-11393724,PKR 52.5 lacs,2020,"88,100 km",1600 cc,Automatic,Petrol,Multan,Individual,main_ad_11393724,Automatic,4/23/2026 0:03,used-car,https://www.pakwheels.com/used-cars/search/-/,,,
Suzuki Mehran  2005 VX (CNG) for Sale,https://www.pakwheels.com/used-cars/suzuki-mehran-2005-for-sale-in-rawalpindi-11393723,PKR 9.2 lacs,2005,"37,990 km",800 cc,Manual,Petrol,Rawalpindi,Individual,main_ad_11393723,Manual,4/23/2026 0:03,used-car,https://www.pakwheels.com/used-cars/search/-/,,,
Nissan March  2007 Rafeet for Sale,https://www.pakwheels.com/used-cars/nissan-march-2007-for-sale-in-lahore-11393720,PKR 17.25 lacs,2007,"150,000 km",1400 cc,Automatic,Petrol,Lahore,Individual,main_ad_11393720,Automatic,4/23/2026 0:03,used-car,https://www.pakwheels.com/used-cars/search/-/,,,
Toyota Yaris Sedan  2020 ATIV CVT 1.3 for Sale,https://www.pakwheels.com/used-cars/toyota-yaris-sedan-2020-for-sale-in-karachi-11393721,PKR 38 lacs,2020,"49,000 km",1300 cc,Automatic,Petrol,Karachi,Individual,main_ad_11393721,Automatic,4/23/2026 0:03,used-car,https://www.pakwheels.com/used-cars/search/-/,,,
Honda City 5th (GM2) Generation 2015 1.3 i-VTEC for Sale,https://www.pakwheels.com/used-cars/honda-city-2015-for-sale-in-lahore-11393717,PKR 26.1 lacs,2015,"150,000 km",1300 cc,Manual,Petrol,Lahore,Individual,main_ad_11393717,Manual,4/23/2026 0:03,used-car,https://www.pakwheels.com/used-cars/search/-/,,,
Honda City  2018 Aspire 1.3 i-VTEC for Sale,https://www.pakwheels.com/used-cars/honda-city-2018-for-sale-in-faisalabad-11190036,PKR 33.8 lacs,2018,"128,000 km",1300 cc,Manual,Petrol,Faisalabad,Individual,main_ad_11190036,Manual,4/23/2026 0:03,used-car,https://www.pakwheels.com/used-cars/search/-/,,,
KIA Sorento  2021 2.4 FWD for Sale9.2/10,https://www.pakwheels.com/used-cars/kia-sorento-2021-for-sale-in-karachi-11318453,PKR 68 lacs,2021,"43,497 km",2400 cc,Automatic,Petrol,Karachi,Individual,main_ad_11318453,Automatic,4/23/2026 0:03,used-car,https://www.pakwheels.com/used-cars/search/-/,,,
Honda Civic  2002 VTi Oriel Prosmatec 1.6 for Sale,https://www.pakwheels.com/used-cars/honda-civic-2002-for-sale-in-islamabad-11393427,PKR 18.25 lacs,2002,"165,000 km",1600 cc,Automatic,Petrol,Islamabad,Individual,main_ad_11393427,Automatic,4/23/2026 0:03,used-car,https://www.pakwheels.com/used-cars/search/-/,,,
Honda Vezel  2019 Hybrid Z for Sale,https://www.pakwheels.com/used-cars/honda-vezel-2019-for-sale-in-peshawar-11393435,PKR 67.5 lacs,2019,"180,000 km",1500 cc,Automatic,Hybrid,Peshawar,Individual,main_ad_11393435,Automatic,4/23/2026 0:03,used-car,https://www.pakwheels.com/used-cars/search/-/,,,
MG HS  2021 1.5 Turbo for Sale,https://www.pakwheels.com/used-cars/mg-hs-2021-for-sale-in-lahore-10752164,PKR 60 lacs,2021,"50,000 km",1490 cc,Automatic,Petrol,Lahore,Individual,main_ad_10752164,Automatic,4/23/2026 0:03,used-car,https://www.pakwheels.com/used-cars/search/-/,,,
Daihatsu Rocky  2020 Premium G for Sale,https://www.pakwheels.com/used-cars/daihatsu-rocky-2020-for-sale-in-karachi-10936850,PKR 58 lacs,2020,"49,000 km",1000 cc,Automatic,Petrol,Karachi,Individual,main_ad_10936850,4 Grade,4/23/2026 0:03,used-car,https://www.pakwheels.com/used-cars/search/-/,,,
KIA Sportage  2020 FWD for Sale,https://www.pakwheels.com/used-cars/kia-sportage-2020-for-sale-in-lahore-11354119,PKR 63.5 lacs,2020,"95,000 km",2000 cc,Automatic,Petrol,Lahore,Individual,main_ad_11354119,Automatic,4/23/2026 0:03,used-car,https://www.pakwheels.com/used-cars/search/-/,,,
Toyota Prado  2022 TX L Package 2.8 D for Sale,https://www.pakwheels.com/used-cars/toyota-prado-2022-for-sale-in-lahore-11393432,PKR 3.78 crore,2022,"40,000 km",2800 cc,Automatic,Diesel,Lahore,Individual,main_ad_11393432,Automatic,4/23/2026 0:03,used-car,https://www.pakwheels.com/used-cars/search/-/,,,
Toyota Fortuner  2023 Legender  for Sale,https://www.pakwheels.com/used-cars/toyota-fortuner-2023-for-sale-in-karachi-11393424,PKR 1.72 crore,2023,"60,000 km",2800 cc,Automatic,Diesel,Karachi,Individual,main_ad_11393424,Automatic,4/23/2026 0:03,used-car,https://www.pakwheels.com/used-cars/search/-/,,,
Toyota Fortuner  2023 GR-S for Sale,https://www.pakwheels.com/used-cars/toyota-fortuner-2023-for-sale-in-lahore-11393420,PKR 1.9 crore,2023,"41,000 km",2800 cc,Automatic,Diesel,Lahore,Individual,main_ad_11393420,Automatic,4/23/2026 0:03,used-car,https://www.pakwheels.com/used-cars/search/-/,,,
Toyota Yaris Cross  2021 Hybrid Z for Sale,https://www.pakwheels.com/used-cars/toyota-yaris-cross-2021-for-sale-in-islamabad-11384473,PKR 90 lacs,2021,"29,500 km",1500 cc,Automatic,Hybrid,Islamabad,Individual,main_ad_11384473,Automatic,4/23/2026 0:03,used-car,https://www.pakwheels.com/used-cars/search/-/,,,
Honda Civic  2018 Oriel 1.8 i-VTEC CVT for Sale,https://www.pakwheels.com/used-cars/honda-civic-2018-for-sale-in-lahore-11378269,PKR 52.9 lacs,2018,"120,000 km",1800 cc,Automatic,Petrol,Lahore,Individual,main_ad_11378269,Automatic,4/23/2026 0:03,used-car,https://www.pakwheels.com/used-cars/search/-/,,,
Honda City 5th (GM2) Generation 2020 Aspire Prosmatec 1.5 i-VTEC for Sale,https://www.pakwheels.com/used-cars/honda-city-2020-for-sale-in-islamabad-11376937,PKR 41.5 lacs,2020,"100,000 km",1500 cc,Automatic,Petrol,Islamabad,Individual,main_ad_11376937,Automatic,4/23/2026 0:03,used-car,https://www.pakwheels.com/used-cars/search/-/,,,
KIA Stonic  2025 EX+ for Sale,https://www.pakwheels.com/used-cars/kia-stonic-2025-for-sale-in-islamabad-11393715,PKR 57.5 lacs,2025,"17,900 km",1400 cc,Automatic,Petrol,Islamabad,Individual,main_ad_11393715,Automatic,4/23/2026 0:03,used-car,https://www.pakwheels.com/used-cars/search/-/,,,
Daihatsu Terios  2011 4x2 Automatic for Sale,https://www.pakwheels.com/used-cars/daihatsu-terios-2011-for-sale-in-mandra-11389930,PKR 36 lacs,2011,"111,000 km",1500 cc,Automatic,Petrol,Mandra,Individual,main_ad_11389930,Automatic,4/23/2026 0:03,used-car,https://www.pakwheels.com/used-cars/search/-/,,,
Haval H6  2025 HEV for Sale,https://www.pakwheels.com/used-cars/haval-h6-2025-for-sale-in-gujrat-11393714,PKR 1.18 crore,2025,"10,000 km",1500 cc,Automatic,Hybrid,Gujrat,Individual,main_ad_11393714,Automatic,4/23/2026 0:03,used-car,https://www.pakwheels.com/used-cars/search/-/,,,
Toyota Corolla Axio  2007 X 1.5 for Sale,https://www.pakwheels.com/used-cars/toyota-corolla-axio-2007-for-sale-in-rawalpindi-11393711,PKR 29.8 lacs,2007,"150,000 km",1500 cc,Automatic,Petrol,Rawalpindi,Individual,main_ad_11393711,Automatic,4/23/2026 0:03,used-car,https://www.pakwheels.com/used-cars/search/-/,,,
Toyota Pixis Epoch  2016 X for Sale,https://www.pakwheels.com/used-cars/toyota-pixis-epoch-2016-for-sale-in-hyderabad-11393710,PKR 22 lacs,2016,"150,000 km",660 cc,Automatic,Petrol,Hyderabad,Individual,main_ad_11393710,Automatic,4/23/2026 0:03,used-car,https://www.pakwheels.com/used-cars/search/-/,,,
Suzuki Cultus  2022 VXR for Sale,https://www.pakwheels.com/used-cars/suzuki-cultus-2022-for-sale-in-karachi-11393707,PKR 32.5 lacs,2022,"26,000 km",1000 cc,Manual,Petrol,Karachi,Individual,main_ad_11393707,Manual,4/23/2026 0:03,used-car,https://www.pakwheels.com/used-cars/search/-/,,,
Suzuki Cultus  2019 VXL for Sale,https://www.pakwheels.com/used-cars/suzuki-cultus-2019-for-sale-in-lahore-11393706,PKR 29 lacs,2019,"38,000 km",1000 cc,Manual,Petrol,Lahore,Individual,main_ad_11393706,Manual,4/23/2026 0:03,used-car,https://www.pakwheels.com/used-cars/search/-/,,,
Suzuki Alto  2005 VXR for Sale,https://www.pakwheels.com/used-cars/suzuki-alto-2005-for-sale-in-karachi-11383894,PKR 9.5 lacs,2005,"85,000 km",1000 cc,Manual,Petrol,Karachi,Individual,main_ad_11383894,Manual,4/23/2026 0:03,used-car,https://www.pakwheels.com/used-cars/search/-/,,,
Daihatsu Hijet  2018 Special for Sale,https://www.pakwheels.com/used-cars/daihatsu-hijet-2018-for-sale-in-karachi-10985094,PKR 24 lacs,2018,"124,266 km",660 cc,Automatic,Petrol,Karachi,Individual,main_ad_10985094,Automatic,4/23/2026 0:03,used-car,https://www.pakwheels.com/used-cars/search/-/,,,
Mitsubishi Pajero Mini  1995 VR for Sale,https://www.pakwheels.com/used-cars/mitsubishi-pajero-mini-1995-for-sale-in-wah-cantt-11393698,PKR 12.5 lacs,1995,1 km,660 cc,Manual,Petrol,Wah cantt,Individual,main_ad_11393698,Manual,4/23/2026 0:03,used-car,https://www.pakwheels.com/used-cars/search/-/,,,
Adam Revo  2020 1051cc for Sale,https://www.pakwheels.com/used-cars/adam-revo-2020-for-sale-in-peshawar-11393687,PKR 1.15 crore,2020,"59,000 km",1051 cc,Automatic,Diesel,Peshawar,Individual,main_ad_11393687,Automatic,4/23/2026 0:03,used-car,https://www.pakwheels.com/used-cars/search/-/,,,
Hyundai Tucson  2022 AWD A/T Ultimate for Sale,https://www.pakwheels.com/used-cars/hyundai-tucson-2022-for-sale-in-lahore-11393682,PKR 72 lacs,2022,"65,000 km",2000 cc,Automatic,Petrol,Lahore,Individual,main_ad_11393682,Automatic,4/23/2026 0:03,used-car,https://www.pakwheels.com/used-cars/search/-/,,,
Suzuki Mehran  2016 VXR Euro II for Sale,https://www.pakwheels.com/used-cars/suzuki-mehran-2016-for-sale-in-islamabad-11393685,PKR 13 lacs,2016,"69,000 km",796 cc,Manual,Petrol,Islamabad,Individual,main_ad_11393685,Manual,4/23/2026 0:03,used-car,https://www.pakwheels.com/used-cars/search/-/,,,
KIA Sportage L  2025 HEV for Sale,https://www.pakwheels.com/used-cars/kia-sportage-l-2025-for-sale-in-islamabad-11393689,PKR 1.08 crore,2025,"23,000 km",1600 cc,Automatic,Hybrid,Islamabad,Individual,main_ad_11393689,Automatic,4/23/2026 0:03,used-car,https://www.pakwheels.com/used-cars/search/-/,,,
United Bravo  2019 Base Grade  for Sale,https://www.pakwheels.com/used-cars/united-bravo-2019-for-sale-in-karachi-11393694,PKR 7.75 lacs,2019,"60,000 km",800 cc,Manual,LPG,Karachi,Individual,main_ad_11393694,Manual,4/23/2026 0:03,used-car,https://www.pakwheels.com/used-cars/search/-/,,,
Toyota Cami  2004 Q for Sale,https://www.pakwheels.com/used-cars/toyota-cami-2004-for-sale-in-mansehra-11393690,PKR 18 lacs,2004,"300,000 km",1300 cc,Manual,Petrol,Mansehra,Individual,main_ad_11393690,Manual,4/23/2026 0:03,used-car,https://www.pakwheels.com/used-cars/search/-/,,,
Suzuki Mehran  2006 VX for Sale,https://www.pakwheels.com/used-cars/suzuki-mehran-2006-for-sale-in-lahore-11393447,PKR 6.3 lacs,2006,"150,000 km",800 cc,Manual,Petrol,Lahore,Individual,main_ad_11393447,Manual,4/23/2026 0:03,used-car,https://www.pakwheels.com/used-cars/search/-/,,,
Honda City 5th (GM2) Generation 2018 1.3 i-VTEC for Sale,https://www.pakwheels.com/used-cars/honda-city-2018-for-sale-in-faisalabad-11393688,PKR 34.5 lacs,2018,"111,000 km",1300 cc,Manual,Petrol,Faisalabad,Individual,main_ad_11393688,Manual,4/23/2026 0:03,used-car,https://www.pakwheels.com/used-cars/search/-/,,,
Honda City 5th (GM2) Generation 2019 1.3 i-VTEC for Sale,https://www.pakwheels.com/used-cars/honda-city-2019-for-sale-in-lahore-11393686,PKR 38.4 lacs,2019,"105,000 km",1300 cc,Manual,Petrol,Lahore,Individual,main_ad_11393686,Manual,4/23/2026 0:03,used-car,https://www.pakwheels.com/used-cars/search/-/,,,
MG HS  2021 1.5 Turbo for Sale,https://www.pakwheels.com/used-cars/mg-hs-2021-for-sale-in-islamabad-11336018,PKR 57.5 lacs,2021,"96,000 km",1490 cc,Automatic,Petrol,Islamabad,Individual,main_ad_11336018,Automatic,4/23/2026 0:03,used-car,https://www.pakwheels.com/used-cars/search/-/,,,
Toyota Prado  2021 TX L Package 2.7 for Sale,https://www.pakwheels.com/used-cars/toyota-prado-2021-for-sale-in-rawalpindi-11393255,PKR 2.85 crore,2021,"61,500 km",2700 cc,Automatic,Petrol,Rawalpindi,Individual,main_ad_11393255,Automatic,4/23/2026 0:03,used-car,https://www.pakwheels.com/used-cars/search/-/,,,
Haval H6  2024 HEV for Sale,https://www.pakwheels.com/used-cars/haval-h6-2024-for-sale-in-lahore-11393375,PKR 1.08 crore,2024,"41,000 km",1500 cc,Automatic,Hybrid,Lahore,Individual,main_ad_11393375,Automatic,4/23/2026 0:03,used-car,https://www.pakwheels.com/used-cars/search/-/,,,
Nissan Pino  2007 S for Sale,https://www.pakwheels.com/used-cars/nissan-pino-2007-for-sale-in-islamabad-11390509,PKR 18.5 lacs,2007,"135,000 km",660 cc,Automatic,Petrol,Islamabad,Individual,main_ad_11390509,Automatic,4/23/2026 0:03,used-car,https://www.pakwheels.com/used-cars/search/-/,,,
Honda City 5th (GM2) Generation 2016 Aspire 1.3 i-VTEC for Sale9.6/10,https://www.pakwheels.com/used-cars/honda-city-2016-for-sale-in-faisalabad-11350758,PKR 36.5 lacs,2016,"111,636 km",1300 cc,Manual,Petrol,Faisalabad,Individual,main_ad_11350758,Manual,4/23/2026 0:03,used-car,https://www.pakwheels.com/used-cars/search/-/,,,
Peugeot 2008  2023 Allure for Sale9.6/10,https://www.pakwheels.com/used-cars/peugeot-2008-2023-for-sale-in-karachi-11204751,PKR 63 lacs,2023,"3,948 km",1200 cc,Automatic,Petrol,Karachi,Individual,main_ad_11204751,Automatic,4/23/2026 0:03,used-car,https://www.pakwheels.com/used-cars/search/-/,,,
Toyota Surf  2003 SSR-X 2.7 for Sale,https://www.pakwheels.com/used-cars/toyota-surf-2003-for-sale-in-karachi-11384471,PKR 75.8 lacs,2003,"83,000 km",2700 cc,Automatic,Petrol,Karachi,Individual,main_ad_11384471,Automatic,4/23/2026 0:03,used-car,https://www.pakwheels.com/used-cars/search/-/,,,
Honda Civic  2016 Turbo 1.5 VTEC CVT for Sale7.6/10,https://www.pakwheels.com/used-cars/honda-civic-2016-for-sale-in-karachi-11393281,PKR 45 lacs,2016,"54,482 km",1500 cc,Automatic,Petrol,Karachi,Individual,main_ad_11393281,Automatic,4/23/2026 0:03,used-car,https://www.pakwheels.com/used-cars/search/-/,,,
Daihatsu Mira  2019 X SA lll for Sale8.1/10,https://www.pakwheels.com/used-cars/daihatsu-mira-2019-for-sale-in-karachi-11200100,PKR 33 lacs,2019,"80,389 km",660 cc,Automatic,Petrol,Karachi,Individual,main_ad_11200100,4.5 Grade,4/23/2026 0:03,used-car,https://www.pakwheels.com/used-cars/search/-/,,,
Toyota Hilux  2013 Invincible for Sale,https://www.pakwheels.com/used-cars/toyota-hilux-2013-for-sale-in-lahore-11305719,PKR 75 lacs,2013,"170,000 km",2400 cc,Automatic,Diesel,Lahore,Individual,main_ad_11305719,Automatic,4/23/2026 0:03,used-car,https://www.pakwheels.com/used-cars/search/-/,,,
Toyota Raize  2020 Z for Sale9.9/10,https://www.pakwheels.com/used-cars/toyota-raize-2020-for-sale-in-karachi-11350700,PKR 62.5 lacs,2020,"30,581 km",1000 cc,Automatic,Petrol,Karachi,Individual,main_ad_11350700,4.5 Grade,4/23/2026 0:03,used-car,https://www.pakwheels.com/used-cars/search/-/,,,
Suzuki Liana  2006 LXi for Sale,https://www.pakwheels.com/used-cars/suzuki-liana-2006-for-sale-in-lahore-11393684,PKR 14.75 lacs,2006,"118,000 km",1300 cc,Manual,Petrol,Lahore,Individual,main_ad_11393684,Manual,4/23/2026 0:03,used-car,https://www.pakwheels.com/used-cars/search/-/,,,
Toyota Corolla  2022 Altis Grande X CVT-i 1.8 Beige Interior for Sale,https://www.pakwheels.com/used-cars/toyota-corolla-2022-for-sale-in-bahawalpur-11393679,PKR 69 lacs,2022,"45,000 km",1800 cc,Automatic,Petrol,Bahawalpur,Individual,main_ad_11393679,Automatic,4/23/2026 0:03,used-car,https://www.pakwheels.com/used-cars/search/-/,,,
Toyota Corolla  2022 Altis 1.6 X CVT-i Special Edition for Sale,https://www.pakwheels.com/used-cars/toyota-corolla-2022-for-sale-in-rawalpindi-11393681,PKR 63 lacs,2022,"61,000 km",1600 cc,Automatic,Petrol,Rawalpindi,Individual,main_ad_11393681,Automatic,4/23/2026 0:03,used-car,https://www.pakwheels.com/used-cars/search/-/,,,
Honda Civic Rebirth 2013 VTi Oriel Prosmatec 1.8 i-VTEC for Sale,https://www.pakwheels.com/used-cars/honda-civic-2013-for-sale-in-karachi-11393678,PKR 35 lacs,2013,"136,000 km",1800 cc,Automatic,Petrol,Karachi,Individual,main_ad_11393678,Automatic,4/23/2026 0:03,used-car,https://www.pakwheels.com/used-cars/search/-/,,,
Toyota Yaris Hatchback  2023 X for Sale,https://www.pakwheels.com/used-cars/toyota-yaris-hatchback-2023-for-sale-in-lahore-11041932,PKR 46.5 lacs,2023,"46,000 km",1000 cc,Automatic,Petrol,Lahore,Individual,main_ad_11041932,Automatic,4/23/2026 0:03,used-car,https://www.pakwheels.com/used-cars/search/-/,,,
Haval H6  2024 HEV for Sale,https://www.pakwheels.com/used-cars/haval-h6-2024-for-sale-in-lahore-11393674,PKR 1.06 crore,2024,"47,000 km",1500 cc,Automatic,Hybrid,Lahore,Individual,main_ad_11393674,Automatic,4/23/2026 0:03,used-car,https://www.pakwheels.com/used-cars/search/-/,,,
Suzuki Swift  2022 GL Manual for Sale,https://www.pakwheels.com/used-cars/suzuki-swift-2022-for-sale-in-karachi-11393673,PKR 37.5 lacs,2022,"55,700 km",1200 cc,Manual,Petrol,Karachi,Individual,main_ad_11393673,Manual,4/23/2026 0:03,used-car,https://www.pakwheels.com/used-cars/search/-/,,,
Honda City  2008 i-DSI for Sale,https://www.pakwheels.com/used-cars/honda-city-2008-for-sale-in-rawalpindi-11393668,PKR 23 lacs,2008,"128,321 km",1300 cc,Manual,Petrol,Rawalpindi,Individual,main_ad_11393668,Manual,4/23/2026 0:03,used-car,https://www.pakwheels.com/used-cars/search/-/,,,
Haval H6  2026 1.5T for Sale,https://www.pakwheels.com/used-cars/haval-h6-2026-for-sale-in-sadiqabad-11393670,PKR 98.5 lacs,2026,"4,300 km",1500 cc,Automatic,Petrol,Sadiqabad,Individual,main_ad_11393670,Automatic,4/23/2026 0:03,used-car,https://www.pakwheels.com/used-cars/search/-/,,,
Suzuki Cultus  2018 VXR for Sale,https://www.pakwheels.com/used-cars/suzuki-cultus-2018-for-sale-in-karachi-11277987,PKR 24 lacs,2018,"65,000 km",1000 cc,Manual,Petrol,Karachi,Individual,main_ad_11277987,Manual,4/23/2026 0:03,used-car,https://www.pakwheels.com/used-cars/search/-/,,,
Suzuki Alto  2021 VXR for Sale,https://www.pakwheels.com/used-cars/suzuki-alto-2021-for-sale-in-karachi-11393671,PKR 23.5 lacs,2021,"78,000 km",660 cc,Manual,Petrol,Karachi,Individual,main_ad_11393671,Manual,4/23/2026 0:03,used-car,https://www.pakwheels.com/used-cars/search/-/,,,
Suzuki Alto  2021 VXL AGS for Sale,https://www.pakwheels.com/used-cars/suzuki-alto-2021-for-sale-in-quetta-11393669,PKR 26.8 lacs,2021,"40,000 km",660 cc,Automatic,Petrol,Quetta,Individual,main_ad_11393669,Automatic,4/23/2026 0:03,used-car,https://www.pakwheels.com/used-cars/search/-/,,,
Toyota Corolla  2008 XLi for Sale,https://www.pakwheels.com/used-cars/toyota-corolla-2008-for-sale-in-islamabad-11334922,PKR 25.2 lacs,2008,"146,000 km",1300 cc,Manual,Petrol,Islamabad,Individual,main_ad_11334922,Manual,4/23/2026 0:03,used-car,https://www.pakwheels.com/used-cars/search/-/,,,
Haval H6  2024 HEV for Sale,https://www.pakwheels.com/used-cars/haval-h6-2024-for-sale-in-islamabad-11393666,PKR 1.11 crore,2024,"33,000 km",1500 cc,Automatic,Hybrid,Islamabad,Individual,main_ad_11393666,Automatic,4/23/2026 0:03,used-car,https://www.pakwheels.com/used-cars/search/-/,,,
Toyota Vitz  2002  for Sale,https://www.pakwheels.com/used-cars/toyota-vitz-2002-for-sale-in-islamabad-11393664,PKR 19.5 lacs,2002,"160,000 km",1000 cc,Automatic,Petrol,Islamabad,Individual,main_ad_11393664,Automatic,4/23/2026 0:03,used-car,https://www.pakwheels.com/used-cars/search/-/,,,
Honda Civic Reborn 2007 VTi Prosmatec 1.8 i-VTEC for Sale,https://www.pakwheels.com/used-cars/honda-civic-2007-for-sale-in-rawalpindi-11393663,PKR 23 lacs,2007,"177,173 km",1800 cc,Automatic,Petrol,Rawalpindi,Individual,main_ad_11393663,Automatic,4/23/2026 0:03,used-car,https://www.pakwheels.com/used-cars/search/-/,,,
Suzuki Swift  2022 GLX CVT for Sale,https://www.pakwheels.com/used-cars/suzuki-swift-2022-for-sale-in-lahore-11393662,PKR 43.9 lacs,2022,"5,000 km",1200 cc,Automatic,Petrol,Lahore,Individual,main_ad_11393662,Automatic,4/23/2026 0:03,used-car,https://www.pakwheels.com/used-cars/search/-/,,,
Honda Civic  2022 1.5 RS Turbo for Sale,https://www.pakwheels.com/used-cars/honda-civic-2022-for-sale-in-karachi-11393660,PKR 90 lacs,2022,"4,800 km",1500 cc,Automatic,Petrol,Karachi,Individual,main_ad_11393660,Automatic,4/23/2026 0:03,used-car,https://www.pakwheels.com/used-cars/search/-/,,,
Haval H6  2025 PHEV for Sale,https://www.pakwheels.com/used-cars/haval-h6-2025-for-sale-in-sialkot-11383531,PKR 1.31 crore,2025,"7,000 km",1500 cc,Automatic,PHEV,Sialkot,Individual,main_ad_11383531,Automatic,4/23/2026 0:03,used-car,https://www.pakwheels.com/used-cars/search/-/,,,
Honda Vezel  2025  for Sale,https://www.pakwheels.com/used-cars/honda-vezel-2025-for-sale-in-lahore-11393658,PKR 72 lacs,2025,1 km,1500 cc,Automatic,Hybrid,Lahore,Individual,main_ad_11393658,Automatic,4/23/2026 0:03,used-car,https://www.pakwheels.com/used-cars/search/-/,,,
Toyota Corolla  2022 Altis Grande X CVT-i 1.8 Black Interior for Sale8.7/10,https://www.pakwheels.com/used-cars/toyota-corolla-2022-for-sale-in-lahore-11312638,PKR 71 lacs,2022,"51,952 km",1800 cc,Automatic,Petrol,Lahore,Individual,main_ad_11312638,Automatic,4/23/2026 0:03,used-car,https://www.pakwheels.com/used-cars/search/-/,,,
Honda City 6th Generation 2021 1.5L ASPIRE CVT for Sale,https://www.pakwheels.com/used-cars/honda-city-2021-for-sale-in-rawalpindi-11348898,PKR 48.95 lacs,2021,"70,000 km",1500 cc,Automatic,Petrol,Rawalpindi,Individual,main_ad_11348898,Automatic,4/23/2026 0:03,used-car,https://www.pakwheels.com/used-cars/search/-/,,,
MG HS  2021 Trophy for Sale,https://www.pakwheels.com/used-cars/mg-hs-2021-for-sale-in-islamabad-11360428,PKR 61.89 lacs,2021,"50,000 km",1500 cc,Automatic,Petrol,Islamabad,Individual,main_ad_11360428,Automatic,4/23/2026 0:03,used-car,https://www.pakwheels.com/used-cars/search/-/,,,
Lexus RX Series  2011 450h for Sale8.3/10,https://www.pakwheels.com/used-cars/lexus-rx-series-2011-for-sale-in-lahore-11393275,PKR 72 lacs,2011,"205,481 km",3500 cc,Automatic,Hybrid,Lahore,Individual,main_ad_11393275,4.5 Grade,4/23/2026 0:03,used-car,https://www.pakwheels.com/used-cars/search/-/,,,
Toyota Corolla  2015 GLi Automatic 1.3 VVTi for Sale8.8/10,https://www.pakwheels.com/used-cars/toyota-corolla-2015-for-sale-in-lahore-11200090,PKR 47.3 lacs,2015,"35,312 km",1300 cc,Automatic,Petrol,Lahore,Individual,main_ad_11200090,Automatic,4/23/2026 0:03,used-car,https://www.pakwheels.com/used-cars/search/-/,,,
KIA Stonic  2025 EX for Sale,https://www.pakwheels.com/used-cars/kia-stonic-2025-for-sale-in-lahore-11393145,PKR 48.5 lacs,2025,"5,700 km",1400 cc,Automatic,Petrol,Lahore,Individual,main_ad_11393145,Automatic,4/23/2026 0:03,used-car,https://www.pakwheels.com/used-cars/search/-/,,,
Suzuki Baleno  2004 JXR for Sale5.3/10,https://www.pakwheels.com/used-cars/suzuki-baleno-2004-for-sale-in-rawalpindi-11294689,PKR 11.5 lacs,2004,"312,497 km",1300 cc,Manual,Petrol,Rawalpindi,Individual,main_ad_11294689,Manual,4/23/2026 0:03,used-car,https://www.pakwheels.com/used-cars/search/-/,,,
KIA Sorento  2021 2.4 FWD for Sale,https://www.pakwheels.com/used-cars/kia-sorento-2021-for-sale-in-multan-11393334,PKR 72 lacs,2021,"62,000 km",2400 cc,Automatic,Petrol,Multan,Individual,main_ad_11393334,Automatic,4/23/2026 0:03,used-car,https://www.pakwheels.com/used-cars/search/-/,,,
Hyundai Elantra  2023 GL for Sale9.1/10,https://www.pakwheels.com/used-cars/hyundai-elantra-2023-for-sale-in-karachi-11294675,PKR 58 lacs,2023,"23,468 km",1600 cc,Automatic,Petrol,Karachi,Individual,main_ad_11294675,Automatic,4/23/2026 0:03,used-car,https://www.pakwheels.com/used-cars/search/-/,,,
Toyota Corolla Cross  2025 1.8 HEV X for Sale9.8/10,https://www.pakwheels.com/used-cars/toyota-corolla-cross-2025-for-sale-in-rawalpindi-11217984,PKR 88 lacs,2025,"48,068 km",1800 cc,Automatic,Hybrid,Rawalpindi,Individual,main_ad_11217984,Automatic,4/23/2026 0:03,used-car,https://www.pakwheels.com/used-cars/search/-/,,,
Honda Civic Rebirth 2013 VTi 1.8 i-VTEC for Sale,https://www.pakwheels.com/used-cars/honda-civic-2013-for-sale-in-lahore-11393328,PKR 35.5 lacs,2013,"110,000 km",1800 cc,Manual,Petrol,Lahore,Individual,main_ad_11393328,Manual,4/23/2026 0:03,used-car,https://www.pakwheels.com/used-cars/search/-/,,,
Hyundai Elantra  2025 2.0 Limited Edition for Sale9.8/10,https://www.pakwheels.com/used-cars/hyundai-elantra-2025-for-sale-in-islamabad-11346462,PKR 69.5 lacs,2025,"7,024 km",2000 cc,Automatic,Petrol,Islamabad,Individual,main_ad_11346462,Automatic,4/23/2026 0:03,used-car,https://www.pakwheels.com/used-cars/search/-/,,,
Toyota Yaris Sedan  2021 ATIV X CVT 1.5 for Sale,https://www.pakwheels.com/used-cars/toyota-yaris-sedan-2021-for-sale-in-lahore-11393649,PKR 48.5 lacs,2021,"35,700 km",1500 cc,Automatic,Petrol,Lahore,Individual,main_ad_11393649,Automatic,4/23/2026 0:03,used-car,https://www.pakwheels.com/used-cars/search/-/,,,
Honda City 5th (GM2) Generation 2020 1.3 i-VTEC for Sale,https://www.pakwheels.com/used-cars/honda-city-2020-for-sale-in-toba-tek-singh-11377426,PKR 38.5 lacs,2020,"59,000 km",1300 cc,Manual,Petrol,Toba Tek Singh,Individual,main_ad_11377426,Manual,4/23/2026 0:03,used-car,https://www.pakwheels.com/used-cars/search/-/,,,
Suzuki Wagon R  2019 VXR for Sale,https://www.pakwheels.com/used-cars/suzuki-wagon-r-2019-for-sale-in-multan-11393643,PKR 24 lacs,2019,"127,000 km",1000 cc,Manual,Petrol,Multan,Individual,main_ad_11393643,Manual,4/23/2026 0:03,used-car,https://www.pakwheels.com/used-cars/search/-/,,,
Suzuki Mehran  1993 VXR for Sale,https://www.pakwheels.com/used-cars/suzuki-mehran-1993-for-sale-in-lahore-11393642,PKR 4.2 lacs,1993,"500,000 km",800 cc,Manual,Petrol,Lahore,Individual,main_ad_11393642,Manual,4/23/2026 0:03,used-car,https://www.pakwheels.com/used-cars/search/-/,,,
Daihatsu Cuore  2008 CX Eco for Sale,https://www.pakwheels.com/used-cars/daihatsu-cuore-2008-for-sale-in-lahore-11393641,PKR 10.5 lacs,2008,"165,000 km",800 cc,Manual,Petrol,Lahore,Individual,main_ad_11393641,Manual,4/23/2026 0:03,used-car,https://www.pakwheels.com/used-cars/search/-/,,,
Honda Vezel  2015  for Sale,https://www.pakwheels.com/used-cars/honda-vezel-2015-for-sale-in-lahore-11393636,PKR 44.5 lacs,2015,"179,000 km",1500 cc,Automatic,Petrol,Lahore,Individual,main_ad_11393636,Automatic,4/23/2026 0:03,used-car,https://www.pakwheels.com/used-cars/search/-/,,,
Suzuki Alto  2004 VXR for Sale,https://www.pakwheels.com/used-cars/suzuki-alto-2004-for-sale-in-bhera-11393640,PKR 7.4 lacs,2004,"200,000 km",1000 cc,Manual,Petrol,Bhera,Individual,main_ad_11393640,Manual,4/23/2026 0:03,used-car,https://www.pakwheels.com/used-cars/search/-/,,,
Toyota Corolla  2016 GLi Automatic 1.3 VVTi for Sale,https://www.pakwheels.com/used-cars/toyota-corolla-2016-for-sale-in-lahore-11393639,PKR 39.5 lacs,2016,"92,000 km",1300 cc,Automatic,Petrol,Lahore,Individual,main_ad_11393639,Automatic,4/23/2026 0:03,used-car,https://www.pakwheels.com/used-cars/search/-/,,,
Honda City 5th (GM2) Generation 2016 Aspire 1.5 i-VTEC for Sale,https://www.pakwheels.com/used-cars/honda-city-2016-for-sale-in-lahore-11393638,PKR 37.5 lacs,2016,"100,000 km",1500 cc,Manual,Petrol,Lahore,Individual,main_ad_11393638,Manual,4/23/2026 0:03,used-car,https://www.pakwheels.com/used-cars/search/-/,,,
Honda Civic 11th Generation 2023 RS for Sale,https://www.pakwheels.com/used-cars/honda-civic-2023-for-sale-in-peshawar-11393629,PKR 85 lacs,2023,"54,000 km",1500 cc,Automatic,Petrol,Peshawar,Individual,main_ad_11393629,Automatic,4/23/2026 0:03,used-car,https://www.pakwheels.com/used-cars/search/-/,,,
Toyota Corolla  2020 Altis Automatic 1.6 for Sale,https://www.pakwheels.com/used-cars/toyota-corolla-2020-for-sale-in-gujranwala-11393626,PKR 53.5 lacs,2020,"100,000 km",1600 cc,Automatic,Petrol,Gujranwala,Individual,main_ad_11393626,Automatic,4/23/2026 0:03,used-car,https://www.pakwheels.com/used-cars/search/-/,,,
Toyota Yaris Sedan  2022 ATIV MT 1.3 for Sale,https://www.pakwheels.com/used-cars/toyota-yaris-sedan-2022-for-sale-in-bahawalnagar-11393635,PKR 44.3 lacs,2022,"52,000 km",1300 cc,Manual,Petrol,Bahawalnagar,Individual,main_ad_11393635,Manual,4/23/2026 0:03,used-car,https://www.pakwheels.com/used-cars/search/-/,,,
Toyota Corolla  2013 XLi VVTi Limited Edition for Sale,https://www.pakwheels.com/used-cars/toyota-corolla-2013-for-sale-in-islamabad-11393346,PKR 28 lacs,2013,"148,000 km",1300 cc,Manual,Petrol,Islamabad,Individual,main_ad_11393346,Manual,4/23/2026 0:03,used-car,https://www.pakwheels.com/used-cars/search/-/,,,
Toyota Prius  2008 S 1.5 for Sale,https://www.pakwheels.com/used-cars/toyota-prius-2008-for-sale-in-peshawar-11393633,PKR 31 lacs,2008,"298,000 km",1500 cc,Automatic,Hybrid,Peshawar,Individual,main_ad_11393633,Automatic,4/23/2026 0:03,used-car,https://www.pakwheels.com/used-cars/search/-/,,,
Toyota Corolla  2012 Altis 1.6 for Sale,https://www.pakwheels.com/used-cars/toyota-corolla-2012-for-sale-in-rawalpindi-11393631,PKR 33.75 lacs,2012,"170,000 km",1600 cc,Manual,Petrol,Rawalpindi,Individual,main_ad_11393631,Manual,4/23/2026 0:03,used-car,https://www.pakwheels.com/used-cars/search/-/,,,
Honda City 6th Generation 2021 1.2L M/T for Sale,https://www.pakwheels.com/used-cars/honda-city-2021-for-sale-in-islamabad-11393628,PKR 43 lacs,2021,"39,000 km",1200 cc,Manual,Petrol,Islamabad,Individual,main_ad_11393628,Manual,4/23/2026 0:03,used-car,https://www.pakwheels.com/used-cars/search/-/,,,
Toyota Corolla Axio  2007 G for Sale,https://www.pakwheels.com/used-cars/toyota-corolla-axio-2007-for-sale-in-rawalpindi-11232150,PKR 34.5 lacs,2007,"175,000 km",1500 cc,Automatic,Petrol,Rawalpindi,Individual,main_ad_11232150,Automatic,4/23/2026 0:03,used-car,https://www.pakwheels.com/used-cars/search/-/,,,
Suzuki Margalla  1998 GL Plus for Sale,https://www.pakwheels.com/used-cars/suzuki-margalla-1998-for-sale-in-faisalabad-11278499,PKR 6.25 lacs,1998,"100,000 km",1300 cc,Manual,Petrol,Faisalabad,Individual,main_ad_11278499,Manual,4/23/2026 0:03,used-car,https://www.pakwheels.com/used-cars/search/-/,,,
Toyota Corolla  2017 GLi 1.3 VVTi for Sale,https://www.pakwheels.com/used-cars/toyota-corolla-2017-for-sale-in-jalalpur-jattan-11393624,PKR 42 lacs,2017,"95,000 km",1300 cc,Manual,Petrol,Jalalpur Jattan,Individual,main_ad_11393624,Manual,4/23/2026 0:03,used-car,https://www.pakwheels.com/used-cars/search/-/,,,
Suzuki Baleno  2003 JXR for Sale,https://www.pakwheels.com/used-cars/suzuki-baleno-2003-for-sale-in-islamabad-11393622,PKR 10.7 lacs,2003,999 km,1300 cc,Manual,Petrol,Islamabad,Individual,main_ad_11393622,Manual,4/23/2026 0:03,used-car,https://www.pakwheels.com/used-cars/search/-/,,,
United Bravo  2019 Base Grade  for Sale4.5/10,https://www.pakwheels.com/used-cars/united-bravo-2019-for-sale-in-lahore-11253557,PKR 10.5 lacs,2019,"38,949 km",800 cc,Manual,Petrol,Lahore,Individual,main_ad_11253557,Manual,4/23/2026 0:04,used-car,https://www.pakwheels.com/used-cars/search/-/,,,
Honda Civic  2018 Oriel 1.8 i-VTEC CVT for Sale7.8/10,https://www.pakwheels.com/used-cars/honda-civic-2018-for-sale-in-islamabad-11393273,PKR 53.5 lacs,2018,"114,587 km",1800 cc,Automatic,Petrol,Islamabad,Individual,main_ad_11393273,Automatic,4/23/2026 0:04,used-car,https://www.pakwheels.com/used-cars/search/-/,,,
Mitsubishi Ek Wagon  2022 G for Sale,https://www.pakwheels.com/used-cars/mitsubishi-ek-wagon-2022-for-sale-in-gujranwala-11393320,PKR 37.5 lacs,2022,"49,035 km",660 cc,Automatic,Petrol,Gujranwala,Individual,main_ad_11393320,Automatic,4/23/2026 0:04,used-car,https://www.pakwheels.com/used-cars/search/-/,,,
Daihatsu Move  2022 Custom X for Sale,https://www.pakwheels.com/used-cars/daihatsu-move-2022-for-sale-in-gujranwala-11393319,Call,2022,"108,000 km",660 cc,Automatic,Petrol,Gujranwala,Individual,main_ad_11393319,Automatic,4/23/2026 0:04,used-car,https://www.pakwheels.com/used-cars/search/-/,,,
Suzuki Alto  2021 VX for Sale,https://www.pakwheels.com/used-cars/suzuki-alto-2021-for-sale-in-karachi-11393317,PKR 23 lacs,2021,"36,000 km",660 cc,Manual,Petrol,Karachi,Individual,main_ad_11393317,Manual,4/23/2026 0:04,used-car,https://www.pakwheels.com/used-cars/search/-/,,,
Nissan Roox  2022 S Hybrid for Sale,https://www.pakwheels.com/used-cars/nissan-roox-2022-for-sale-in-gujranwala-11393316,Call,2022,"92,893 km",660 cc,Automatic,Hybrid,Gujranwala,Individual,main_ad_11393316,Automatic,4/23/2026 0:04,used-car,https://www.pakwheels.com/used-cars/search/-/,,,
Daihatsu Move  2022 X SA III for Sale,https://www.pakwheels.com/used-cars/daihatsu-move-2022-for-sale-in-gujranwala-11393315,Call,2022,"22,000 km",660 cc,Automatic,Petrol,Gujranwala,Individual,main_ad_11393315,Automatic,4/23/2026 0:04,used-car,https://www.pakwheels.com/used-cars/search/-/,,,
Daihatsu Move  2022 X SA III for Sale,https://www.pakwheels.com/used-cars/daihatsu-move-2022-for-sale-in-gujranwala-11393314,Call,2022,"80,000 km",660 cc,Automatic,Petrol,Gujranwala,Individual,main_ad_11393314,Automatic,4/23/2026 0:04,used-car,https://www.pakwheels.com/used-cars/search/-/,,,
Honda City 5th (GM2) Generation 2017 1.3 i-VTEC for Sale8.7/10,https://www.pakwheels.com/used-cars/honda-city-2017-for-sale-in-karachi-11350581,PKR 34 lacs,2017,"39,065 km",1300 cc,Manual,Petrol,Karachi,Individual,main_ad_11350581,Manual,4/23/2026 0:04,used-car,https://www.pakwheels.com/used-cars/search/-/,,,
Toyota Corolla  2015 GLi Automatic 1.3 VVTi for Sale9/10,https://www.pakwheels.com/used-cars/toyota-corolla-2015-for-sale-in-islamabad-11294524,PKR 45 lacs,2015,"99,126 km",1300 cc,Automatic,Petrol,Islamabad,Individual,main_ad_11294524,Automatic,4/23/2026 0:04,used-car,https://www.pakwheels.com/used-cars/search/-/,,,
Toyota Corolla  2010 XLi VVTi for Sale6.5/10,https://www.pakwheels.com/used-cars/toyota-corolla-2010-for-sale-in-karachi-11393285,PKR 24 lacs,2010,"110,199 km",1300 cc,Manual,Petrol,Karachi,Individual,main_ad_11393285,Manual,4/23/2026 0:04,used-car,https://www.pakwheels.com/used-cars/search/-/,,,
Toyota Corolla  2018 Altis Automatic 1.6 for Sale8.6/10,https://www.pakwheels.com/used-cars/toyota-corolla-2018-for-sale-in-lahore-11331242,PKR 51 lacs,2018,"62,282 km",1600 cc,Automatic,Petrol,Lahore,Individual,main_ad_11331242,Automatic,4/23/2026 0:04,used-car,https://www.pakwheels.com/used-cars/search/-/,,,
Toyota Corolla  2019 GLi Automatic 1.3 VVTi for Sale,https://www.pakwheels.com/used-cars/toyota-corolla-2019-for-sale-in-sargodha-11393616,PKR 47.5 lacs,2019,"89,000 km",1300 cc,Automatic,Petrol,Sargodha,Individual,main_ad_11393616,Automatic,4/23/2026 0:04,used-car,https://www.pakwheels.com/used-cars/search/-/,,,
Honda Vezel  2015 Hybrid Z for Sale,https://www.pakwheels.com/used-cars/honda-vezel-2015-for-sale-in-islamabad-11393230,PKR 45.5 lacs,2015,"173,000 km",1500 cc,Automatic,Hybrid,Islamabad,Individual,main_ad_11393230,Automatic,4/23/2026 0:04,used-car,https://www.pakwheels.com/used-cars/search/-/,,,
Suzuki Alto  2019 VX for Sale,https://www.pakwheels.com/used-cars/suzuki-alto-2019-for-sale-in-lahore-11393614,PKR 22 lacs,2019,"90,000 km",660 cc,Manual,Petrol,Lahore,Individual,main_ad_11393614,Manual,4/23/2026 0:04,used-car,https://www.pakwheels.com/used-cars/search/-/,,,
Nissan Dayz  2022 Highway Star X ProPilot for Sale,https://www.pakwheels.com/used-cars/nissan-dayz-2022-for-sale-in-gujranwala-11393606,PKR 36.25 lacs,2022,"35,000 km",660 cc,Automatic,Hybrid,Gujranwala,Individual,main_ad_11393606,Automatic,4/23/2026 0:04,used-car,https://www.pakwheels.com/used-cars/search/-/,,,
Nissan Bluebird Sylphy  2006 15S for Sale,https://www.pakwheels.com/used-cars/nissan-bluebird-sylphy-2006-for-sale-in-gujranwala-11393613,PKR 26.1 lacs,2006,"102,000 km",1500 cc,Automatic,Petrol,Gujranwala,Individual,main_ad_11393613,Automatic,4/23/2026 0:04,used-car,https://www.pakwheels.com/used-cars/search/-/,,,
Toyota Corolla  2014 GLi 1.3 VVTi for Sale,https://www.pakwheels.com/used-cars/toyota-corolla-2014-for-sale-in-rawalpindi-11393599,PKR 3.4 lacs,2014,"33,000 km",1300 cc,Manual,Petrol,Rawalpindi,Individual,main_ad_11393599,Manual,4/23/2026 0:04,used-car,https://www.pakwheels.com/used-cars/search/-/,,,
Honda Vezel  2018 Hybrid RS Honda Sensing  for Sale,https://www.pakwheels.com/used-cars/honda-vezel-2018-for-sale-in-islamabad-11393596,PKR 74.9 lacs,2018,"70,000 km",1500 cc,Automatic,Hybrid,Islamabad,Individual,main_ad_11393596,Automatic,4/23/2026 0:04,used-car,https://www.pakwheels.com/used-cars/search/-/,,,
Suzuki Alto  2026 VXR Upgraded for Sale,https://www.pakwheels.com/used-cars/suzuki-alto-2026-for-sale-in-hyderabad-11393598,PKR 31 lacs,2026,5 km,660 cc,Manual,Petrol,Hyderabad,Individual,main_ad_11393598,Manual,4/23/2026 0:04,used-car,https://www.pakwheels.com/used-cars/search/-/,,,
Suzuki Cultus  2012  for Sale,https://www.pakwheels.com/used-cars/suzuki-cultus-2012-for-sale-in-karachi-11393595,PKR 12.7 lacs,2012,"100,000 km",1000 cc,Manual,Petrol,Karachi,Individual,main_ad_11393595,Manual,4/23/2026 0:04,used-car,https://www.pakwheels.com/used-cars/search/-/,,,
Honda City  2007 i-DSI Vario for Sale,https://www.pakwheels.com/used-cars/honda-city-2007-for-sale-in-lahore-11389247,PKR 17 lacs,2007,"99,000 km",1300 cc,Automatic,Petrol,Lahore,Individual,main_ad_11389247,Automatic,4/23/2026 0:04,used-car,https://www.pakwheels.com/used-cars/search/-/,,,
KIA Sportage  2022 AWD for Sale,https://www.pakwheels.com/used-cars/kia-sportage-2022-for-sale-in-sialkot-11211243,PKR 69 lacs,2022,"71,000 km",2000 cc,Automatic,Petrol,Sialkot,Individual,main_ad_11211243,Automatic,4/23/2026 0:04,used-car,https://www.pakwheels.com/used-cars/search/-/,,,
Honda City 6th Generation 2022 1.5L ASPIRE CVT for Sale,https://www.pakwheels.com/used-cars/honda-city-2022-for-sale-in-lahore-11390412,PKR 50.5 lacs,2022,"49,500 km",1500 cc,Automatic,Petrol,Lahore,Individual,main_ad_11390412,Automatic,4/23/2026 0:04,used-car,https://www.pakwheels.com/used-cars/search/-/,,,
Suzuki Alto  2024 VXR for Sale,https://www.pakwheels.com/used-cars/suzuki-alto-2024-for-sale-in-wazirabad-11393587,PKR 28 lacs,2024,"19,000 km",660 cc,Manual,Petrol,Wazirabad,Individual,main_ad_11393587,Manual,4/23/2026 0:04,used-car,https://www.pakwheels.com/used-cars/search/-/,,,
Toyota Corolla  1986 GL Saloon for Sale,https://www.pakwheels.com/used-cars/toyota-corolla-1986-for-sale-in-peshawar-11192723,PKR 7.2 lacs,1986,"100,000 km",1500 cc,Automatic,LPG,Peshawar,Individual,main_ad_11192723,Automatic,4/23/2026 0:04,used-car,https://www.pakwheels.com/used-cars/search/-/,,,
Toyota Vitz  2017 F M Package 1.0 for Sale,https://www.pakwheels.com/used-cars/toyota-vitz-2017-for-sale-in-lahore-11393586,PKR 37 lacs,2017,"111,000 km",996 cc,Automatic,Petrol,Lahore,Individual,main_ad_11393586,Automatic,4/23/2026 0:04,used-car,https://www.pakwheels.com/used-cars/search/-/,,,
Toyota Corolla  2016 GLi 1.3 VVTi for Sale,https://www.pakwheels.com/used-cars/toyota-corolla-2016-for-sale-in-mandi-bahauddin-11393585,PKR 37 lacs,2016,"137,000 km",1300 cc,Manual,Petrol,Mandi bahauddin,Individual,main_ad_11393585,Manual,4/23/2026 0:04,used-car,https://www.pakwheels.com/used-cars/search/-/,,,
Daihatsu Tanto  2022  for Sale,https://www.pakwheels.com/used-cars/daihatsu-tanto-2022-for-sale-in-lahore-10945392,PKR 35.95 lacs,2022,"33,000 km",660 cc,Automatic,Petrol,Lahore,Individual,main_ad_10945392,Automatic,4/23/2026 0:04,used-car,https://www.pakwheels.com/used-cars/search/-/,,,
Toyota Vitz  2011 F 1.0 for Sale,https://www.pakwheels.com/used-cars/toyota-vitz-2011-for-sale-in-lahore-11393290,PKR 30.5 lacs,2011,"95,000 km",1000 cc,Automatic,Petrol,Lahore,Individual,main_ad_11393290,Automatic,4/23/2026 0:04,used-car,https://www.pakwheels.com/used-cars/search/-/,,,
Suzuki Cultus  2014 EURO II for Sale,https://www.pakwheels.com/used-cars/suzuki-cultus-2014-for-sale-in-karachi-11387769,PKR 15.5 lacs,2014,"100,000 km",1000 cc,Manual,Petrol,Karachi,Individual,main_ad_11387769,Manual,4/23/2026 0:04,used-car,https://www.pakwheels.com/used-cars/search/-/,,,
Toyota Prius  2017 PHV (Plug In Hybrid) for Sale8.5/10,https://www.pakwheels.com/used-cars/toyota-prius-2017-for-sale-in-lahore-11236055,PKR 85 lacs,2017,"89,340 km",1800 cc,Automatic,PHEV,Lahore,Individual,main_ad_11236055,Automatic,4/23/2026 0:04,used-car,https://www.pakwheels.com/used-cars/search/-/,,,
Honda Civic  2019 Oriel 1.8 i-VTEC CVT for Sale,https://www.pakwheels.com/used-cars/honda-civic-2019-for-sale-in-karachi-11346543,PKR 53.5 lacs,2019,"67,000 km",1800 cc,Automatic,Petrol,Karachi,Individual,main_ad_11346543,Automatic,4/23/2026 0:04,used-car,https://www.pakwheels.com/used-cars/search/-/,,,
KIA Sorento  2024 2.4 FWD for Sale9.5/10,https://www.pakwheels.com/used-cars/kia-sorento-2024-for-sale-in-karachi-11350365,PKR 80 lacs,2024,"33,866 km",2400 cc,Automatic,Petrol,Karachi,Individual,main_ad_11350365,Automatic,4/23/2026 0:04,used-car,https://www.pakwheels.com/used-cars/search/-/,,,
Daihatsu Cast  2022 Style G Turbo for Sale8.7/10,https://www.pakwheels.com/used-cars/daihatsu-cast-2022-for-sale-in-peshawar-10983273,PKR 38.5 lacs,2022,"42,805 km",660 cc,Automatic,Petrol,Peshawar,Individual,main_ad_10983273,Automatic,4/23/2026 0:04,used-car,https://www.pakwheels.com/used-cars/search/-/,,,
Mitsubishi Rvr  2010 G for Sale6.2/10,https://www.pakwheels.com/used-cars/mitsubishi-rvr-2010-for-sale-in-karachi-11392652,PKR 37.5 lacs,2010,"125,072 km",1800 cc,Automatic,Petrol,Karachi,Individual,main_ad_11392652,R Grade,4/23/2026 0:04,used-car,https://www.pakwheels.com/used-cars/search/-/,,,
Suzuki Every  2020  for Sale,https://www.pakwheels.com/used-cars/suzuki-every-2020-for-sale-in-karachi-11393265,PKR 29.3 lacs,2020,"116,000 km",660 cc,Automatic,Petrol,Karachi,Individual,main_ad_11393265,Automatic,4/23/2026 0:04,used-car,https://www.pakwheels.com/used-cars/search/-/,,,
Hyundai Sonata  2023 2.5 for Sale,https://www.pakwheels.com/used-cars/hyundai-sonata-2023-for-sale-in-lahore-11392871,PKR 92.5 lacs,2023,"57,000 km",2500 cc,Automatic,Petrol,Lahore,Individual,main_ad_11392871,Automatic,4/23/2026 0:04,used-car,https://www.pakwheels.com/used-cars/search/-/,,,
Toyota Corolla  2011 GLi 1.3 VVTi for Sale5.8/10,https://www.pakwheels.com/used-cars/toyota-corolla-2011-for-sale-in-lahore-11294554,PKR 28 lacs,2011,"184,229 km",1300 cc,Manual,Petrol,Lahore,Individual,main_ad_11294554,Manual,4/23/2026 0:04,used-car,https://www.pakwheels.com/used-cars/search/-/,,,
Daihatsu Taft  2021 G Turbo for Sale8.4/10,https://www.pakwheels.com/used-cars/daihatsu-taft-2021-for-sale-in-peshawar-10987529,PKR 45.5 lacs,2021,"61,509 km",660 cc,Automatic,Petrol,Peshawar,Individual,main_ad_10987529,Automatic,4/23/2026 0:04,used-car,https://www.pakwheels.com/used-cars/search/-/,,,
Suzuki Hustler  2021  for Sale,https://www.pakwheels.com/used-cars/suzuki-hustler-2021-for-sale-in-gujrat-11393584,PKR 33.5 lacs,2021,"65,000 km",660 cc,Automatic,Petrol,Gujrat,Individual,main_ad_11393584,Automatic,4/23/2026 0:04,used-car,https://www.pakwheels.com/used-cars/search/-/,,,
Changan Karvaan  2020 Base Model 1.0 for Sale,https://www.pakwheels.com/used-cars/changan-karvaan-2020-for-sale-in-karachi-10999786,PKR 20.5 lacs,2020,"44,000 km",1000 cc,Manual,Petrol,Karachi,Individual,main_ad_10999786,Manual,4/23/2026 0:04,used-car,https://www.pakwheels.com/used-cars/search/-/,,,
Peugeot 2008  2022 Allure for Sale,https://www.pakwheels.com/used-cars/peugeot-2008-2022-for-sale-in-karachi-11393581,PKR 58.5 lacs,2022,"48,500 km",1200 cc,Automatic,Petrol,Karachi,Individual,main_ad_11393581,Automatic,4/23/2026 0:04,used-car,https://www.pakwheels.com/used-cars/search/-/,,,
Suzuki Cultus  2007 VXR (CNG) for Sale,https://www.pakwheels.com/used-cars/suzuki-cultus-2007-for-sale-in-peshawar-11393580,PKR 7 lacs,2007,"200,000 km",1000 cc,Manual,CNG,Peshawar,Individual,main_ad_11393580,Manual,4/23/2026 0:04,used-car,https://www.pakwheels.com/used-cars/search/-/,,,
Suzuki Swift  2011 DLX 1.3 for Sale,https://www.pakwheels.com/used-cars/suzuki-swift-2011-for-sale-in-lahore-11393579,PKR 19.8 lacs,2011,"123,000 km",1300 cc,Manual,Petrol,Lahore,Individual,main_ad_11393579,Manual,4/23/2026 0:04,used-car,https://www.pakwheels.com/used-cars/search/-/,,,
Nissan Sunny  1990  for Sale,https://www.pakwheels.com/used-cars/nissan-sunny-1990-for-sale-in-chakwal-11393578,PKR 6 lacs,1990,"100,000 km",1000 cc,Manual,Petrol,Chakwal,Individual,main_ad_11393578,Manual,4/23/2026 0:04,used-car,https://www.pakwheels.com/used-cars/search/-/,,,
Honda City  2017 Aspire 1.5 i-VTEC for Sale,https://www.pakwheels.com/used-cars/honda-city-2017-for-sale-in-sheikhupura-11393577,PKR 36.5 lacs,2017,"118,600 km",1500 cc,Manual,Petrol,Sheikhupura,Individual,main_ad_11393577,Manual,4/23/2026 0:04,used-car,https://www.pakwheels.com/used-cars/search/-/,,,
Daihatsu Hijet  2020 Deluxe SA III A/T for Sale,https://www.pakwheels.com/used-cars/daihatsu-hijet-2020-for-sale-in-karachi-11393576,PKR 24.5 lacs,2020,"104,000 km",660 cc,Automatic,Petrol,Karachi,Individual,main_ad_11393576,Automatic,4/23/2026 0:04,used-car,https://www.pakwheels.com/used-cars/search/-/,,,
Hyundai Tucson  2020 AWD A/T Ultimate for Sale,https://www.pakwheels.com/used-cars/hyundai-tucson-2020-for-sale-in-karachi-11393494,PKR 69.7 lacs,2020,"43,000 km",2000 cc,Automatic,Petrol,Karachi,Individual,main_ad_11393494,Automatic,4/23/2026 0:04,used-car,https://www.pakwheels.com/used-cars/search/-/,,,
Suzuki Alto  2008 VXR for Sale,https://www.pakwheels.com/used-cars/suzuki-alto-2008-for-sale-in-quetta-11393570,PKR 11.5 lacs,2008,"146,337 km",1000 cc,Manual,Petrol,Quetta,Individual,main_ad_11393570,Manual,4/23/2026 0:04,used-car,https://www.pakwheels.com/used-cars/search/-/,,,
Toyota Corolla  2013 GLi Limited Edition 1.3 VVTi for Sale,https://www.pakwheels.com/used-cars/toyota-corolla-2013-for-sale-in-rawalpindi-11125589,PKR 32.2 lacs,2013,"119,000 km",1300 cc,Manual,Petrol,Rawalpindi,Individual,main_ad_11125589,Manual,4/23/2026 0:04,used-car,https://www.pakwheels.com/used-cars/search/-/,,,
Suzuki Cultus  2016 Limited Edition for Sale,https://www.pakwheels.com/used-cars/suzuki-cultus-2016-for-sale-in-rawalpindi-11393565,PKR 22.5 lacs,2016,"115,000 km",1000 cc,Manual,Petrol,Rawalpindi,Individual,main_ad_11393565,Manual,4/23/2026 0:04,used-car,https://www.pakwheels.com/used-cars/search/-/,,,
Toyota Corolla  2018 GLi 1.3 VVTi for Sale,https://www.pakwheels.com/used-cars/toyota-corolla-2018-for-sale-in-chichawatni-11264487,PKR 38.5 lacs,2018,"217,000 km",1300 cc,Manual,Petrol,Chichawatni,Individual,main_ad_11264487,Manual,4/23/2026 0:04,used-car,https://www.pakwheels.com/used-cars/search/-/,,,
Suzuki Mehran  2008 VX (CNG) for Sale,https://www.pakwheels.com/used-cars/suzuki-mehran-2008-for-sale-in-lahore-11393560,PKR 7.85 lacs,2008,"80,000 km",800 cc,Manual,LPG,Lahore,Individual,main_ad_11393560,Manual,4/23/2026 0:04,used-car,https://www.pakwheels.com/used-cars/search/-/,,,
Toyota Yaris Sedan  2023 ATIV CVT 1.3 for Sale,https://www.pakwheels.com/used-cars/toyota-yaris-sedan-2023-for-sale-in-karachi-11393564,PKR 46.5 lacs,2023,"40,000 km",1300 cc,Automatic,Petrol,Karachi,Individual,main_ad_11393564,Automatic,4/23/2026 0:04,used-car,https://www.pakwheels.com/used-cars/search/-/,,,
Toyota Corolla  2018 Altis Automatic 1.6 for Sale,https://www.pakwheels.com/used-cars/toyota-corolla-2018-for-sale-in-islamabad-11393562,PKR 51 lacs,2018,"71,500 km",1600 cc,Automatic,Petrol,Islamabad,Individual,main_ad_11393562,Automatic,4/23/2026 0:04,used-car,https://www.pakwheels.com/used-cars/search/-/,,,
Suzuki Cultus  2007 VXRi for Sale,https://www.pakwheels.com/used-cars/suzuki-cultus-2007-for-sale-in-islamabad-11393561,PKR 15 lacs,2007,"142,000 km",1000 cc,Manual,Petrol,Islamabad,Individual,main_ad_11393561,Manual,4/23/2026 0:04,used-car,https://www.pakwheels.com/used-cars/search/-/,,,
Honda Accord  2007 CL9 for Sale,https://www.pakwheels.com/used-cars/honda-accord-2007-for-sale-in-rawalpindi-11234024,PKR 27 lacs,2007,"338,509 km",2400 cc,Automatic,Petrol,Rawalpindi,Individual,main_ad_11234024,Automatic,4/23/2026 0:04,used-car,https://www.pakwheels.com/used-cars/search/-/,,,
Toyota Corolla  2024 Altis 1.6 X CVT-i for Sale,https://www.pakwheels.com/used-cars/toyota-corolla-2024-for-sale-in-lahore-11393241,PKR 63.5 lacs,2024,"50,000 km",1600 cc,Automatic,Petrol,Lahore,Individual,main_ad_11393241,Automatic,4/23/2026 0:04,used-car,https://www.pakwheels.com/used-cars/search/-/,,,
Honda City 5th (GM2) Generation 2020 1.3 i-VTEC Prosmatec for Sale,https://www.pakwheels.com/used-cars/honda-city-2020-for-sale-in-lahore-11387743,PKR 41.25 lacs,2020,"49,890 km",1300 cc,Automatic,Petrol,Lahore,Individual,main_ad_11387743,Automatic,4/23/2026 0:04,used-car,https://www.pakwheels.com/used-cars/search/-/,,,
Hyundai Sonata  2021 2.5 for Sale9.5/10,https://www.pakwheels.com/used-cars/hyundai-sonata-2021-for-sale-in-islamabad-11201820,PKR 84.5 lacs,2021,"59,932 km",2500 cc,Automatic,Petrol,Islamabad,Individual,main_ad_11201820,Automatic,4/23/2026 0:04,used-car,https://www.pakwheels.com/used-cars/search/-/,,,
Haval H6  2024 1.5T for Sale9.2/10,https://www.pakwheels.com/used-cars/haval-h6-2024-for-sale-in-lahore-11392595,PKR 90 lacs,2024,"33,953 km",1500 cc,Automatic,Petrol,Lahore,Individual,main_ad_11392595,Automatic,4/23/2026 0:04,used-car,https://www.pakwheels.com/used-cars/search/-/,,,
Toyota Corolla  2025 Altis Grande X CVT-i 1.8 Black Interior for Sale,https://www.pakwheels.com/used-cars/toyota-corolla-2025-for-sale-in-islamabad-11393224,PKR 80.5 lacs,2025,"7,800 km",1800 cc,Automatic,Petrol,Islamabad,Individual,main_ad_11393224,Automatic,4/23/2026 0:04,used-car,https://www.pakwheels.com/used-cars/search/-/,,,
Toyota Aqua  2018 S for Sale9/10,https://www.pakwheels.com/used-cars/toyota-aqua-2018-for-sale-in-lahore-11371122,PKR 50.9 lacs,2018,"126,547 km",1500 cc,Automatic,Hybrid,Lahore,Individual,main_ad_11371122,4 Grade,4/23/2026 0:04,used-car,https://www.pakwheels.com/used-cars/search/-/,,,
Hyundai Elantra  2023 GL for Sale,https://www.pakwheels.com/used-cars/hyundai-elantra-2023-for-sale-in-islamabad-11313535,PKR 58.5 lacs,2023,"28,000 km",1600 cc,Automatic,Petrol,Islamabad,Individual,main_ad_11313535,Automatic,4/23/2026 0:04,used-car,https://www.pakwheels.com/used-cars/search/-/,,,
Suzuki Bolan  2016 VX Euro II for Sale7.5/10,https://www.pakwheels.com/used-cars/suzuki-bolan-2016-for-sale-in-karachi-11350481,PKR 13.5 lacs,2016,"53,497 km",800 cc,Manual,Petrol,Karachi,Individual,main_ad_11350481,Manual,4/23/2026 0:04,used-car,https://www.pakwheels.com/used-cars/search/-/,,,
Haval H6  2026 1.5T for Sale,https://www.pakwheels.com/used-cars/haval-h6-2026-for-sale-in-karachi-11393227,PKR 99.5 lacs,2026,"3,600 km",1500 cc,Automatic,Petrol,Karachi,Individual,main_ad_11393227,Automatic,4/23/2026 0:04,used-car,https://www.pakwheels.com/used-cars/search/-/,,,
KIA Sorento  2024 3.5 FWD for Sale9.6/10,https://www.pakwheels.com/used-cars/kia-sorento-2024-for-sale-in-islamabad-11253488,PKR 95 lacs,2024,"64,310 km",3500 cc,Automatic,Petrol,Islamabad,Individual,main_ad_11253488,Automatic,4/23/2026 0:04,used-car,https://www.pakwheels.com/used-cars/search/-/,,,
Toyota Hilux  2018 Revo V Automatic 3.0  for Sale,https://www.pakwheels.com/used-cars/toyota-hilux-2018-for-sale-in-karachi-11393220,PKR 94 lacs,2018,"102,535 km",3000 cc,Automatic,Diesel,Karachi,Individual,main_ad_11393220,Automatic,4/23/2026 0:04,used-car,https://www.pakwheels.com/used-cars/search/-/,,,
Suzuki Swift  2023 GL Manual for Sale,https://www.pakwheels.com/used-cars/suzuki-swift-2023-for-sale-in-faisalabad-11393172,PKR 39.5 lacs,2023,"46,000 km",1200 cc,Manual,Petrol,Faisalabad,Individual,main_ad_11393172,Manual,4/23/2026 0:04,used-car,https://www.pakwheels.com/used-cars/search/-/,,,
Suzuki Mehran  2010 VX for Sale,https://www.pakwheels.com/used-cars/suzuki-mehran-2010-for-sale-in-hafizabad-11170757,PKR 9.5 lacs,2010,160 km,800 cc,Manual,Petrol,Hafizabad,Individual,main_ad_11170757,Manual,4/23/2026 0:04,used-car,https://www.pakwheels.com/used-cars/search/-/,,,
Toyota Corolla  2020 GLi Automatic 1.3 VVTi for Sale,https://www.pakwheels.com/used-cars/toyota-corolla-2020-for-sale-in-gujrat-11393558,PKR 55 lacs,2020,"107,000 km",1300 cc,Automatic,Petrol,Gujrat,Individual,main_ad_11393558,Automatic,4/23/2026 0:04,used-car,https://www.pakwheels.com/used-cars/search/-/,,,
Hyundai Tucson  2022 FWD A/T GLS Sport for Sale,https://www.pakwheels.com/used-cars/hyundai-tucson-2022-for-sale-in-chiniot-10040435,PKR 71.5 lacs,2022,"42,000 km",2000 cc,Automatic,Petrol,Chiniot,Individual,main_ad_10040435,Automatic,4/23/2026 0:04,used-car,https://www.pakwheels.com/used-cars/search/-/,,,
Daihatsu Mira  2003  for Sale,https://www.pakwheels.com/used-cars/daihatsu-mira-2003-for-sale-in-karachi-11393547,PKR 14 lacs,2003,"999,990 km",660 cc,Automatic,Petrol,Karachi,Individual,main_ad_11393547,Automatic,4/23/2026 0:04,used-car,https://www.pakwheels.com/used-cars/search/-/,,,
Suzuki Swift  2015 DLX Automatic 1.3 for Sale,https://www.pakwheels.com/used-cars/suzuki-swift-2015-for-sale-in-attock-11393557,PKR 27.5 lacs,2015,"121,800 km",1300 cc,Automatic,Petrol,Attock,Individual,main_ad_11393557,Automatic,4/23/2026 0:04,used-car,https://www.pakwheels.com/used-cars/search/-/,,,
Toyota Corolla  2009 GLi 1.3 VVTi for Sale,https://www.pakwheels.com/used-cars/toyota-corolla-2009-for-sale-in-islamabad-11393554,PKR 28.3 lacs,2009,"270,000 km",1300 cc,Manual,Petrol,Islamabad,Individual,main_ad_11393554,Manual,4/23/2026 0:04,used-car,https://www.pakwheels.com/used-cars/search/-/,,,
Suzuki Mehran  2018 VXR Euro II for Sale,https://www.pakwheels.com/used-cars/suzuki-mehran-2018-for-sale-in-lahore-11393552,PKR 13.5 lacs,2018,"140,000 km",796 cc,Manual,Petrol,Lahore,Individual,main_ad_11393552,Manual,4/23/2026 0:04,used-car,https://www.pakwheels.com/used-cars/search/-/,,,
Toyota Corolla  2013 Altis SR Cruisetronic 1.6 for Sale,https://www.pakwheels.com/used-cars/toyota-corolla-2013-for-sale-in-islamabad-11393551,PKR 38.5 lacs,2013,"178,000 km",1600 cc,Automatic,Petrol,Islamabad,Individual,main_ad_11393551,Automatic,4/23/2026 0:04,used-car,https://www.pakwheels.com/used-cars/search/-/,,,
Toyota C-HR  2019 G-LED for Sale,https://www.pakwheels.com/used-cars/toyota-c-hr-2019-for-sale-in-gujranwala-11393550,PKR 85 lacs,2019,"69,000 km",1800 cc,Automatic,Hybrid,Gujranwala,Individual,main_ad_11393550,Automatic,4/23/2026 0:04,used-car,https://www.pakwheels.com/used-cars/search/-/,,,
Toyota Corolla  2023 Altis 1.6 X CVT-i Special Edition for Sale,https://www.pakwheels.com/used-cars/toyota-corolla-2023-for-sale-in-faisalabad-11393549,PKR 65.5 lacs,2023,"33,000 km",1600 cc,Automatic,Petrol,Faisalabad,Individual,main_ad_11393549,Automatic,4/23/2026 0:04,used-car,https://www.pakwheels.com/used-cars/search/-/,,,
Suzuki Cultus  2017 VXL for Sale,https://www.pakwheels.com/used-cars/suzuki-cultus-2017-for-sale-in-multan-11393546,PKR 23.9 lacs,2017,"85,000 km",1000 cc,Manual,Petrol,Multan,Individual,main_ad_11393546,Manual,4/23/2026 0:04,used-car,https://www.pakwheels.com/used-cars/search/-/,,,
Toyota Premio  2006 X EX 1.8 for Sale,https://www.pakwheels.com/used-cars/toyota-premio-2006-for-sale-in-islamabad-11393501,PKR 32.25 lacs,2006,"272,000 km",1800 cc,Automatic,Petrol,Islamabad,Individual,main_ad_11393501,Automatic,4/23/2026 0:04,used-car,https://www.pakwheels.com/used-cars/search/-/,,,
Toyota Corolla  2021  for Sale,https://www.pakwheels.com/used-cars/toyota-corolla-2021-for-sale-in-okara-11393544,PKR 49 lacs,2021,"47,700 km",1600 cc,Automatic,Petrol,Okara,Individual,main_ad_11393544,Automatic,4/23/2026 0:04,used-car,https://www.pakwheels.com/used-cars/search/-/,,,
Mitsubishi Pajero Mini  2007 Limited for Sale,https://www.pakwheels.com/used-cars/mitsubishi-pajero-mini-2007-for-sale-in-lahore-11367148,PKR 15.75 lacs,2007,"125,808 km",660 cc,Automatic,Petrol,Lahore,Individual,main_ad_11367148,Automatic,4/23/2026 0:04,used-car,https://www.pakwheels.com/used-cars/search/-/,,,
Toyota Corolla  2012 GLi 1.3 VVTi for Sale,https://www.pakwheels.com/used-cars/toyota-corolla-2012-for-sale-in-dina-11393543,PKR 31 lacs,2012,"200,000 km",1300 cc,Manual,Petrol,Dina,Individual,main_ad_11393543,Manual,4/23/2026 0:04,used-car,https://www.pakwheels.com/used-cars/search/-/,,,
Honda City 5th (GM2) Generation 2020 1.3 i-VTEC Prosmatec for Sale,https://www.pakwheels.com/used-cars/honda-city-2020-for-sale-in-lahore-11380493,PKR 37.5 lacs,2020,"156,400 km",1300 cc,Automatic,Petrol,Lahore,Individual,main_ad_11380493,Automatic,4/23/2026 0:04,used-car,https://www.pakwheels.com/used-cars/search/-/,,,
Toyota Corolla  2011 GLi 1.3 VVTi for Sale,https://www.pakwheels.com/used-cars/toyota-corolla-2011-for-sale-in-peshawar-11393531,PKR 26.5 lacs,2011,"140,000 km",1300 cc,Manual,Petrol,Peshawar,Individual,main_ad_11393531,Manual,4/23/2026 0:04,used-car,https://www.pakwheels.com/used-cars/search/-/,,,
Fiat Bravo  2020  for Sale,https://www.pakwheels.com/used-cars/fiat-bravo-2020-for-sale-in-rawalpindi-11393529,PKR 12 lacs,2020,"60,000 km",660 cc,Automatic,Petrol,Rawalpindi,Individual,main_ad_11393529,Automatic,4/23/2026 0:04,used-car,https://www.pakwheels.com/used-cars/search/-/,,,
Mitsubishi Pajero Mini  2017  for Sale,https://www.pakwheels.com/used-cars/mitsubishi-pajero-mini-2017-for-sale-in-lahore-11388555,PKR 17.5 lacs,2017,"95,250 km",660 cc,Automatic,Petrol,Lahore,Individual,main_ad_11388555,Automatic,4/23/2026 0:04,used-car,https://www.pakwheels.com/used-cars/search/-/,,,
Suzuki Wagon R  2016 VXL for Sale,https://www.pakwheels.com/used-cars/suzuki-wagon-r-2016-for-sale-in-lahore-11393534,PKR 22 lacs,2016,"126,000 km",1000 cc,Manual,Petrol,Lahore,Individual,main_ad_11393534,Manual,4/23/2026 0:04,used-car,https://www.pakwheels.com/used-cars/search/-/,,,
Suzuki Cultus  2026 VXL for Sale,https://www.pakwheels.com/used-cars/suzuki-cultus-2026-for-sale-in-lahore-11392971,PKR 44.5 lacs,2026,50 km,1000 cc,Manual,Petrol,Lahore,Individual,main_ad_11392971,Manual,4/23/2026 0:05,used-car,https://www.pakwheels.com/used-cars/search/-/,,,
Toyota Yaris Sedan  2021 ATIV MT 1.3 for Sale9.8/10,https://www.pakwheels.com/used-cars/toyota-yaris-sedan-2021-for-sale-in-lahore-11392589,PKR 42.5 lacs,2021,"22,365 km",1300 cc,Manual,Petrol,Lahore,Individual,main_ad_11392589,Manual,4/23/2026 0:05,used-car,https://www.pakwheels.com/used-cars/search/-/,,,
Honda City 5th (GM2) Generation 2020 1.5 i-VTEC Prosmatec for Sale,https://www.pakwheels.com/used-cars/honda-city-2020-for-sale-in-gujrat-11393218,PKR 43.9 lacs,2020,"23,142 km",1500 cc,Automatic,Petrol,Gujrat,Individual,main_ad_11393218,Automatic,4/23/2026 0:05,used-car,https://www.pakwheels.com/used-cars/search/-/,,,
Toyota Passo  2022 X S  for Sale,https://www.pakwheels.com/used-cars/toyota-passo-2022-for-sale-in-islamabad-10865032,PKR 41.99 lacs,2022,"129,000 km",1000 cc,Automatic,Petrol,Islamabad,Individual,main_ad_10865032,Automatic,4/23/2026 0:05,used-car,https://www.pakwheels.com/used-cars/search/-/,,,
Suzuki Swift  2022 GL CVT for Sale,https://www.pakwheels.com/used-cars/suzuki-swift-2022-for-sale-in-lahore-11393196,PKR 39.8 lacs,2022,"67,000 km",1200 cc,Automatic,Petrol,Lahore,Individual,main_ad_11393196,Automatic,4/23/2026 0:05,used-car,https://www.pakwheels.com/used-cars/search/-/,,,
Mercedes Benz C Class  2019 C180 Exclusive for Sale9.4/10,https://www.pakwheels.com/used-cars/mercedes-benz-c-class-2019-for-sale-in-lahore-11094903,PKR 1.85 crore,2019,"44,797 km",1600 cc,Automatic,Petrol,Lahore,Individual,main_ad_11094903,Automatic,4/23/2026 0:05,used-car,https://www.pakwheels.com/used-cars/search/-/,,,
Suzuki Cultus  2022 VXR for Sale,https://www.pakwheels.com/used-cars/suzuki-cultus-2022-for-sale-in-islamabad-11393202,PKR 34.5 lacs,2022,"60,000 km",1000 cc,Manual,Petrol,Islamabad,Individual,main_ad_11393202,Manual,4/23/2026 0:05,used-car,https://www.pakwheels.com/used-cars/search/-/,,,
Suzuki Swift  2018 DLX Automatic 1.3 Navigation for Sale8.3/10,https://www.pakwheels.com/used-cars/suzuki-swift-2018-for-sale-in-islamabad-11370476,PKR 33 lacs,2018,"114,955 km",1300 cc,Automatic,Petrol,Islamabad,Individual,main_ad_11370476,Automatic,4/23/2026 0:05,used-car,https://www.pakwheels.com/used-cars/search/-/,,,
Honda City 5th (GM2) Generation 2020 1.5 i-VTEC Prosmatec for Sale,https://www.pakwheels.com/used-cars/honda-city-2020-for-sale-in-gujranwala-11393201,PKR 43.9 lacs,2020,"22,958 km",1500 cc,Automatic,Petrol,Gujranwala,Individual,main_ad_11393201,Automatic,4/23/2026 0:05,used-car,https://www.pakwheels.com/used-cars/search/-/,,,
Toyota Aqua  2012 G for Sale,https://www.pakwheels.com/used-cars/toyota-aqua-2012-for-sale-in-lahore-11392571,PKR 33.75 lacs,2012,"90,000 km",1500 cc,Automatic,Hybrid,Lahore,Individual,main_ad_11392571,Automatic,4/23/2026 0:05,used-car,https://www.pakwheels.com/used-cars/search/-/,,,
MG HS  2022  for Sale9.3/10,https://www.pakwheels.com/used-cars/mg-hs-2022-for-sale-in-karachi-11253469,PKR 63 lacs,2022,"6,234 km",1500 cc,Automatic,Petrol,Karachi,Individual,main_ad_11253469,Automatic,4/23/2026 0:05,used-car,https://www.pakwheels.com/used-cars/search/-/,,,
Toyota Vitz  2013 F 1.0 for Sale,https://www.pakwheels.com/used-cars/toyota-vitz-2013-for-sale-in-lahore-11347543,PKR 27.5 lacs,2013,"98,600 km",1000 cc,Automatic,Petrol,Lahore,Individual,main_ad_11347543,Automatic,4/23/2026 0:05,used-car,https://www.pakwheels.com/used-cars/search/-/,,,
Suzuki Alto  2025 VXR Upgraded for Sale,https://www.pakwheels.com/used-cars/suzuki-alto-2025-for-sale-in-karachi-11393528,PKR 29 lacs,2025,"21,000 km",660 cc,Manual,Petrol,Karachi,Individual,main_ad_11393528,Manual,4/23/2026 0:05,used-car,https://www.pakwheels.com/used-cars/search/-/,,,
Honda Civic  2017 Oriel 1.8 i-VTEC CVT for Sale,https://www.pakwheels.com/used-cars/honda-civic-2017-for-sale-in-lahore-11393526,PKR 51.95 lacs,2017,"123,000 km",1800 cc,Automatic,Petrol,Lahore,Individual,main_ad_11393526,Automatic,4/23/2026 0:05,used-car,https://www.pakwheels.com/used-cars/search/-/,,,
Toyota Corolla  2016 XLi VVTi for Sale,https://www.pakwheels.com/used-cars/toyota-corolla-2016-for-sale-in-lahore-11393525,PKR 33.6 lacs,2016,"162,500 km",1300 cc,Manual,Petrol,Lahore,Individual,main_ad_11393525,Manual,4/23/2026 0:05,used-car,https://www.pakwheels.com/used-cars/search/-/,,,
Toyota Passo  2014  for Sale,https://www.pakwheels.com/used-cars/toyota-passo-2014-for-sale-in-gujranwala-11393521,PKR 28 lacs,2014,"116,000 km",1000 cc,Automatic,Petrol,Gujranwala,Individual,main_ad_11393521,Automatic,4/23/2026 0:05,used-car,https://www.pakwheels.com/used-cars/search/-/,,,
Jetour Dashing  2026 Deluxe for Sale,https://www.pakwheels.com/used-cars/jetour-dashing-2026-for-sale-in-multan-11393517,PKR 80 lacs,2026,"3,500 km",1498 cc,Automatic,Petrol,Multan,Individual,main_ad_11393517,Automatic,4/23/2026 0:05,used-car,https://www.pakwheels.com/used-cars/search/-/,,,
BMW 5 Series 5th (E60) Generation 2006 530d for Sale,https://www.pakwheels.com/used-cars/bmw-5-series-2006-for-sale-in-khanewal-11393488,PKR 55 lacs,2006,200 km,3000 cc,Automatic,Diesel,Khanewal,Individual,main_ad_11393488,Automatic,4/23/2026 0:05,used-car,https://www.pakwheels.com/used-cars/search/-/,,,
Toyota Corolla  2012 GLi Automatic Limited Edition 1.6 VVTi for Sale,https://www.pakwheels.com/used-cars/toyota-corolla-2012-for-sale-in-peshawar-11393516,PKR 37 lacs,2012,"120,000 km",1600 cc,Automatic,Petrol,Peshawar,Individual,main_ad_11393516,Automatic,4/23/2026 0:05,used-car,https://www.pakwheels.com/used-cars/search/-/,,,
Daihatsu Tanto  2013 Custom X for Sale,https://www.pakwheels.com/used-cars/daihatsu-tanto-2013-for-sale-in-lahore-11341195,PKR 19.9 lacs,2013,"124,800 km",660 cc,Automatic,Petrol,Lahore,Individual,main_ad_11341195,Automatic,4/23/2026 0:05,used-car,https://www.pakwheels.com/used-cars/search/-/,,,
Suzuki Cultus  2007 VXL for Sale,https://www.pakwheels.com/used-cars/suzuki-cultus-2007-for-sale-in-lahore-11393514,PKR 10.5 lacs,2007,"100,000 km",1000 cc,Manual,Petrol,Lahore,Individual,main_ad_11393514,Manual,4/23/2026 0:05,used-car,https://www.pakwheels.com/used-cars/search/-/,,,
Suzuki Swift  2016 DLX 1.3 for Sale,https://www.pakwheels.com/used-cars/suzuki-swift-2016-for-sale-in-lahore-11393510,PKR 24 lacs,2016,125 km,1300 cc,Manual,Petrol,Lahore,Individual,main_ad_11393510,Manual,4/23/2026 0:05,used-car,https://www.pakwheels.com/used-cars/search/-/,,,
Toyota Corolla  2012 GLi Limited Edition 1.3 VVTi for Sale,https://www.pakwheels.com/used-cars/toyota-corolla-2012-for-sale-in-lahore-11393496,PKR 37 lacs,2012,"93,000 km",1300 cc,Manual,Petrol,Lahore,Individual,main_ad_11393496,Manual,4/23/2026 0:05,used-car,https://www.pakwheels.com/used-cars/search/-/,,,
Toyota Fortuner  2013 2.7 VVTi for Sale,https://www.pakwheels.com/used-cars/toyota-fortuner-2013-for-sale-in-lahore-11393503,PKR 70 lacs,2013,"150,000 km",2700 cc,Automatic,Petrol,Lahore,Individual,main_ad_11393503,Automatic,4/23/2026 0:05,used-car,https://www.pakwheels.com/used-cars/search/-/,,,
Daihatsu Mira  2017 G SA III for Sale,https://www.pakwheels.com/used-cars/daihatsu-mira-2017-for-sale-in-vehari-11321946,PKR 29.9 lacs,2017,"52,000 km",660 cc,Automatic,Petrol,Vehari,Individual,main_ad_11321946,Automatic,4/23/2026 0:05,used-car,https://www.pakwheels.com/used-cars/search/-/,,,
Honda Civic Rebirth 2014 VTi Oriel Prosmatec 1.8 i-VTEC for Sale,https://www.pakwheels.com/used-cars/honda-civic-2014-for-sale-in-mandi-bahauddin-11393499,PKR 36.95 lacs,2014,"129,000 km",1800 cc,Automatic,Petrol,Mandi bahauddin,Individual,main_ad_11393499,Automatic,4/23/2026 0:05,used-car,https://www.pakwheels.com/used-cars/search/-/,,,
Suzuki Mehran  2015 VXR Euro II for Sale,https://www.pakwheels.com/used-cars/suzuki-mehran-2015-for-sale-in-lahore-11190935,PKR 11.5 lacs,2015,"63,000 km",796 cc,Manual,Petrol,Lahore,Individual,main_ad_11190935,Manual,4/23/2026 0:05,used-car,https://www.pakwheels.com/used-cars/search/-/,,,
Honda N Box  2021  for Sale,https://www.pakwheels.com/used-cars/honda-n-box-2021-for-sale-in-peshawar-11393498,PKR 29.5 lacs,2021,"26,000 km",660 cc,Automatic,Petrol,Peshawar,Individual,main_ad_11393498,Automatic,4/23/2026 0:05,used-car,https://www.pakwheels.com/used-cars/search/-/,,,
Toyota Corolla  2015 GLi Automatic 1.3 VVTi for Sale,https://www.pakwheels.com/used-cars/toyota-corolla-2015-for-sale-in-lahore-11393492,PKR 42 lacs,2015,"63,000 km",1300 cc,Automatic,Petrol,Lahore,Individual,main_ad_11393492,Automatic,4/23/2026 0:05,used-car,https://www.pakwheels.com/used-cars/search/-/,,,
Toyota Corolla  2016 Altis Automatic 1.6 for Sale8.3/10,https://www.pakwheels.com/used-cars/toyota-corolla-2016-for-sale-in-karachi-11299008,PKR 41 lacs,2016,"96,607 km",1600 cc,Automatic,Petrol,Karachi,Individual,main_ad_11299008,Automatic,4/23/2026 0:05,used-car,https://www.pakwheels.com/used-cars/search/-/,,,
Suzuki Khyber  1994 GA for Sale,https://www.pakwheels.com/used-cars/suzuki-khyber-1994-for-sale-in-karachi-11392815,PKR 3.8 lacs,1994,"200,000 km",1000 cc,Manual,LPG,Karachi,Individual,main_ad_11392815,Manual,4/23/2026 0:05,used-car,https://www.pakwheels.com/used-cars/search/-/,,,
Honda City 5th (GM2) Generation 2020 Aspire Prosmatec 1.5 i-VTEC for Sale,https://www.pakwheels.com/used-cars/honda-city-2020-for-sale-in-rawalpindi-11393192,PKR 44.5 lacs,2020,"53,000 km",1500 cc,Automatic,Petrol,Rawalpindi,Individual,main_ad_11393192,Automatic,4/23/2026 0:05,used-car,https://www.pakwheels.com/used-cars/search/-/,,,
Honda City 6th Generation 2022 1.5L ASPIRE CVT for Sale,https://www.pakwheels.com/used-cars/honda-city-2022-for-sale-in-jalalpur-pirwala-11135640,PKR 50.5 lacs,2022,"62,350 km",1500 cc,Automatic,Petrol,Jalalpur Pirwala,Individual,main_ad_11135640,Automatic,4/23/2026 0:05,used-car,https://www.pakwheels.com/used-cars/search/-/,,,
KIA Sportage  2021 AWD for Sale,https://www.pakwheels.com/used-cars/kia-sportage-2021-for-sale-in-sialkot-10814505,PKR 68.5 lacs,2021,"81,500 km",2000 cc,Automatic,Petrol,Sialkot,Individual,main_ad_10814505,Automatic,4/23/2026 0:05,used-car,https://www.pakwheels.com/used-cars/search/-/,,,
MG HS  2021 Trophy for Sale8.6/10,https://www.pakwheels.com/used-cars/mg-hs-2021-for-sale-in-lahore-11331179,PKR 62 lacs,2021,"67,336 km",1500 cc,Automatic,Petrol,Lahore,Individual,main_ad_11331179,Automatic,4/23/2026 0:05,used-car,https://www.pakwheels.com/used-cars/search/-/,,,
Toyota Corolla  2022 Altis 1.6 X CVT-i for Sale9/10,https://www.pakwheels.com/used-cars/toyota-corolla-2022-for-sale-in-lahore-11392426,PKR 56 lacs,2022,"58,751 km",1600 cc,Automatic,Petrol,Lahore,Individual,main_ad_11392426,Automatic,4/23/2026 0:05,used-car,https://www.pakwheels.com/used-cars/search/-/,,,
BMW 7 Series 4th (E65) Generation 2004 735i for Sale,https://www.pakwheels.com/used-cars/bmw-7-series-2004-for-sale-in-karachi-11393163,PKR 48 lacs,2004,"100,000 km",3600 cc,Automatic,Petrol,Karachi,Individual,main_ad_11393163,Automatic,4/23/2026 0:05,used-car,https://www.pakwheels.com/used-cars/search/-/,,,
Deepal S07  2025 EV for Sale,https://www.pakwheels.com/used-cars/deepal-s07-2025-for-sale-in-karachi-11019799,Call,2025,"1,500 km",66.0 kWh,Automatic,Electric,Karachi,Individual,main_ad_11019799,Automatic,4/23/2026 0:05,used-car,https://www.pakwheels.com/used-cars/search/-/,,,
Toyota Corolla  2017 GLi 1.3 VVTi for Sale,https://www.pakwheels.com/used-cars/toyota-corolla-2017-for-sale-in-islamabad-11393165,PKR 38.5 lacs,2017,"95,000 km",1300 cc,Manual,Petrol,Islamabad,Individual,main_ad_11393165,Manual,4/23/2026 0:05,used-car,https://www.pakwheels.com/used-cars/search/-/,,,
Honda Vezel  2019  for Sale,https://www.pakwheels.com/used-cars/honda-vezel-2019-for-sale-in-lahore-11393158,PKR 72.95 lacs,2019,"61,000 km",1500 cc,Automatic,Petrol,Lahore,Individual,main_ad_11393158,Automatic,4/23/2026 0:05,used-car,https://www.pakwheels.com/used-cars/search/-/,,,
Honda Civic  2016 Oriel 1.8 i-VTEC CVT for Sale7.6/10,https://www.pakwheels.com/used-cars/honda-civic-2016-for-sale-in-lahore-11269888,PKR 49.5 lacs,2016,"79,525 km",1800 cc,Automatic,Petrol,Lahore,Individual,main_ad_11269888,Automatic,4/23/2026 0:05,used-car,https://www.pakwheels.com/used-cars/search/-/,,,
Suzuki Alto  2007 E for Sale,https://www.pakwheels.com/used-cars/suzuki-alto-2007-for-sale-in-rawalpindi-11393491,PKR 9 lacs,2007,"50,000 km",660 cc,Automatic,Petrol,Rawalpindi,Individual,main_ad_11393491,Automatic,4/23/2026 0:05,used-car,https://www.pakwheels.com/used-cars/search/-/,,,
Suzuki Wagon R  2019 VXR for Sale,https://www.pakwheels.com/used-cars/suzuki-wagon-r-2019-for-sale-in-sialkot-11393485,PKR 19.9 lacs,2019,"90,000 km",1000 cc,Manual,Petrol,Sialkot,Individual,main_ad_11393485,Manual,4/23/2026 0:05,used-car,https://www.pakwheels.com/used-cars/search/-/,,,
Honda Civic  2017 1.8 i-VTEC CVT for Sale,https://www.pakwheels.com/used-cars/honda-civic-2017-for-sale-in-lahore-11393484,PKR 47 lacs,2017,"128,000 km",1800 cc,Automatic,Petrol,Lahore,Individual,main_ad_11393484,Automatic,4/23/2026 0:05,used-car,https://www.pakwheels.com/used-cars/search/-/,,,
Honda Civic Rebirth 2013 VTi Oriel Prosmatec 1.8 i-VTEC for Sale,https://www.pakwheels.com/used-cars/honda-civic-2013-for-sale-in-islamabad-11389366,PKR 31.8 lacs,2013,"68,000 km",1800 cc,Automatic,Petrol,Islamabad,Individual,main_ad_11389366,Automatic,4/23/2026 0:05,used-car,https://www.pakwheels.com/used-cars/search/-/,,,
Suzuki Cultus  2016 Limited Edition for Sale,https://www.pakwheels.com/used-cars/suzuki-cultus-2016-for-sale-in-islamabad-11393481,PKR 18.9 lacs,2016,"60,000 km",1000 cc,Manual,Petrol,Islamabad,Individual,main_ad_11393481,Manual,4/23/2026 0:05,used-car,https://www.pakwheels.com/used-cars/search/-/,,,
Toyota Corolla  2020 Altis Automatic 1.6 for Sale,https://www.pakwheels.com/used-cars/toyota-corolla-2020-for-sale-in-kamoke-11393479,PKR 48 lacs,2020,"57,600 km",1600 cc,Automatic,Petrol,Kamoke,Individual,main_ad_11393479,Automatic,4/23/2026 0:05,used-car,https://www.pakwheels.com/used-cars/search/-/,,,
Honda City 5th (GM2) Generation 2013 Aspire Prosmatec 1.5 i-VTEC for Sale,https://www.pakwheels.com/used-cars/honda-city-2013-for-sale-in-islamabad-11389386,PKR 26.7 lacs,2013,"67,500 km",1500 cc,Automatic,Petrol,Islamabad,Individual,main_ad_11389386,Automatic,4/23/2026 0:05,used-car,https://www.pakwheels.com/used-cars/search/-/,,,
Suzuki Bolan  2007 VX for Sale,https://www.pakwheels.com/used-cars/suzuki-bolan-2007-for-sale-in-murree-11393470,PKR 9.3 lacs,2007,"55,980 km",800 cc,Manual,Petrol,Murree,Individual,main_ad_11393470,Manual,4/23/2026 0:05,used-car,https://www.pakwheels.com/used-cars/search/-/,,,
Toyota Vitz  2007 RS 1.5 for Sale,https://www.pakwheels.com/used-cars/toyota-vitz-2007-for-sale-in-faisalabad-11393478,PKR 23.6 lacs,2007,"100,000 km",1500 cc,Automatic,Petrol,Faisalabad,Individual,main_ad_11393478,Automatic,4/23/2026 0:05,used-car,https://www.pakwheels.com/used-cars/search/-/,,,
Suzuki Wagon R  2022 VXL for Sale,https://www.pakwheels.com/used-cars/suzuki-wagon-r-2022-for-sale-in-lahore-11393476,PKR 30.4 lacs,2022,"50,961 km",1000 cc,Manual,Petrol,Lahore,Individual,main_ad_11393476,Manual,4/23/2026 0:05,used-car,https://www.pakwheels.com/used-cars/search/-/,,,
Toyota Yaris Sedan  2021 ATIV X CVT 1.5 for Sale,https://www.pakwheels.com/used-cars/toyota-yaris-sedan-2021-for-sale-in-lahore-11393475,PKR 45 lacs,2021,"290,000 km",1500 cc,Automatic,Petrol,Lahore,Individual,main_ad_11393475,Automatic,4/23/2026 0:05,used-car,https://www.pakwheels.com/used-cars/search/-/,,,
Toyota Corolla 8th (E110) Generation 1999 XE for Sale,https://www.pakwheels.com/used-cars/toyota-corolla-1999-for-sale-in-karachi-11393472,PKR 11.5 lacs,1999,"200,000 km",1300 cc,Manual,Petrol,Karachi,Individual,main_ad_11393472,Manual,4/23/2026 0:05,used-car,https://www.pakwheels.com/used-cars/search/-/,,,
Suzuki Alto  2013 ECO-S for Sale,https://www.pakwheels.com/used-cars/suzuki-alto-2013-for-sale-in-peshawar-11393469,PKR 22.4 lacs,2013,"87,000 km",660 cc,Automatic,Petrol,Peshawar,Individual,main_ad_11393469,Automatic,4/23/2026 0:05,used-car,https://www.pakwheels.com/used-cars/search/-/,,,
Suzuki Cultus  2006 VXR for Sale,https://www.pakwheels.com/used-cars/suzuki-cultus-2006-for-sale-in-lahore-11393468,PKR 9.85 lacs,2006,"100,000 km",1000 cc,Manual,Petrol,Lahore,Individual,main_ad_11393468,Manual,4/23/2026 0:05,used-car,https://www.pakwheels.com/used-cars/search/-/,,,
Suzuki Mehran  2011 VX for Sale,https://www.pakwheels.com/used-cars/suzuki-mehran-2011-for-sale-in-islamabad-11393467,PKR 11.25 lacs,2011,"64,000 km",800 cc,Manual,Petrol,Islamabad,Individual,main_ad_11393467,Manual,4/23/2026 0:05,used-car,https://www.pakwheels.com/used-cars/search/-/,,,
Toyota Corolla Fielder  2006 X Special Edition for Sale,https://www.pakwheels.com/used-cars/toyota-corolla-fielder-2006-for-sale-in-rawalpindi-11393466,PKR 32.5 lacs,2006,"150,000 km",1500 cc,Automatic,Petrol,Rawalpindi,Individual,main_ad_11393466,Automatic,4/23/2026 0:05,used-car,https://www.pakwheels.com/used-cars/search/-/,,,
Suzuki Alto  2005 E for Sale,https://www.pakwheels.com/used-cars/suzuki-alto-2005-for-sale-in-karachi-11393464,PKR 11 lacs,2005,"30,000 km",660 cc,Automatic,Petrol,Karachi,Individual,main_ad_11393464,Automatic,4/23/2026 0:05,used-car,https://www.pakwheels.com/used-cars/search/-/,,,
Hyundai Tucson  2021 AWD A/T Ultimate for Sale,https://www.pakwheels.com/used-cars/hyundai-tucson-2021-for-sale-in-faisalabad-11393462,PKR 71.5 lacs,2021,"60,000 km",2000 cc,Automatic,Petrol,Faisalabad,Individual,main_ad_11393462,Automatic,4/23/2026 0:05,used-car,https://www.pakwheels.com/used-cars/search/-/,,,
Honda Civic  2002 VTi 1.6 for Sale,https://www.pakwheels.com/used-cars/honda-civic-2002-for-sale-in-islamabad-11393461,PKR 1.6 lacs,2002,"300,000 km",1600 cc,Manual,Petrol,Islamabad,Individual,main_ad_11393461,Manual,4/23/2026 0:05,used-car,https://www.pakwheels.com/used-cars/search/-/,,,
Honda N Box  2023 Custom GL for Sale,https://www.pakwheels.com/used-cars/honda-n-box-2023-for-sale-in-lahore-11393456,PKR 36.5 lacs,2023,"21,000 km",660 cc,Automatic,Petrol,Lahore,Individual,main_ad_11393456,Automatic,4/23/2026 0:05,used-car,https://www.pakwheels.com/used-cars/search/-/,,,
Daihatsu Cuore  2008 CL Eco for Sale7.4/10,https://www.pakwheels.com/used-cars/daihatsu-cuore-2008-for-sale-in-lahore-11253449,PKR 12.5 lacs,2008,"145,755 km",800 cc,Manual,Petrol,Lahore,Individual,main_ad_11253449,Manual,4/23/2026 0:05,used-car,https://www.pakwheels.com/used-cars/search/-/,,,
Honda BR-V  2018 i-VTEC MT for Sale,https://www.pakwheels.com/used-cars/honda-br-v-2018-for-sale-in-faisalabad-11379184,PKR 39 lacs,2018,"110,000 km",1500 cc,Manual,Petrol,Faisalabad,Individual,main_ad_11379184,Manual,4/23/2026 0:05,used-car,https://www.pakwheels.com/used-cars/search/-/,,,
Toyota Corolla  2026 Altis Grande X CVT-i 1.8 Black Interior for Sale10/10,https://www.pakwheels.com/used-cars/toyota-corolla-2026-for-sale-in-islamabad-11308218,PKR 85 lacs,2026,359 km,1800 cc,Automatic,Petrol,Islamabad,Individual,main_ad_11308218,Automatic,4/23/2026 0:05,used-car,https://www.pakwheels.com/used-cars/search/-/,,,
Toyota Corolla  2015 Altis Grande CVT-i 1.8 for Sale,https://www.pakwheels.com/used-cars/toyota-corolla-2015-for-sale-in-karachi-11393151,PKR 41 lacs,2015,"68,000 km",1800 cc,Automatic,Petrol,Karachi,Individual,main_ad_11393151,Automatic,4/23/2026 0:05,used-car,https://www.pakwheels.com/used-cars/search/-/,,,
FAW V2  2017 VCT-i for Sale,https://www.pakwheels.com/used-cars/faw-v2-2017-for-sale-in-karachi-11393097,PKR 13.95 lacs,2017,"60,000 km",1300 cc,Manual,Petrol,Karachi,Individual,main_ad_11393097,Manual,4/23/2026 0:05,used-car,https://www.pakwheels.com/used-cars/search/-/,,,
Jetour Dashing  2026 Deluxe for Sale,https://www.pakwheels.com/used-cars/jetour-dashing-2026-for-sale-in-islamabad-11393108,PKR 83.5 lacs,2026,250 km,1498 cc,Automatic,Petrol,Islamabad,Individual,main_ad_11393108,Automatic,4/23/2026 0:05,used-car,https://www.pakwheels.com/used-cars/search/-/,,,
Audi e-tron  2020 50 quattro 230 kW for Sale,https://www.pakwheels.com/used-cars/audi-e-tron-2020-for-sale-in-lahore-11393134,PKR 1.36 crore,2020,"60,000 km",600.0 kWh,Automatic,Electric,Lahore,Individual,main_ad_11393134,Automatic,4/23/2026 0:05,used-car,https://www.pakwheels.com/used-cars/search/-/,,,
Honda Civic  2016 Turbo 1.5 VTEC CVT for Sale8/10,https://www.pakwheels.com/used-cars/honda-civic-2016-for-sale-in-karachi-11371021,PKR 48 lacs,2016,"54,985 km",1500 cc,Automatic,Petrol,Karachi,Individual,main_ad_11371021,Automatic,4/23/2026 0:05,used-car,https://www.pakwheels.com/used-cars/search/-/,,,
Honda City 6th Generation 2023 1.5L CVT for Sale7.5/10,https://www.pakwheels.com/used-cars/honda-city-2023-for-sale-in-islamabad-11312379,PKR 47 lacs,2023,"73,394 km",1500 cc,Automatic,Petrol,Islamabad,Individual,main_ad_11312379,Automatic,4/23/2026 0:05,used-car,https://www.pakwheels.com/used-cars/search/-/,,,
KIA Sportage  2021 AWD for Sale,https://www.pakwheels.com/used-cars/kia-sportage-2021-for-sale-in-islamabad-11393125,PKR 66 lacs,2021,"128,000 km",2000 cc,Automatic,Petrol,Islamabad,Individual,main_ad_11393125,Automatic,4/23/2026 0:05,used-car,https://www.pakwheels.com/used-cars/search/-/,,,
Daihatsu Move  2021 L SA 3 for Sale8.4/10,https://www.pakwheels.com/used-cars/daihatsu-move-2021-for-sale-in-islamabad-11232701,PKR 35 lacs,2021,"117,420 km",658 cc,Automatic,Petrol,Islamabad,Individual,main_ad_11232701,Automatic,4/23/2026 0:05,used-car,https://www.pakwheels.com/used-cars/search/-/,,,
Hyundai Sonata  2023 2.5 for Sale,https://www.pakwheels.com/used-cars/hyundai-sonata-2023-for-sale-in-islamabad-11393124,PKR 94 lacs,2023,"52,000 km",2500 cc,Automatic,Petrol,Islamabad,Individual,main_ad_11393124,Automatic,4/23/2026 0:05,used-car,https://www.pakwheels.com/used-cars/search/-/,,,
Honda Civic  2021 Oriel 1.8 i-VTEC CVT for Sale,https://www.pakwheels.com/used-cars/honda-civic-2021-for-sale-in-lahore-11393450,PKR 63.5 lacs,2021,"55,000 km",1800 cc,Automatic,Petrol,Lahore,Individual,main_ad_11393450,Automatic,4/23/2026 0:05,used-car,https://www.pakwheels.com/used-cars/search/-/,,,
Suzuki Mehran  2014 VXR Euro II for Sale,https://www.pakwheels.com/used-cars/suzuki-mehran-2014-for-sale-in-islamabad-11393457,PKR 14.5 lacs,2014,"14,000 km",796 cc,Manual,Petrol,Islamabad,Individual,main_ad_11393457,Manual,4/23/2026 0:05,used-car,https://www.pakwheels.com/used-cars/search/-/,,,
Adam Revo  2021  for Sale,https://www.pakwheels.com/used-cars/adam-revo-2021-for-sale-in-islamabad-11393455,PKR 1.17 crore,2021,"58,000 km",2800 cc,Automatic,Diesel,Islamabad,Individual,main_ad_11393455,Automatic,4/23/2026 0:05,used-car,https://www.pakwheels.com/used-cars/search/-/,,,
Toyota Corolla  2009 Altis Cruisetronic 1.8 for Sale,https://www.pakwheels.com/used-cars/toyota-corolla-2009-for-sale-in-islamabad-11393453,PKR 26 lacs,2009,"100,000 km",1800 cc,Automatic,Petrol,Islamabad,Individual,main_ad_11393453,Automatic,4/23/2026 0:05,used-car,https://www.pakwheels.com/used-cars/search/-/,,,
Suzuki Cultus  2004 VXL (CNG) for Sale,https://www.pakwheels.com/used-cars/suzuki-cultus-2004-for-sale-in-islamabad-11393451,PKR 8.9 lacs,2004,"89,000 km",1000 cc,Manual,Petrol,Islamabad,Individual,main_ad_11393451,Manual,4/23/2026 0:05,used-car,https://www.pakwheels.com/used-cars/search/-/,,,
Honda City 5th (GM2) Generation 2010 1.3 i-VTEC for Sale,https://www.pakwheels.com/used-cars/honda-city-2010-for-sale-in-rawalpindi-11393442,PKR 28.4 lacs,2010,"140,000 km",1300 cc,Manual,Petrol,Rawalpindi,Individual,main_ad_11393442,Manual,4/23/2026 0:05,used-car,https://www.pakwheels.com/used-cars/search/-/,,,
Toyota Platz  2003 F 1.0 for Sale,https://www.pakwheels.com/used-cars/toyota-platz-2003-for-sale-in-karachi-11393448,PKR 17 lacs,2003,"133,000 km",1000 cc,Automatic,Petrol,Karachi,Individual,main_ad_11393448,Automatic,4/23/2026 0:05,used-car,https://www.pakwheels.com/used-cars/search/-/,,,
Suzuki Wagon R  2019 VXL for Sale,https://www.pakwheels.com/used-cars/suzuki-wagon-r-2019-for-sale-in-lahore-11393441,PKR 2.1 lacs,2019,"190,000 km",1000 cc,Manual,Petrol,Lahore,Individual,main_ad_11393441,Manual,4/23/2026 0:05,used-car,https://www.pakwheels.com/used-cars/search/-/,,,
Honda Civic  2017 Oriel 1.8 i-VTEC CVT for Sale,https://www.pakwheels.com/used-cars/honda-civic-2017-for-sale-in-karachi-11393439,PKR 41 lacs,2017,"79,000 km",1800 cc,Automatic,Petrol,Karachi,Individual,main_ad_11393439,Automatic,4/23/2026 0:05,used-car,https://www.pakwheels.com/used-cars/search/-/,,,
Toyota Prius  2007  for Sale,https://www.pakwheels.com/used-cars/toyota-prius-2007-for-sale-in-karachi-11393436,PKR 27 lacs,2007,"260,000 km",1500 cc,Automatic,Hybrid,Karachi,Individual,main_ad_11393436,Automatic,4/23/2026 0:05,used-car,https://www.pakwheels.com/used-cars/search/-/,,,
Toyota Corolla 9th (E120) Generation 2004 SE Saloon Automatic for Sale,https://www.pakwheels.com/used-cars/toyota-corolla-2004-for-sale-in-karachi-11393434,PKR 17.75 lacs,2004,"150,000 km",1600 cc,Automatic,Petrol,Karachi,Individual,main_ad_11393434,Automatic,4/23/2026 0:05,used-car,https://www.pakwheels.com/used-cars/search/-/,,,
Haval H6  2024 HEV for Sale,https://www.pakwheels.com/used-cars/haval-h6-2024-for-sale-in-islamabad-11393428,PKR 1.09 crore,2024,"38,000 km",1500 cc,Automatic,Hybrid,Islamabad,Individual,main_ad_11393428,Automatic,4/23/2026 0:05,used-car,https://www.pakwheels.com/used-cars/search/-/,,,
Honda City 5th (GM2) Generation 2018 1.3 i-VTEC for Sale,https://www.pakwheels.com/used-cars/honda-city-2018-for-sale-in-bahawalpur-11393431,PKR 34 lacs,2018,"113,974 km",1300 cc,Manual,Petrol,Bahawalpur,Individual,main_ad_11393431,Manual,4/23/2026 0:05,used-car,https://www.pakwheels.com/used-cars/search/-/,,,
Honda City  1998  for Sale,https://www.pakwheels.com/used-cars/honda-city-1998-for-sale-in-islamabad-11163058,PKR 9.5 lacs,1998,"90,000 km",1500 cc,Manual,Petrol,Islamabad,Individual,main_ad_11163058,Manual,4/23/2026 0:05,used-car,https://www.pakwheels.com/used-cars/search/-/,,,
Toyota Corolla  2015 Altis Grande CVT-i 1.8 for Sale,https://www.pakwheels.com/used-cars/toyota-corolla-2015-for-sale-in-lahore-11393429,PKR 45.5 lacs,2015,"130,000 km",1800 cc,Automatic,Petrol,Lahore,Individual,main_ad_11393429,Automatic,4/23/2026 0:05,used-car,https://www.pakwheels.com/used-cars/search/-/,,,
Nissan Dayz  2022 Highway Star S hybrid X pro pilot for Sale,https://www.pakwheels.com/used-cars/nissan-dayz-2022-for-sale-in-sialkot-11393425,PKR 39.5 lacs,2022,"114,000 km",660 cc,Automatic,Hybrid,Sialkot,Individual,main_ad_11393425,Automatic,4/23/2026 0:05,used-car,https://www.pakwheels.com/used-cars/search/-/,,,
KIA Sportage  2021 AWD for Sale,https://www.pakwheels.com/used-cars/kia-sportage-2021-for-sale-in-islamabad-11393120,Call,2021,"71,000 km",2000 cc,Automatic,Petrol,Islamabad,Individual,main_ad_11393120,Automatic,4/23/2026 0:06,used-car,https://www.pakwheels.com/used-cars/search/-/,,,
Toyota Corolla Axio  2013 X 1.5 for Sale,https://www.pakwheels.com/used-cars/toyota-corolla-axio-2013-for-sale-in-lahore-11377973,PKR 30.9 lacs,2013,"160,000 km",1500 cc,Automatic,Petrol,Lahore,Individual,main_ad_11377973,Automatic,4/23/2026 0:06,used-car,https://www.pakwheels.com/used-cars/search/-/,,,
Toyota Corolla  2017 GLi Automatic 1.3 VVTi for Sale,https://www.pakwheels.com/used-cars/toyota-corolla-2017-for-sale-in-lahore-11393118,PKR 41.7 lacs,2017,"88,000 km",1300 cc,Automatic,Petrol,Lahore,Individual,main_ad_11393118,Automatic,4/23/2026 0:06,used-car,https://www.pakwheels.com/used-cars/search/-/,,,
Toyota Hilux  2023 Revo Rocco for Sale,https://www.pakwheels.com/used-cars/toyota-hilux-2023-for-sale-in-lahore-11393116,PKR 1.39 crore,2023,"40,000 km",2800 cc,Automatic,Diesel,Lahore,Individual,main_ad_11393116,Automatic,4/23/2026 0:06,used-car,https://www.pakwheels.com/used-cars/search/-/,,,
Honda Civic 11th Generation 2024 RS for Sale,https://www.pakwheels.com/used-cars/honda-civic-2024-for-sale-in-multan-11393112,PKR 89 lacs,2024,"30,000 km",1500 cc,Automatic,Petrol,Multan,Individual,main_ad_11393112,Automatic,4/23/2026 0:06,used-car,https://www.pakwheels.com/used-cars/search/-/,,,
Toyota Corolla  2025 Altis 1.6 X CVT-i for Sale,https://www.pakwheels.com/used-cars/toyota-corolla-2025-for-sale-in-karachi-11393113,PKR 66.5 lacs,2025,"5,000 km",1600 cc,Automatic,Petrol,Karachi,Individual,main_ad_11393113,Automatic,4/23/2026 0:06,used-car,https://www.pakwheels.com/used-cars/search/-/,,,
Honda City 6th Generation 2024 1.2L CVT for Sale8.5/10,https://www.pakwheels.com/used-cars/honda-city-2024-for-sale-in-karachi-11350185,PKR 47 lacs,2024,"7,171 km",1200 cc,Automatic,Petrol,Karachi,Individual,main_ad_11350185,Automatic,4/23/2026 0:06,used-car,https://www.pakwheels.com/used-cars/search/-/,,,
Toyota Corolla  2024 Altis Grande X CVT-i 1.8 Black Interior for Sale,https://www.pakwheels.com/used-cars/toyota-corolla-2024-for-sale-in-lahore-11392982,PKR 78.5 lacs,2024,"19,000 km",1800 cc,Automatic,Petrol,Lahore,Individual,main_ad_11392982,Automatic,4/23/2026 0:06,used-car,https://www.pakwheels.com/used-cars/search/-/,,,
Toyota Corolla  2025 Altis Grande X CVT-i 1.8 Black Interior for Sale,https://www.pakwheels.com/used-cars/toyota-corolla-2025-for-sale-in-lahore-11046407,PKR 76.5 lacs,2025,"22,000 km",1800 cc,Automatic,Petrol,Lahore,Individual,main_ad_11046407,Automatic,4/23/2026 0:06,used-car,https://www.pakwheels.com/used-cars/search/-/,,,
Haval H6  2025 HEV for Sale,https://www.pakwheels.com/used-cars/haval-h6-2025-for-sale-in-lahore-11369248,PKR 1.05 crore,2025,"48,000 km",1500 cc,Automatic,Hybrid,Lahore,Individual,main_ad_11369248,Automatic,4/23/2026 0:06,used-car,https://www.pakwheels.com/used-cars/search/-/,,,
Changan Oshan X7  2023 FutureSense for Sale9.5/10,https://www.pakwheels.com/used-cars/changan-oshan-x7-2023-for-sale-in-karachi-11370955,PKR 78 lacs,2023,"7,665 km",1500 cc,Automatic,Petrol,Karachi,Individual,main_ad_11370955,Automatic,4/23/2026 0:06,used-car,https://www.pakwheels.com/used-cars/search/-/,,,
Toyota Yaris Sedan  2022 GLI MT 1.3 for Sale8/10,https://www.pakwheels.com/used-cars/toyota-yaris-sedan-2022-for-sale-in-islamabad-11312328,PKR 41 lacs,2022,"34,014 km",1300 cc,Manual,Petrol,Islamabad,Individual,main_ad_11312328,Manual,4/23/2026 0:06,used-car,https://www.pakwheels.com/used-cars/search/-/,,,
Toyota Platz  2000 F 1.0 for Sale,https://www.pakwheels.com/used-cars/toyota-platz-2000-for-sale-in-rawalpindi-11291222,PKR 16 lacs,2000,"210,000 km",1000 cc,Automatic,Petrol,Rawalpindi,Individual,main_ad_11291222,Automatic,4/23/2026 0:06,used-car,https://www.pakwheels.com/used-cars/search/-/,,,
Toyota Hiace  1993  for Sale,https://www.pakwheels.com/used-cars/toyota-hiace-1993-for-sale-in-rawalpindi-11393391,PKR 6 lacs,1993,"80,000 km",1000 cc,Manual,Petrol,Rawalpindi,Individual,main_ad_11393391,Manual,4/23/2026 0:06,used-car,https://www.pakwheels.com/used-cars/search/-/,,,
Honda City 5th (GM2) Generation 2016 1.3 i-VTEC Prosmatec for Sale,https://www.pakwheels.com/used-cars/honda-city-2016-for-sale-in-peshawar-11393421,PKR 34.8 lacs,2016,"55,000 km",1300 cc,Automatic,Petrol,Peshawar,Individual,main_ad_11393421,Automatic,4/23/2026 0:06,used-car,https://www.pakwheels.com/used-cars/search/-/,,,
KIA Sportage  2021 AWD for Sale,https://www.pakwheels.com/used-cars/kia-sportage-2021-for-sale-in-karachi-11393416,PKR 68 lacs,2021,"61,000 km",2000 cc,Automatic,Petrol,Karachi,Individual,main_ad_11393416,Automatic,4/23/2026 0:06,used-car,https://www.pakwheels.com/used-cars/search/-/,,,
Suzuki Mehran  2014 VX Euro II for Sale,https://www.pakwheels.com/used-cars/suzuki-mehran-2014-for-sale-in-islamabad-11393413,PKR 11.85 lacs,2014,"145,000 km",796 cc,Manual,Petrol,Islamabad,Individual,main_ad_11393413,Manual,4/23/2026 0:06,used-car,https://www.pakwheels.com/used-cars/search/-/,,,
Changan Oshan X7  2024 FutureSense for Sale,https://www.pakwheels.com/used-cars/changan-oshan-x7-2024-for-sale-in-islamabad-11393412,PKR 82 lacs,2024,"19,000 km",1500 cc,Automatic,Petrol,Islamabad,Individual,main_ad_11393412,Automatic,4/23/2026 0:06,used-car,https://www.pakwheels.com/used-cars/search/-/,,,
Toyota Corolla  2019 GLi 1.3 VVTi for Sale,https://www.pakwheels.com/used-cars/toyota-corolla-2019-for-sale-in-farooqabad-11392109,PKR 50 lacs,2019,"28,700 km",1300 cc,Manual,Petrol,Farooqabad,Individual,main_ad_11392109,Manual,4/23/2026 0:06,used-car,https://www.pakwheels.com/used-cars/search/-/,,,
Daihatsu Cuore  2006 CX Eco for Sale,https://www.pakwheels.com/used-cars/daihatsu-cuore-2006-for-sale-in-karachi-11393409,PKR 7 lacs,2006,12 km,800 cc,Manual,Petrol,Karachi,Individual,main_ad_11393409,Manual,4/23/2026 0:06,used-car,https://www.pakwheels.com/used-cars/search/-/,,,
Honda Civic  2019 Oriel 1.8 i-VTEC CVT for Sale,https://www.pakwheels.com/used-cars/honda-civic-2019-for-sale-in-lahore-11275568,PKR 51.75 lacs,2019,"40,000 km",1800 cc,Automatic,Petrol,Lahore,Individual,main_ad_11275568,Automatic,4/23/2026 0:06,used-car,https://www.pakwheels.com/used-cars/search/-/,,,
Honda City  2005 i-DSI for Sale,https://www.pakwheels.com/used-cars/honda-city-2005-for-sale-in-lahore-11393407,PKR 19.5 lacs,2005,"150,000 km",1300 cc,Manual,Petrol,Lahore,Individual,main_ad_11393407,Manual,4/23/2026 0:06,used-car,https://www.pakwheels.com/used-cars/search/-/,,,
Suzuki Wagon R  2021 VXL for Sale,https://www.pakwheels.com/used-cars/suzuki-wagon-r-2021-for-sale-in-lahore-11393406,PKR 31 lacs,2021,"85,000 km",1000 cc,Manual,Petrol,Lahore,Individual,main_ad_11393406,Manual,4/23/2026 0:06,used-car,https://www.pakwheels.com/used-cars/search/-/,,,
Suzuki Wagon R  2019 VXL for Sale,https://www.pakwheels.com/used-cars/suzuki-wagon-r-2019-for-sale-in-lahore-11382821,PKR 21.5 lacs,2019,"95,000 km",1000 cc,Manual,Petrol,Lahore,Individual,main_ad_11382821,Manual,4/23/2026 0:06,used-car,https://www.pakwheels.com/used-cars/search/-/,,,
Suzuki Alto  2010 X for Sale,https://www.pakwheels.com/used-cars/suzuki-alto-2010-for-sale-in-gujrat-11393401,PKR 14.95 lacs,2010,"98,000 km",660 cc,Automatic,Petrol,Gujrat,Individual,main_ad_11393401,Automatic,4/23/2026 0:06,used-car,https://www.pakwheels.com/used-cars/search/-/,,,
Honda Civic 11th Generation 2024 RS for Sale,https://www.pakwheels.com/used-cars/honda-civic-2024-for-sale-in-islamabad-11393403,PKR 93 lacs,2024,"9,500 km",1500 cc,Automatic,Petrol,Islamabad,Individual,main_ad_11393403,Automatic,4/23/2026 0:06,used-car,https://www.pakwheels.com/used-cars/search/-/,,,
Suzuki Wagon R  2018 VXL for Sale,https://www.pakwheels.com/used-cars/suzuki-wagon-r-2018-for-sale-in-lahore-11393385,PKR 25.85 lacs,2018,"67,000 km",1000 cc,Manual,Petrol,Lahore,Individual,main_ad_11393385,Manual,4/23/2026 0:06,used-car,https://www.pakwheels.com/used-cars/search/-/,,,
Suzuki Cultus  2021 VXR for Sale,https://www.pakwheels.com/used-cars/suzuki-cultus-2021-for-sale-in-lahore-11393402,PKR 31 lacs,2021,"80,000 km",1000 cc,Manual,Petrol,Lahore,Individual,main_ad_11393402,Manual,4/23/2026 0:06,used-car,https://www.pakwheels.com/used-cars/search/-/,,,
MG HS  2025 PHEV for Sale9.7/10,https://www.pakwheels.com/used-cars/mg-hs-2025-for-sale-in-lahore-11370932,PKR 89.5 lacs,2025,"15,708 km",1500 cc,Automatic,PHEV,Lahore,Individual,main_ad_11370932,Automatic,4/23/2026 0:06,used-car,https://www.pakwheels.com/used-cars/search/-/,,,
Toyota Prado 3rd (J120) Generation 2005 TX 4.0 for Sale7.4/10,https://www.pakwheels.com/used-cars/toyota-prado-2005-for-sale-in-lahore-11349983,PKR 88 lacs,2005,"153,966 km",4000 cc,Automatic,Petrol,Lahore,Individual,main_ad_11349983,Automatic,4/23/2026 0:06,used-car,https://www.pakwheels.com/used-cars/search/-/,,,
Suzuki Every  2021 PA for Sale,https://www.pakwheels.com/used-cars/suzuki-every-2021-for-sale-in-gujranwala-10876724,Call,2021,"80,000 km",660 cc,Automatic,Petrol,Gujranwala,Individual,main_ad_10876724,Automatic,4/23/2026 0:06,used-car,https://www.pakwheels.com/used-cars/search/-/,,,
Nissan Dayz  2023 Highway Star S hybrid X pro pilot for Sale,https://www.pakwheels.com/used-cars/nissan-dayz-2023-for-sale-in-gujranwala-10865219,Call,2023,"70,000 km",660 cc,Automatic,Hybrid,Gujranwala,Individual,main_ad_10865219,Automatic,4/23/2026 0:06,used-car,https://www.pakwheels.com/used-cars/search/-/,,,
Nissan Dayz  2022 Highway Star G for Sale,https://www.pakwheels.com/used-cars/nissan-dayz-2022-for-sale-in-gujranwala-11191969,Call,2022,"25,000 km",660 cc,Automatic,Hybrid,Gujranwala,Individual,main_ad_11191969,Automatic,4/23/2026 0:06,used-car,https://www.pakwheels.com/used-cars/search/-/,,,
Daihatsu Move  2022 Custom X for Sale,https://www.pakwheels.com/used-cars/daihatsu-move-2022-for-sale-in-gujranwala-11073753,Call,2022,"74,000 km",660 cc,Automatic,Petrol,Gujranwala,Individual,main_ad_11073753,Automatic,4/23/2026 0:06,used-car,https://www.pakwheels.com/used-cars/search/-/,,,
Daihatsu Move  2022 X for Sale,https://www.pakwheels.com/used-cars/daihatsu-move-2022-for-sale-in-gujranwala-11191365,Call,2022,"72,000 km",660 cc,Automatic,Petrol,Gujranwala,Individual,main_ad_11191365,Automatic,4/23/2026 0:06,used-car,https://www.pakwheels.com/used-cars/search/-/,,,
Suzuki Every  2021 PC for Sale,https://www.pakwheels.com/used-cars/suzuki-every-2021-for-sale-in-gujranwala-10894060,Call,2021,"113,000 km",660 cc,Manual,Petrol,Gujranwala,Individual,main_ad_10894060,Manual,4/23/2026 0:06,used-car,https://www.pakwheels.com/used-cars/search/-/,,,
Toyota Corolla Axio  2007 X Special Edition 1.5 for Sale,https://www.pakwheels.com/used-cars/toyota-corolla-axio-2007-for-sale-in-quetta-11100575,PKR 42.5 lacs,2007,"72,000 km",1500 cc,Automatic,Petrol,Quetta,Individual,main_ad_11100575,Automatic,4/23/2026 0:06,used-car,https://www.pakwheels.com/used-cars/search/-/,,,
Toyota Hilux  2022 Revo Rocco for Sale9.6/10,https://www.pakwheels.com/used-cars/toyota-hilux-2022-for-sale-in-karachi-11359162,PKR 1.38 crore,2022,"59,931 km",2800 cc,Automatic,Diesel,Karachi,Individual,main_ad_11359162,Automatic,4/23/2026 0:06,used-car,https://www.pakwheels.com/used-cars/search/-/,,,
Honda Civic  2020 1.5 RS Turbo for Sale,https://www.pakwheels.com/used-cars/honda-civic-2020-for-sale-in-peshawar-11393050,PKR 69.5 lacs,2020,"34,000 km",1500 cc,Automatic,Petrol,Peshawar,Individual,main_ad_11393050,Automatic,4/23/2026 0:06,used-car,https://www.pakwheels.com/used-cars/search/-/,,,
Haval H6  2025 1.5T for Sale,https://www.pakwheels.com/used-cars/haval-h6-2025-for-sale-in-islamabad-11393047,PKR 97.5 lacs,2025,"17,000 km",1500 cc,Automatic,Petrol,Islamabad,Individual,main_ad_11393047,Automatic,4/23/2026 0:06,used-car,https://www.pakwheels.com/used-cars/search/-/,,,
Suzuki Mehran  2015 VX Euro II for Sale,https://www.pakwheels.com/used-cars/suzuki-mehran-2015-for-sale-in-rawalpindi-11393399,PKR 12 lacs,2015,"80,000 km",796 cc,Manual,Petrol,Rawalpindi,Individual,main_ad_11393399,Manual,4/23/2026 0:06,used-car,https://www.pakwheels.com/used-cars/search/-/,,,
Toyota Corolla  2014 Altis SR 1.6 for Sale,https://www.pakwheels.com/used-cars/toyota-corolla-2014-for-sale-in-islamabad-11393396,PKR 35.5 lacs,2014,"145,000 km",1600 cc,Manual,Petrol,Islamabad,Individual,main_ad_11393396,Manual,4/23/2026 0:06,used-car,https://www.pakwheels.com/used-cars/search/-/,,,
Suzuki Cultus  2007 VXL (CNG) for Sale,https://www.pakwheels.com/used-cars/suzuki-cultus-2007-for-sale-in-karachi-11393347,PKR 8 lacs,2007,"150,000 km",1000 cc,Manual,LPG,Karachi,Individual,main_ad_11393347,Manual,4/23/2026 0:06,used-car,https://www.pakwheels.com/used-cars/search/-/,,,
Nissan Dayz  2019 Highway Star X for Sale,https://www.pakwheels.com/used-cars/nissan-dayz-2019-for-sale-in-hyderabad-11393394,PKR 35 lacs,2019,"40,000 km",660 cc,Automatic,Petrol,Hyderabad,Individual,main_ad_11393394,Automatic,4/23/2026 0:06,used-car,https://www.pakwheels.com/used-cars/search/-/,,,
Changan Oshan X7  2023 FutureSense for Sale,https://www.pakwheels.com/used-cars/changan-oshan-x7-2023-for-sale-in-quetta-11393384,PKR 76 lacs,2023,"79,000 km",1500 cc,Automatic,Petrol,Quetta,Individual,main_ad_11393384,Automatic,4/23/2026 0:06,used-car,https://www.pakwheels.com/used-cars/search/-/,,,
Suzuki Cultus  2012 EURO II for Sale,https://www.pakwheels.com/used-cars/suzuki-cultus-2012-for-sale-in-karachi-11393380,PKR 13.2 lacs,2012,"101,000 km",1000 cc,Manual,Petrol,Karachi,Individual,main_ad_11393380,Manual,4/23/2026 0:06,used-car,https://www.pakwheels.com/used-cars/search/-/,,,
Hyundai Sonata  2022 2.5 for Sale,https://www.pakwheels.com/used-cars/hyundai-sonata-2022-for-sale-in-lahore-11393367,PKR 97 lacs,2022,"24,000 km",2500 cc,Automatic,Petrol,Lahore,Individual,main_ad_11393367,Automatic,4/23/2026 0:06,used-car,https://www.pakwheels.com/used-cars/search/-/,,,
Haval H6  2026 1.5T for Sale,https://www.pakwheels.com/used-cars/haval-h6-2026-for-sale-in-islamabad-11387608,PKR 95.6 lacs,2026,20 km,1500 cc,Automatic,Petrol,Islamabad,Individual,main_ad_11387608,Automatic,4/23/2026 0:06,used-car,https://www.pakwheels.com/used-cars/search/-/,,,
Toyota Corolla  1999 GLi 1.6 for Sale,https://www.pakwheels.com/used-cars/toyota-corolla-1999-for-sale-in-faisalabad-11393389,PKR 14.15 lacs,1999,"268,000 km",1600 cc,Manual,Petrol,Faisalabad,Individual,main_ad_11393389,Manual,4/23/2026 0:06,used-car,https://www.pakwheels.com/used-cars/search/-/,,,
Toyota Vitz  2008 F 1.0 for Sale,https://www.pakwheels.com/used-cars/toyota-vitz-2008-for-sale-in-lahore-11393388,PKR 23.8 lacs,2008,"135,000 km",1000 cc,Automatic,Petrol,Lahore,Individual,main_ad_11393388,Automatic,4/23/2026 0:06,used-car,https://www.pakwheels.com/used-cars/search/-/,,,
Suzuki Alto  2022 VXR for Sale,https://www.pakwheels.com/used-cars/suzuki-alto-2022-for-sale-in-lahore-11393376,PKR 25.95 lacs,2022,"78,000 km",660 cc,Manual,Petrol,Lahore,Individual,main_ad_11393376,Manual,4/23/2026 0:06,used-car,https://www.pakwheels.com/used-cars/search/-/,,,
Hyundai Elantra  2021 GLS for Sale,https://www.pakwheels.com/used-cars/hyundai-elantra-2021-for-sale-in-lahore-11393339,PKR 57.5 lacs,2021,"38,000 km",2000 cc,Automatic,Petrol,Lahore,Individual,main_ad_11393339,Automatic,4/23/2026 0:06,used-car,https://www.pakwheels.com/used-cars/search/-/,,,
Suzuki Margalla  1990  for Sale,https://www.pakwheels.com/used-cars/suzuki-margalla-1990-for-sale-in-abbottabad-11393381,PKR 9.2 lacs,1990,"87,000 km",1000 cc,Manual,Petrol,Abbottabad,Individual,main_ad_11393381,Manual,4/23/2026 0:06,used-car,https://www.pakwheels.com/used-cars/search/-/,,,
Honda City 5th (GM2) Generation 2016 1.3 i-VTEC for Sale,https://www.pakwheels.com/used-cars/honda-city-2016-for-sale-in-faisalabad-11393379,PKR 35 lacs,2016,"180,000 km",1300 cc,Manual,Petrol,Faisalabad,Individual,main_ad_11393379,Manual,4/23/2026 0:06,used-car,https://www.pakwheels.com/used-cars/search/-/,,,
Suzuki Alto  2025 VXR AGS Upgraded for Sale,https://www.pakwheels.com/used-cars/suzuki-alto-2025-for-sale-in-lahore-10293283,PKR 32.4 lacs,2025,"36,000 km",660 cc,Automatic,Petrol,Lahore,Individual,main_ad_10293283,Automatic,4/23/2026 0:06,used-car,https://www.pakwheels.com/used-cars/search/-/,,,
Daihatsu Taft  2023 G for Sale,https://www.pakwheels.com/used-cars/daihatsu-taft-2023-for-sale-in-sialkot-11393368,PKR 41.75 lacs,2023,"6,500 km",660 cc,Automatic,Petrol,Sialkot,Individual,main_ad_11393368,Automatic,4/23/2026 0:06,used-car,https://www.pakwheels.com/used-cars/search/-/,,,
Honda Civic 11th Generation 2022 Oriel for Sale,https://www.pakwheels.com/used-cars/honda-civic-2022-for-sale-in-islamabad-11393351,PKR 73.9 lacs,2022,"40,000 km",1500 cc,Automatic,Petrol,Islamabad,Individual,main_ad_11393351,Automatic,4/23/2026 0:06,used-car,https://www.pakwheels.com/used-cars/search/-/,,,
Honda Civic  2004 VTi Oriel 1.6 for Sale,https://www.pakwheels.com/used-cars/honda-civic-2004-for-sale-in-peshawar-11393371,PKR 17 lacs,2004,"220,000 km",1600 cc,Manual,Petrol,Peshawar,Individual,main_ad_11393371,Manual,4/23/2026 0:06,used-car,https://www.pakwheels.com/used-cars/search/-/,,,
Toyota Yaris Sedan  2022 GLI CVT 1.3 for Sale,https://www.pakwheels.com/used-cars/toyota-yaris-sedan-2022-for-sale-in-kamoke-11393370,PKR 44.75 lacs,2022,105 km,1300 cc,Automatic,Petrol,Kamoke,Individual,main_ad_11393370,Automatic,4/23/2026 0:06,used-car,https://www.pakwheels.com/used-cars/search/-/,,,
Suzuki Alto  2024 VXL AGS for Sale,https://www.pakwheels.com/used-cars/suzuki-alto-2024-for-sale-in-karachi-11393369,PKR 32.5 lacs,2024,"4,900 km",660 cc,Automatic,Petrol,Karachi,Individual,main_ad_11393369,Automatic,4/23/2026 0:06,used-car,https://www.pakwheels.com/used-cars/search/-/,,,
Hyundai Tucson  2025 Hybrid Signature for Sale,https://www.pakwheels.com/used-cars/hyundai-tucson-2025-for-sale-in-islamabad-11393039,PKR 1.21 crore,2025,"1,800 km",1600 cc,Automatic,Hybrid,Islamabad,Individual,main_ad_11393039,Automatic,4/23/2026 0:06,used-car,https://www.pakwheels.com/used-cars/search/-/,,,
Daihatsu Mira  2023 X SA lll for Sale,https://www.pakwheels.com/used-cars/daihatsu-mira-2023-for-sale-in-islamabad-11020474,PKR 35.75 lacs,2023,"20,000 km",660 cc,Automatic,Petrol,Islamabad,Individual,main_ad_11020474,Automatic,4/23/2026 0:06,used-car,https://www.pakwheels.com/used-cars/search/-/,,,
Honda Civic Rebirth 2014 VTi Prosmatec 1.8 i-VTEC for Sale4.9/10,https://www.pakwheels.com/used-cars/honda-civic-2014-for-sale-in-lahore-11370899,PKR 32 lacs,2014,"159,169 km",1800 cc,Automatic,Petrol,Lahore,Individual,main_ad_11370899,Automatic,4/23/2026 0:06,used-car,https://www.pakwheels.com/used-cars/search/-/,,,
Toyota Corolla  2017 Altis Grande CVT-i 1.8 for Sale,https://www.pakwheels.com/used-cars/toyota-corolla-2017-for-sale-in-islamabad-11393035,PKR 54 lacs,2017,"116,000 km",1800 cc,Automatic,Petrol,Islamabad,Individual,main_ad_11393035,Automatic,4/23/2026 0:06,used-car,https://www.pakwheels.com/used-cars/search/-/,,,
Suzuki Wagon R  2017 VXL for Sale,https://www.pakwheels.com/used-cars/suzuki-wagon-r-2017-for-sale-in-islamabad-11392844,PKR 23.25 lacs,2017,"148,520 km",1000 cc,Manual,Petrol,Islamabad,Individual,main_ad_11392844,Manual,4/23/2026 0:06,used-car,https://www.pakwheels.com/used-cars/search/-/,,,
Honda Vezel  2016 Hybrid Z Honda Sensing  for Sale,https://www.pakwheels.com/used-cars/honda-vezel-2016-for-sale-in-karachi-11393036,PKR 42 lacs,2016,"126,000 km",1500 cc,Automatic,Hybrid,Karachi,Individual,main_ad_11393036,Automatic,4/23/2026 0:06,used-car,https://www.pakwheels.com/used-cars/search/-/,,,
Nissan Dayz  2024 Highway Star X for Sale9.6/10,https://www.pakwheels.com/used-cars/nissan-dayz-2024-for-sale-in-lahore-11312278,PKR 42 lacs,2024,"12,169 km",660 cc,Automatic,Petrol,Lahore,Individual,main_ad_11312278,Automatic,4/23/2026 0:06,used-car,https://www.pakwheels.com/used-cars/search/-/,,,
KIA Stonic  2023 EX+ for Sale9.7/10,https://www.pakwheels.com/used-cars/kia-stonic-2023-for-sale-in-lahore-11370882,PKR 53.5 lacs,2023,"51,460 km",1400 cc,Automatic,Petrol,Lahore,Individual,main_ad_11370882,Automatic,4/23/2026 0:06,used-car,https://www.pakwheels.com/used-cars/search/-/,,,
Hyundai Elantra  2025 Hybrid for Sale,https://www.pakwheels.com/used-cars/hyundai-elantra-2025-for-sale-in-islamabad-11393026,PKR 91 lacs,2025,"29,500 km",1600 cc,Automatic,Hybrid,Islamabad,Individual,main_ad_11393026,Automatic,4/23/2026 0:06,used-car,https://www.pakwheels.com/used-cars/search/-/,,,
Prince Pearl  2021 MT for Sale,https://www.pakwheels.com/used-cars/prince-pearl-2021-for-sale-in-karachi-11375646,PKR 10.95 lacs,2021,"17,000 km",800 cc,Manual,Petrol,Karachi,Individual,main_ad_11375646,Manual,4/23/2026 0:06,used-car,https://www.pakwheels.com/used-cars/search/-/,,,
Suzuki Cultus  2014 EURO II for Sale5.9/10,https://www.pakwheels.com/used-cars/suzuki-cultus-2014-for-sale-in-islamabad-11312279,PKR 15.5 lacs,2014,"38,039 km",1000 cc,Manual,Petrol,Islamabad,Individual,main_ad_11312279,Manual,4/23/2026 0:06,used-car,https://www.pakwheels.com/used-cars/search/-/,,,
Suzuki Mehran  2015 VX Euro II for Sale,https://www.pakwheels.com/used-cars/suzuki-mehran-2015-for-sale-in-bahawalpur-11384437,PKR 8.5 lacs,2015,"50,000 km",796 cc,Manual,Petrol,Bahawalpur,Individual,main_ad_11384437,Manual,4/23/2026 0:06,used-car,https://www.pakwheels.com/used-cars/search/-/,,,
Suzuki Cultus  2004 VXR for Sale,https://www.pakwheels.com/used-cars/suzuki-cultus-2004-for-sale-in-lahore-11393350,PKR 7.6 lacs,2004,"150,000 km",1000 cc,Manual,Petrol,Lahore,Individual,main_ad_11393350,Manual,4/23/2026 0:06,used-car,https://www.pakwheels.com/used-cars/search/-/,,,
Suzuki Bolan  1993 VX for Sale,https://www.pakwheels.com/used-cars/suzuki-bolan-1993-for-sale-in-karachi-11393357,PKR 3.1 lacs,1993,"150,000 km",800 cc,Manual,Petrol,Karachi,Individual,main_ad_11393357,Manual,4/23/2026 0:06,used-car,https://www.pakwheels.com/used-cars/search/-/,,,
Honda Civic Rebirth 2012 VTi 1.8 i-VTEC for Sale,https://www.pakwheels.com/used-cars/honda-civic-2012-for-sale-in-lahore-11393363,PKR 25.75 lacs,2012,"266,000 km",1800 cc,Manual,Petrol,Lahore,Individual,main_ad_11393363,Manual,4/23/2026 0:06,used-car,https://www.pakwheels.com/used-cars/search/-/,,,
Daihatsu Cast  2022 Activa G SA III for Sale,https://www.pakwheels.com/used-cars/daihatsu-cast-2022-for-sale-in-sialkot-11393362,PKR 38.5 lacs,2022,"60,000 km",660 cc,Automatic,Petrol,Sialkot,Individual,main_ad_11393362,Automatic,4/23/2026 0:06,used-car,https://www.pakwheels.com/used-cars/search/-/,,,
Mitsubishi Lancer  1990 GLX 1.3 for Sale,https://www.pakwheels.com/used-cars/mitsubishi-lancer-1990-for-sale-in-karachi-11393359,PKR 10 lacs,1990,"195,000 km",1300 cc,Manual,Petrol,Karachi,Individual,main_ad_11393359,Manual,4/23/2026 0:06,used-car,https://www.pakwheels.com/used-cars/search/-/,,,
Toyota Prius  2011 S LED Edition 1.8 for Sale,https://www.pakwheels.com/used-cars/toyota-prius-2011-for-sale-in-karachi-11393358,PKR 42.45 lacs,2011,"137,500 km",1800 cc,Automatic,Hybrid,Karachi,Individual,main_ad_11393358,Automatic,4/23/2026 0:06,used-car,https://www.pakwheels.com/used-cars/search/-/,,,
Daihatsu Hijet  2011  for Sale,https://www.pakwheels.com/used-cars/daihatsu-hijet-2011-for-sale-in-karachi-11393356,PKR 12.7 lacs,2011,"90,000 km",660 cc,Manual,Petrol,Karachi,Individual,main_ad_11393356,Manual,4/23/2026 0:06,used-car,https://www.pakwheels.com/used-cars/search/-/,,,
Toyota Yaris Sedan  2022 ATIV CVT 1.3 for Sale,https://www.pakwheels.com/used-cars/toyota-yaris-sedan-2022-for-sale-in-faisalabad-11393353,PKR 47.1 lacs,2022,"26,500 km",1300 cc,Automatic,Petrol,Faisalabad,Individual,main_ad_11393353,Automatic,4/23/2026 0:06,used-car,https://www.pakwheels.com/used-cars/search/-/,,,
Honda Civic Rebirth 2015 Oriel Prosmatec UG for Sale,https://www.pakwheels.com/used-cars/honda-civic-2015-for-sale-in-lahore-11392853,PKR 38.5 lacs,2015,"159,120 km",1800 cc,Automatic,Petrol,Lahore,Individual,main_ad_11392853,Automatic,4/23/2026 0:06,used-car,https://www.pakwheels.com/used-cars/search/-/,,,
Suzuki Cultus  2021 VXL for Sale,https://www.pakwheels.com/used-cars/suzuki-cultus-2021-for-sale-in-lahore-11363030,PKR 33.45 lacs,2021,"49,000 km",1000 cc,Manual,Petrol,Lahore,Individual,main_ad_11363030,Manual,4/23/2026 0:06,used-car,https://www.pakwheels.com/used-cars/search/-/,,,
Suzuki Mehran  2018 VX Euro II for Sale,https://www.pakwheels.com/used-cars/suzuki-mehran-2018-for-sale-in-lahore-11393343,PKR 14.6 lacs,2018,"128,000 km",796 cc,Manual,Petrol,Lahore,Individual,main_ad_11393343,Manual,4/23/2026 0:06,used-car,https://www.pakwheels.com/used-cars/search/-/,,,
Toyota Corolla  2020 Altis Grande CVT-i 1.8 for Sale,https://www.pakwheels.com/used-cars/toyota-corolla-2020-for-sale-in-islamabad-11393345,PKR 61 lacs,2020,"76,500 km",1800 cc,Automatic,Petrol,Islamabad,Individual,main_ad_11393345,Automatic,4/23/2026 0:06,used-car,https://www.pakwheels.com/used-cars/search/-/,,,
Nissan Juke  2011 16GT Four Premium Personalized Package for Sale,https://www.pakwheels.com/used-cars/nissan-juke-2011-for-sale-in-peshawar-11393342,PKR 31.5 lacs,2011,"123,455 km",1600 cc,Automatic,Petrol,Peshawar,Individual,main_ad_11393342,Automatic,4/23/2026 0:06,used-car,https://www.pakwheels.com/used-cars/search/-/,,,
Suzuki Cultus  2009 VXLi for Sale,https://www.pakwheels.com/used-cars/suzuki-cultus-2009-for-sale-in-lahore-11283689,PKR 12.65 lacs,2009,"79,000 km",1000 cc,Manual,Petrol,Lahore,Individual,main_ad_11283689,Manual,4/23/2026 0:06,used-car,https://www.pakwheels.com/used-cars/search/-/,,,
Toyota Corolla  2010 XLi VVTi for Sale,https://www.pakwheels.com/used-cars/toyota-corolla-2010-for-sale-in-sialkot-11389079,PKR 24.5 lacs,2010,"175,000 km",1300 cc,Manual,Petrol,Sialkot,Individual,main_ad_11389079,Manual,4/23/2026 0:06,used-car,https://www.pakwheels.com/used-cars/search/-/,,,
Honda CG 125  2021  for Sale,https://www.pakwheels.com/used-bikes/honda-cg-125-2021-for-sale-in-lahore-1006360,PKR 1.6 lacs,2021,"42,000 km",,,4 Stroke,Lahore,Individual,main_ad_1006360,4 Stroke,4/23/2026 0:06,used-bike,https://www.pakwheels.com/used-bikes/search/-/,,,
Suzuki GS 150  2024  for Sale,https://www.pakwheels.com/used-bikes/suzuki-gs-150-2024-for-sale-in-lahore-1007200,PKR 3.85 lacs,2024,"10,000 km",,,4 Stroke,Lahore,Individual,main_ad_1007200,4 Stroke,4/23/2026 0:06,used-bike,https://www.pakwheels.com/used-bikes/search/-/,,,
Honda Pridor  2024  for Sale,https://www.pakwheels.com/used-bikes/honda-pridor-2024-for-sale-in-islamabad-1007117,PKR 1.92 lacs,2024,"21,000 km",,,4 Stroke,Islamabad,Individual,main_ad_1007117,4 Stroke,4/23/2026 0:06,used-bike,https://www.pakwheels.com/used-bikes/search/-/,,,
Vlektra Velocity 180  2026  for Sale,https://www.pakwheels.com/used-bikes/vlektra-velocity-180-2026-for-sale-in-faisalabad-1007068,PKR 3.39 lacs,2026,5 km,,,Electric,Faisalabad,Individual,main_ad_1007068,Electric,4/23/2026 0:06,used-bike,https://www.pakwheels.com/used-bikes/search/-/,,,
Evee Gen-Z  2026  for Sale,https://www.pakwheels.com/used-bikes/evee-gen-z-2026-for-sale-in-lahore-1007028,PKR 1.72 lacs,2026,129 km,,,Electric,Lahore,Individual,main_ad_1007028,Electric,4/23/2026 0:06,used-bike,https://www.pakwheels.com/used-bikes/search/-/,,,
Honda CD 70  2022  for Sale,https://www.pakwheels.com/used-bikes/honda-cd-70-2022-for-sale-in-lahore-1006999,PKR 1.18 lacs,2022,"23,000 km",,,2 Stroke,Lahore,Individual,main_ad_1006999,2 Stroke,4/23/2026 0:06,used-bike,https://www.pakwheels.com/used-bikes/search/-/,,,
Yamaha YZF-R3  2021  for Sale,https://www.pakwheels.com/used-bikes/yamaha-yzf-r3-2021-for-sale-in-islamabad-1006966,PKR 4.5 lacs,2021,"7,940 km",,,4 Stroke,Islamabad,Individual,main_ad_1006966,4 Stroke,4/23/2026 0:06,used-bike,https://www.pakwheels.com/used-bikes/search/-/,,,
Honda CD 70  2025  for Sale,https://www.pakwheels.com/used-bikes/honda-cd-70-2025-for-sale-in-lahore-1006965,PKR 1.55 lacs,2025,"7,000 km",,,4 Stroke,Lahore,Individual,main_ad_1006965,4 Stroke,4/23/2026 0:06,used-bike,https://www.pakwheels.com/used-bikes/search/-/,,,
Super Star 200R  2026  for Sale,https://www.pakwheels.com/used-bikes/super-star-200r-2026-for-sale-in-rawalpindi-1006870,PKR 6.15 lacs,2026,1 km,,,4 Stroke,Rawalpindi,Individual,main_ad_1006870,4 Stroke,4/23/2026 0:06,used-bike,https://www.pakwheels.com/used-bikes/search/-/,,,
Super Star 200R  2026  for Sale,https://www.pakwheels.com/used-bikes/super-star-200r-2026-for-sale-in-rawalpindi-1006869,PKR 6.15 lacs,2026,1 km,,,4 Stroke,Rawalpindi,Individual,main_ad_1006869,4 Stroke,4/23/2026 0:06,used-bike,https://www.pakwheels.com/used-bikes/search/-/,,,
Super Star 200R  2026  for Sale,https://www.pakwheels.com/used-bikes/super-star-200r-2026-for-sale-in-rawalpindi-1006867,PKR 6.15 lacs,2026,1 km,,,4 Stroke,Rawalpindi,Individual,main_ad_1006867,4 Stroke,4/23/2026 0:06,used-bike,https://www.pakwheels.com/used-bikes/search/-/,,,
Honda CG 125  2016  for Sale,https://www.pakwheels.com/used-bikes/honda-cg-125-2016-for-sale-in-lahore-1006861,PKR 1.35 lacs,2016,"70,000 km",,,4 Stroke,Lahore,Individual,main_ad_1006861,4 Stroke,4/23/2026 0:06,used-bike,https://www.pakwheels.com/used-bikes/search/-/,,,
FUEGO TEKKEN 250  2019  for Sale,https://www.pakwheels.com/used-bikes/fuego-tekken-250-2019-for-sale-in-okara-1007243,PKR 7 lacs,2019,1 km,,,2 Stroke,Okara,Individual,main_ad_1007243,2 Stroke,4/23/2026 0:06,used-bike,https://www.pakwheels.com/used-bikes/search/-/,,,
Honda CD 70  2023  for Sale,https://www.pakwheels.com/used-bikes/honda-cd-70-2023-for-sale-in-rawalpindi-1007242,PKR 1.25 lacs,2023,"20,000 km",,,2 Stroke,Rawalpindi,Individual,main_ad_1007242,2 Stroke,4/23/2026 0:06,used-bike,https://www.pakwheels.com/used-bikes/search/-/,,,
Honda Rebel  2020  for Sale,https://www.pakwheels.com/used-bikes/honda-rebel-2020-for-sale-in-lahore-852465,PKR 4.75 lacs,2020,"1,500 km",,,4 Stroke,Lahore,Individual,main_ad_852465,4 Stroke,4/23/2026 0:06,used-bike,https://www.pakwheels.com/used-bikes/search/-/,,,
Honda CD 100 Euro 2  2021  for Sale,https://www.pakwheels.com/used-bikes/honda-cd-100-euro-2-2021-for-sale-in-multan-1007241,PKR 1.5 lacs,2021,"17,327 km",,,2 Stroke,Multan,Individual,main_ad_1007241,2 Stroke,4/23/2026 0:06,used-bike,https://www.pakwheels.com/used-bikes/search/-/,,,
Suzuki GD 110S  2018  for Sale,https://www.pakwheels.com/used-bikes/suzuki-gd-110s-2018-for-sale-in-karachi-1007240,PKR 1.9 lacs,2018,"64,635 km",,,4 Stroke,Karachi,Individual,main_ad_1007240,4 Stroke,4/23/2026 0:06,used-bike,https://www.pakwheels.com/used-bikes/search/-/,,,
Honda CG 125  2022  for Sale,https://www.pakwheels.com/used-bikes/honda-cg-125-2022-for-sale-in-mardan-1007238,PKR 1.6 lacs,2022,"25,000 km",,,4 Stroke,Mardan,Individual,main_ad_1007238,4 Stroke,4/23/2026 0:06,used-bike,https://www.pakwheels.com/used-bikes/search/-/,,,
Honda CG 125  2019  for Sale,https://www.pakwheels.com/used-bikes/honda-cg-125-2019-for-sale-in-islamabad-1007239,PKR 1.6 lacs,2019,"30,000 km",,,4 Stroke,Islamabad,Individual,main_ad_1007239,4 Stroke,4/23/2026 0:06,used-bike,https://www.pakwheels.com/used-bikes/search/-/,,,
Honda CG 125  2022  for Sale,https://www.pakwheels.com/used-bikes/honda-cg-125-2022-for-sale-in-rawalpindi-1007237,PKR 1.9 lacs,2022,"21,000 km",,,4 Stroke,Rawalpindi,Individual,main_ad_1007237,4 Stroke,4/23/2026 0:06,used-bike,https://www.pakwheels.com/used-bikes/search/-/,,,
Yamaha YBR 125  2016  for Sale,https://www.pakwheels.com/used-bikes/yamaha-ybr-125-2016-for-sale-in-bhakkar-1007235,PKR 1.8 lacs,2016,"38,000 km",,,4 Stroke,Bhakkar,Individual,main_ad_1007235,4 Stroke,4/23/2026 0:06,used-bike,https://www.pakwheels.com/used-bikes/search/-/,,,
Metro E8S pro  2025  for Sale,https://www.pakwheels.com/used-bikes/metro-e8s-pro-2025-for-sale-in-peshawar-1007230,PKR 2.25 lacs,2025,300 km,,,Electric,Peshawar,Individual,main_ad_1007230,Electric,4/23/2026 0:06,used-bike,https://www.pakwheels.com/used-bikes/search/-/,,,
Metro E8S pro  2025  for Sale,https://www.pakwheels.com/used-bikes/metro-e8s-pro-2025-for-sale-in-peshawar-1007229,PKR 2.25 lacs,2025,300 km,,,Electric,Peshawar,Individual,main_ad_1007229,Electric,4/23/2026 0:06,used-bike,https://www.pakwheels.com/used-bikes/search/-/,,,
Metro E8S pro  2025  for Sale,https://www.pakwheels.com/used-bikes/metro-e8s-pro-2025-for-sale-in-peshawar-1007232,PKR 2.25 lacs,2025,300 km,,,Electric,Peshawar,Individual,main_ad_1007232,Electric,4/23/2026 0:06,used-bike,https://www.pakwheels.com/used-bikes/search/-/,,,
Metro E8S pro  2025  for Sale,https://www.pakwheels.com/used-bikes/metro-e8s-pro-2025-for-sale-in-peshawar-1007231,PKR 2.25 lacs,2025,300 km,,,Electric,Peshawar,Individual,main_ad_1007231,Electric,4/23/2026 0:06,used-bike,https://www.pakwheels.com/used-bikes/search/-/,,,
Super Star 100 cc  2024  for Sale,https://www.pakwheels.com/used-bikes/super-star-100-cc-2024-for-sale-in-faisalabad-1007228,PKR 1.4 lacs,2024,"17,500 km",,,4 Stroke,Faisalabad,Individual,main_ad_1007228,4 Stroke,4/23/2026 0:06,used-bike,https://www.pakwheels.com/used-bikes/search/-/,,,
Suzuki GD 110  2022  for Sale,https://www.pakwheels.com/used-bikes/suzuki-gd-110-2022-for-sale-in-karachi-1007227,PKR 2.85 lacs,2022,"17,000 km",,,4 Stroke,Karachi,Individual,main_ad_1007227,4 Stroke,4/23/2026 0:06,used-bike,https://www.pakwheels.com/used-bikes/search/-/,,,
Suzuki GR 150  2021  for Sale,https://www.pakwheels.com/used-bikes/suzuki-gr-150-2021-for-sale-in-karachi-1007226,PKR 4.5 lacs,2021,"3,850 km",,,4 Stroke,Karachi,Individual,main_ad_1007226,4 Stroke,4/23/2026 0:06,used-bike,https://www.pakwheels.com/used-bikes/search/-/,,,
Yamaha YBR 125  2019  for Sale,https://www.pakwheels.com/used-bikes/yamaha-ybr-125-2019-for-sale-in-karachi-1007225,PKR 2.4 lacs,2019,"50,000 km",,,4 Stroke,Karachi,Individual,main_ad_1007225,4 Stroke,4/23/2026 0:06,used-bike,https://www.pakwheels.com/used-bikes/search/-/,,,
Unique Crazer UD-150  2021  for Sale,https://www.pakwheels.com/used-bikes/unique-crazer-ud-150-2021-for-sale-in-mirpur-ak-1007223,PKR 3.55 lacs,2021,"7,000 km",,,2 Stroke,Mirpur A.K.,Individual,main_ad_1007223,2 Stroke,4/23/2026 0:06,used-bike,https://www.pakwheels.com/used-bikes/search/-/,,,
Yamaha YBR 125  2021  for Sale,https://www.pakwheels.com/used-bikes/yamaha-ybr-125-2021-for-sale-in-karachi-1007222,PKR 2.85 lacs,2021,"41,000 km",,,4 Stroke,Karachi,Individual,main_ad_1007222,4 Stroke,4/23/2026 0:06,used-bike,https://www.pakwheels.com/used-bikes/search/-/,,,
Honda CD 70  2021  for Sale,https://www.pakwheels.com/used-bikes/honda-cd-70-2021-for-sale-in-rahim-yar-khan-1007221,PKR 1.13 lacs,2021,"51,000 km",,,4 Stroke,Rahim Yar Khan,Individual,main_ad_1007221,4 Stroke,4/23/2026 0:06,used-bike,https://www.pakwheels.com/used-bikes/search/-/,,,
Suzuki GS 150  2013  for Sale,https://www.pakwheels.com/used-bikes/suzuki-gs-150-2013-for-sale-in-karachi-1007220,PKR 2.2 lacs,2013,"90,000 km",,,2 Stroke,Karachi,Individual,main_ad_1007220,2 Stroke,4/23/2026 0:06,used-bike,https://www.pakwheels.com/used-bikes/search/-/,,,
United US 70  2020  for Sale,https://www.pakwheels.com/used-bikes/united-us-70-2020-for-sale-in-okara-1007219,"PKR 60,000",2020,"24,000 km",,,2 Stroke,Okara,Individual,main_ad_1007219,2 Stroke,4/23/2026 0:06,used-bike,https://www.pakwheels.com/used-bikes/search/-/,,,
Honda CD 70  2021  for Sale,https://www.pakwheels.com/used-bikes/honda-cd-70-2021-for-sale-in-rawalpindi-1007218,PKR 1.25 lacs,2021,"27,000 km",,,4 Stroke,Rawalpindi,Individual,main_ad_1007218,4 Stroke,4/23/2026 0:06,used-bike,https://www.pakwheels.com/used-bikes/search/-/,,,
Yamaha YB 125Z-DX  2025  for Sale,https://www.pakwheels.com/used-bikes/yamaha-yb-125z-dx-2025-for-sale-in-sialkot-1007217,PKR 4.4 lacs,2025,"17,500 km",,,4 Stroke,Sialkot,Individual,main_ad_1007217,4 Stroke,4/23/2026 0:06,used-bike,https://www.pakwheels.com/used-bikes/search/-/,,,
Super Star CD 70  2026  for Sale,https://www.pakwheels.com/used-bikes/super-star-cd-70-2026-for-sale-in-karachi-1007216,PKR 1.2 lacs,2026,1 km,,,4 Stroke,Karachi,Individual,main_ad_1007216,4 Stroke,4/23/2026 0:06,used-bike,https://www.pakwheels.com/used-bikes/search/-/,,,
United US Scooty 100  2026  for Sale,https://www.pakwheels.com/used-bikes/united-us-scooty-100-2026-for-sale-in-karachi-1006796,PKR 2.85 lacs,2026,1 km,,,4 Stroke,Karachi,Individual,main_ad_1006796,4 Stroke,4/23/2026 0:07,used-bike,https://www.pakwheels.com/used-bikes/search/-/,,,
REVOO A11  2026  for Sale,https://www.pakwheels.com/used-bikes/revoo-a11-2026-for-sale-in-lahore-1006734,PKR 1.53 lacs,2026,20 km,,,Electric,Lahore,Individual,main_ad_1006734,Electric,4/23/2026 0:07,used-bike,https://www.pakwheels.com/used-bikes/search/-/,,,
Yamaha YZF-R6  2013  for Sale,https://www.pakwheels.com/used-bikes/yamaha-yzf-r6-2013-for-sale-in-rawalpindi-998789,PKR 33 lacs,2013,"28,000 km",,,4 Stroke,Rawalpindi,Individual,main_ad_998789,4 Stroke,4/23/2026 0:07,used-bike,https://www.pakwheels.com/used-bikes/search/-/,,,
Suzuki GSX 125  2025  for Sale,https://www.pakwheels.com/used-bikes/suzuki-gsx-125-2025-for-sale-in-lahore-990918,PKR 3.9 lacs,2025,"4,870 km",,,2 Stroke,Lahore,Individual,main_ad_990918,2 Stroke,4/23/2026 0:07,used-bike,https://www.pakwheels.com/used-bikes/search/-/,,,
QINGQI Electric bike sporty  2025  for Sale,https://www.pakwheels.com/used-bikes/qingqi-electric-bike-sporty-2025-for-sale-in-karachi-1006544,PKR 5 lacs,2025,"4,600 km",,,Electric,Karachi,Individual,main_ad_1006544,Electric,4/23/2026 0:07,used-bike,https://www.pakwheels.com/used-bikes/search/-/,,,
Yamaha YBR 125  2019  for Sale,https://www.pakwheels.com/used-bikes/yamaha-ybr-125-2019-for-sale-in-rawalpindi-1006439,PKR 2.2 lacs,2019,"350,000 km",,,4 Stroke,Rawalpindi,Individual,main_ad_1006439,4 Stroke,4/23/2026 0:07,used-bike,https://www.pakwheels.com/used-bikes/search/-/,,,
Honda CG 125  2021  for Sale,https://www.pakwheels.com/used-bikes/honda-cg-125-2021-for-sale-in-islamabad-1006402,PKR 1.75 lacs,2021,"30,000 km",,,4 Stroke,Islamabad,Individual,main_ad_1006402,4 Stroke,4/23/2026 0:07,used-bike,https://www.pakwheels.com/used-bikes/search/-/,,,
Suzuki GD 110S  2025  for Sale,https://www.pakwheels.com/used-bikes/suzuki-gd-110s-2025-for-sale-in-lahore-1006394,PKR 3.5 lacs,2025,"4,500 km",,,4 Stroke,Lahore,Individual,main_ad_1006394,4 Stroke,4/23/2026 0:07,used-bike,https://www.pakwheels.com/used-bikes/search/-/,,,
Yamaha  YZ125  2024  for Sale,https://www.pakwheels.com/used-bikes/yamaha-yz125-2024-for-sale-in-islamabad-1006377,PKR 4.2 lacs,2024,"18,000 km",,,4 Stroke,Islamabad,Individual,main_ad_1006377,4 Stroke,4/23/2026 0:07,used-bike,https://www.pakwheels.com/used-bikes/search/-/,,,
Suzuki GD 110  2017  for Sale,https://www.pakwheels.com/used-bikes/suzuki-gd-110-2017-for-sale-in-rawalpindi-1006322,PKR 2.35 lacs,2017,"1,000 km",,,4 Stroke,Rawalpindi,Individual,main_ad_1006322,4 Stroke,4/23/2026 0:07,used-bike,https://www.pakwheels.com/used-bikes/search/-/,,,
Suzuki GD 110  2015  for Sale,https://www.pakwheels.com/used-bikes/suzuki-gd-110-2015-for-sale-in-depal-pur-1006236,PKR 1.9 lacs,2015,"98,000 km",,,4 Stroke,Depal pur,Individual,main_ad_1006236,4 Stroke,4/23/2026 0:07,used-bike,https://www.pakwheels.com/used-bikes/search/-/,,,
YJ Future Twister  2026  for Sale,https://www.pakwheels.com/used-bikes/yj-future-twister-2026-for-sale-in-lahore-1006221,Call,2026,1 km,,,4 Stroke,Lahore,Individual,main_ad_1006221,4 Stroke,4/23/2026 0:07,used-bike,https://www.pakwheels.com/used-bikes/search/-/,,,
Unique UD 70  2026  for Sale,https://www.pakwheels.com/used-bikes/unique-ud-70-2026-for-sale-in-karachi-1007215,PKR 1.2 lacs,2026,1 km,,,4 Stroke,Karachi,Individual,main_ad_1007215,4 Stroke,4/23/2026 0:07,used-bike,https://www.pakwheels.com/used-bikes/search/-/,,,
Honda CB 150F  2018  for Sale,https://www.pakwheels.com/used-bikes/honda-cb-150f-2018-for-sale-in-peshawar-1007214,PKR 2.65 lacs,2018,"18,000 km",,,4 Stroke,Peshawar,Individual,main_ad_1007214,4 Stroke,4/23/2026 0:07,used-bike,https://www.pakwheels.com/used-bikes/search/-/,,,
Honda CB 125F  2019  for Sale,https://www.pakwheels.com/used-bikes/honda-cb-125f-2019-for-sale-in-rawalpindi-1007213,PKR 2.58 lacs,2019,"39,100 km",,,4 Stroke,Rawalpindi,Individual,main_ad_1007213,4 Stroke,4/23/2026 0:07,used-bike,https://www.pakwheels.com/used-bikes/search/-/,,,
Suzuki GR 150  2023  for Sale,https://www.pakwheels.com/used-bikes/suzuki-gr-150-2023-for-sale-in-karachi-1007212,PKR 4.3 lacs,2023,"4,000 km",,,4 Stroke,Karachi,Individual,main_ad_1007212,4 Stroke,4/23/2026 0:07,used-bike,https://www.pakwheels.com/used-bikes/search/-/,,,
Honda CB 150F  2023  for Sale,https://www.pakwheels.com/used-bikes/honda-cb-150f-2023-for-sale-in-karachi-1007211,PKR 4.65 lacs,2023,"15,000 km",,,4 Stroke,Karachi,Individual,main_ad_1007211,4 Stroke,4/23/2026 0:07,used-bike,https://www.pakwheels.com/used-bikes/search/-/,,,
DYL Dhoom YD-70  2010  for Sale,https://www.pakwheels.com/used-bikes/dyl-dhoom-yd-70-2010-for-sale-in-faisalabad-1007210,"PKR 46,000",2010,"12,300 km",,,2 Stroke,Faisalabad,Individual,main_ad_1007210,2 Stroke,4/23/2026 0:07,used-bike,https://www.pakwheels.com/used-bikes/search/-/,,,
Metro MR 70  2016  for Sale,https://www.pakwheels.com/used-bikes/metro-mr-70-2016-for-sale-in-islamabad-1007208,"PKR 50,000",2016,"95,000 km",,,2 Stroke,Islamabad,Individual,main_ad_1007208,2 Stroke,4/23/2026 0:07,used-bike,https://www.pakwheels.com/used-bikes/search/-/,,,
Yamaha YBR 125G  2022  for Sale,https://www.pakwheels.com/used-bikes/yamaha-ybr-125g-2022-for-sale-in-islamabad-1007209,PKR 3.9 lacs,2022,"12,000 km",,,4 Stroke,Islamabad,Individual,main_ad_1007209,4 Stroke,4/23/2026 0:07,used-bike,https://www.pakwheels.com/used-bikes/search/-/,,,
Yamaha YBR 125G  2022  for Sale,https://www.pakwheels.com/used-bikes/yamaha-ybr-125g-2022-for-sale-in-bahawalpur-1007207,PKR 3.5 lacs,2022,"180,000 km",,,4 Stroke,Bahawalpur,Individual,main_ad_1007207,4 Stroke,4/23/2026 0:07,used-bike,https://www.pakwheels.com/used-bikes/search/-/,,,
Honda CD 70  2004  for Sale,https://www.pakwheels.com/used-bikes/honda-cd-70-2004-for-sale-in-rawalpindi-1007206,"PKR 59,000",2004,"2,004 km",,,2 Stroke,Rawalpindi,Individual,main_ad_1007206,2 Stroke,4/23/2026 0:07,used-bike,https://www.pakwheels.com/used-bikes/search/-/,,,
Aprilia Other  2021  for Sale,https://www.pakwheels.com/used-bikes/aprilia-other-2021-for-sale-in-rawalpindi-1007205,PKR 6.8 lacs,2021,"5,000 km",,,2 Stroke,Rawalpindi,Individual,main_ad_1007205,2 Stroke,4/23/2026 0:07,used-bike,https://www.pakwheels.com/used-bikes/search/-/,,,
Honda CD 70 Dream  2018  for Sale,https://www.pakwheels.com/used-bikes/honda-cd-70-dream-2018-for-sale-in-lahore-1007203,PKR 1.35 lacs,2018,"2,000 km",,,2 Stroke,Lahore,Individual,main_ad_1007203,2 Stroke,4/23/2026 0:07,used-bike,https://www.pakwheels.com/used-bikes/search/-/,,,
Honda CB 150F  2021  for Sale,https://www.pakwheels.com/used-bikes/honda-cb-150f-2021-for-sale-in-rawalpindi-1007202,PKR 3.6 lacs,2021,"35,438 km",,,4 Stroke,Rawalpindi,Individual,main_ad_1007202,4 Stroke,4/23/2026 0:07,used-bike,https://www.pakwheels.com/used-bikes/search/-/,,,
Suzuki GS 150  2022  for Sale,https://www.pakwheels.com/used-bikes/suzuki-gs-150-2022-for-sale-in-lahore-1007201,PKR 2.9 lacs,2022,"30,000 km",,,4 Stroke,Lahore,Individual,main_ad_1007201,4 Stroke,4/23/2026 0:07,used-bike,https://www.pakwheels.com/used-bikes/search/-/,,,
Aprilia RX 50  2020  for Sale,https://www.pakwheels.com/used-bikes/aprilia-rx-50-2020-for-sale-in-karachi-1007199,"PKR 25,000",2020,"1,000 km",,,2 Stroke,Karachi,Individual,main_ad_1007199,2 Stroke,4/23/2026 0:07,used-bike,https://www.pakwheels.com/used-bikes/search/-/,,,
Suzuki Raider 110  2015  for Sale,https://www.pakwheels.com/used-bikes/suzuki-raider-110-2015-for-sale-in-chakwal-1007198,PKR 1.5 lacs,2015,"90,000 km",,,4 Stroke,Chakwal,Individual,main_ad_1007198,4 Stroke,4/23/2026 0:07,used-bike,https://www.pakwheels.com/used-bikes/search/-/,,,
Vespa 150cc  1984  for Sale,https://www.pakwheels.com/used-bikes/vespa-150cc-1984-for-sale-in-faisalabad-1007197,PKR 1 lacs,1984,100 km,,,2 Stroke,Faisalabad,Individual,main_ad_1007197,2 Stroke,4/23/2026 0:07,used-bike,https://www.pakwheels.com/used-bikes/search/-/,,,
Suzuki GS 150  2019  for Sale,https://www.pakwheels.com/used-bikes/suzuki-gs-150-2019-for-sale-in-lahore-1007196,PKR 2.5 lacs,2019,"50,000 km",,,4 Stroke,Lahore,Individual,main_ad_1007196,4 Stroke,4/23/2026 0:07,used-bike,https://www.pakwheels.com/used-bikes/search/-/,,,
Honda CD 70  2016  for Sale,https://www.pakwheels.com/used-bikes/honda-cd-70-2016-for-sale-in-burewala-1007195,"PKR 75,000",2016,"55,000 km",,,4 Stroke,Burewala,Individual,main_ad_1007195,4 Stroke,4/23/2026 0:07,used-bike,https://www.pakwheels.com/used-bikes/search/-/,,,
Honda CG 125  2023  for Sale,https://www.pakwheels.com/used-bikes/honda-cg-125-2023-for-sale-in-islamabad-1007194,PKR 1.75 lacs,2023,"15,423 km",,,4 Stroke,Islamabad,Individual,main_ad_1007194,4 Stroke,4/23/2026 0:07,used-bike,https://www.pakwheels.com/used-bikes/search/-/,,,
Suzuki GS 150 SE  2022  for Sale,https://www.pakwheels.com/used-bikes/suzuki-gs-150-se-2022-for-sale-in-lahore-1007193,PKR 3.5 lacs,2022,"17,000 km",,,4 Stroke,Lahore,Individual,main_ad_1007193,4 Stroke,4/23/2026 0:07,used-bike,https://www.pakwheels.com/used-bikes/search/-/,,,
Honda CG 125  2022  for Sale,https://www.pakwheels.com/used-bikes/honda-cg-125-2022-for-sale-in-lahore-1007192,PKR 1.8 lacs,2022,"15,000 km",,,4 Stroke,Lahore,Individual,main_ad_1007192,4 Stroke,4/23/2026 0:07,used-bike,https://www.pakwheels.com/used-bikes/search/-/,,,
Honda CG 125  2022  for Sale,https://www.pakwheels.com/used-bikes/honda-cg-125-2022-for-sale-in-peshawar-1007190,PKR 1.7 lacs,2022,"25,000 km",,,2 Stroke,Peshawar,Individual,main_ad_1007190,2 Stroke,4/23/2026 0:07,used-bike,https://www.pakwheels.com/used-bikes/search/-/,,,
Hi Speed SR 200  2026  for Sale,https://www.pakwheels.com/used-bikes/hi-speed-sr-200-2026-for-sale-in-rawalpindi-1005975,Call,2026,1 km,,,4 Stroke,Rawalpindi,Individual,main_ad_1005975,4 Stroke,4/23/2026 0:07,used-bike,https://www.pakwheels.com/used-bikes/search/-/,,,
Super Star Thunder EV  2026  for Sale,https://www.pakwheels.com/used-bikes/super-star-thunder-ev-2026-for-sale-in-rawalpindi-1005966,PKR 4.35 lacs,2026,1 km,,,4 Stroke,Rawalpindi,Individual,main_ad_1005966,4 Stroke,4/23/2026 0:07,used-bike,https://www.pakwheels.com/used-bikes/search/-/,,,
Super Star Thunder EV  2026  for Sale,https://www.pakwheels.com/used-bikes/super-star-thunder-ev-2026-for-sale-in-rawalpindi-1005965,PKR 4.35 lacs,2026,1 km,,,4 Stroke,Rawalpindi,Individual,main_ad_1005965,4 Stroke,4/23/2026 0:07,used-bike,https://www.pakwheels.com/used-bikes/search/-/,,,
BMW R 1200 GS  2016  for Sale,https://www.pakwheels.com/used-bikes/bmw-r-1200-gs-2016-for-sale-in-islamabad-1005952,PKR 50 lacs,2016,"51,000 km",,,4 Stroke,Islamabad,Individual,main_ad_1005952,4 Stroke,4/23/2026 0:07,used-bike,https://www.pakwheels.com/used-bikes/search/-/,,,
Yamaha YBR 125G  2021  for Sale,https://www.pakwheels.com/used-bikes/yamaha-ybr-125g-2021-for-sale-in-islamabad-1004629,PKR 3.6 lacs,2021,"21,000 km",,,2 Stroke,Islamabad,Individual,main_ad_1004629,2 Stroke,4/23/2026 0:07,used-bike,https://www.pakwheels.com/used-bikes/search/-/,,,
Honda CD 70  2024  for Sale,https://www.pakwheels.com/used-bikes/honda-cd-70-2024-for-sale-in-lahore-1005858,PKR 1.52 lacs,2024,"1,850 km",,,4 Stroke,Lahore,Individual,main_ad_1005858,4 Stroke,4/23/2026 0:07,used-bike,https://www.pakwheels.com/used-bikes/search/-/,,,
Honda CG 125  2012  for Sale,https://www.pakwheels.com/used-bikes/honda-cg-125-2012-for-sale-in-islamabad-1005810,PKR 1.19 lacs,2012,"25,000 km",,,4 Stroke,Islamabad,Individual,main_ad_1005810,4 Stroke,4/23/2026 0:07,used-bike,https://www.pakwheels.com/used-bikes/search/-/,,,
Yamaha Star Stryker  2011  for Sale,https://www.pakwheels.com/used-bikes/yamaha-star-stryker-2011-for-sale-in-lahore-1005754,Call,2011,"11,000 km",,,4 Stroke,Lahore,Individual,main_ad_1005754,4 Stroke,4/23/2026 0:07,used-bike,https://www.pakwheels.com/used-bikes/search/-/,,,
Vespa 150cc  1982  for Sale,https://www.pakwheels.com/used-bikes/vespa-150cc-1982-for-sale-in-lahore-984363,PKR 2.95 lacs,1982,"1,000 km",,,2 Stroke,Lahore,Individual,main_ad_984363,2 Stroke,4/23/2026 0:07,used-bike,https://www.pakwheels.com/used-bikes/search/-/,,,
Yamaha YBR 125  2025  for Sale,https://www.pakwheels.com/used-bikes/yamaha-ybr-125-2025-for-sale-in-rawalpindi-1005699,PKR 4.65 lacs,2025,"11,000 km",,,4 Stroke,Rawalpindi,Individual,main_ad_1005699,4 Stroke,4/23/2026 0:07,used-bike,https://www.pakwheels.com/used-bikes/search/-/,,,
Yamaha YB 125Z-DX  2022  for Sale,https://www.pakwheels.com/used-bikes/yamaha-yb-125z-dx-2022-for-sale-in-karachi-995890,PKR 2.8 lacs,2022,"50,000 km",,,2 Stroke,Karachi,Individual,main_ad_995890,2 Stroke,4/23/2026 0:07,used-bike,https://www.pakwheels.com/used-bikes/search/-/,,,
Honda CB 150F  2023  for Sale,https://www.pakwheels.com/used-bikes/honda-cb-150f-2023-for-sale-in-lahore-1005649,PKR 4.45 lacs,2023,"6,700 km",,,4 Stroke,Lahore,Individual,main_ad_1005649,4 Stroke,4/23/2026 0:07,used-bike,https://www.pakwheels.com/used-bikes/search/-/,,,
United US 70  2019  for Sale,https://www.pakwheels.com/used-bikes/united-us-70-2019-for-sale-in-rawalpindi-1007191,"PKR 85,000",2019,"25,804 km",,,2 Stroke,Rawalpindi,Individual,main_ad_1007191,2 Stroke,4/23/2026 0:07,used-bike,https://www.pakwheels.com/used-bikes/search/-/,,,
Honda Pridor  2025  for Sale,https://www.pakwheels.com/used-bikes/honda-pridor-2025-for-sale-in-islamabad-1007189,PKR 2.28 lacs,2025,"3,645 km",,,4 Stroke,Islamabad,Individual,main_ad_1007189,4 Stroke,4/23/2026 0:07,used-bike,https://www.pakwheels.com/used-bikes/search/-/,,,
United US 125 Euro II  2018  for Sale,https://www.pakwheels.com/used-bikes/united-us-125-euro-ii-2018-for-sale-in-karachi-1007188,"PKR 84,000",2018,"10,000 km",,,4 Stroke,Karachi,Individual,main_ad_1007188,4 Stroke,4/23/2026 0:07,used-bike,https://www.pakwheels.com/used-bikes/search/-/,,,
Yamaha YBR 125  2020  for Sale,https://www.pakwheels.com/used-bikes/yamaha-ybr-125-2020-for-sale-in-lahore-1007187,PKR 2.7 lacs,2020,"37,000 km",,,4 Stroke,Lahore,Individual,main_ad_1007187,4 Stroke,4/23/2026 0:07,used-bike,https://www.pakwheels.com/used-bikes/search/-/,,,
BRG Pedelix  2025  for Sale,https://www.pakwheels.com/used-bikes/brg-pedelix-2025-for-sale-in-islamabad-1007186,PKR 1 lacs,2025,"1,600 km",,,Electric,Islamabad,Individual,main_ad_1007186,Electric,4/23/2026 0:07,used-bike,https://www.pakwheels.com/used-bikes/search/-/,,,
Yamaha YD-100 Junoon  2011  for Sale,https://www.pakwheels.com/used-bikes/yamaha-yd-100-junoon-2011-for-sale-in-faisalabad-1007185,"PKR 80,000",2011,"100,000 km",,,4 Stroke,Faisalabad,Individual,main_ad_1007185,4 Stroke,4/23/2026 0:07,used-bike,https://www.pakwheels.com/used-bikes/search/-/,,,
Chinese Bikes Lifan  2018  for Sale,https://www.pakwheels.com/used-bikes/chinese-bikes-lifan-2018-for-sale-in-chakwal-982512,PKR 4.3 lacs,2018,"12,000 km",,,2 Stroke,Chakwal,Individual,main_ad_982512,2 Stroke,4/23/2026 0:07,used-bike,https://www.pakwheels.com/used-bikes/search/-/,,,
Honda CD 70  2021  for Sale,https://www.pakwheels.com/used-bikes/honda-cd-70-2021-for-sale-in-lahore-1007184,PKR 1.02 lacs,2021,"28,300 km",,,2 Stroke,Lahore,Individual,main_ad_1007184,2 Stroke,4/23/2026 0:07,used-bike,https://www.pakwheels.com/used-bikes/search/-/,,,
Ali Khan Auto Company Thunder Bird EV   2026  for Sale,https://www.pakwheels.com/used-bikes/ali-khan-auto-company-thunder-bird-ev-2026-for-sale-in-islamabad-1007183,PKR 2 lacs,2026,50 km,,,Electric,Islamabad,Individual,main_ad_1007183,Electric,4/23/2026 0:07,used-bike,https://www.pakwheels.com/used-bikes/search/-/,,,
Evee S1  2026  for Sale,https://www.pakwheels.com/used-bikes/evee-s1-2026-for-sale-in-peshawar-1007182,PKR 2.05 lacs,2026,200 km,,,Electric,Peshawar,Individual,main_ad_1007182,Electric,4/23/2026 0:07,used-bike,https://www.pakwheels.com/used-bikes/search/-/,,,
Honda CG 125  2024  for Sale,https://www.pakwheels.com/used-bikes/honda-cg-125-2024-for-sale-in-rawalpindi-1007181,PKR 2.3 lacs,2024,"3,500 km",,,4 Stroke,Rawalpindi,Individual,main_ad_1007181,4 Stroke,4/23/2026 0:07,used-bike,https://www.pakwheels.com/used-bikes/search/-/,,,
Honda CG 125  2025  for Sale,https://www.pakwheels.com/used-bikes/honda-cg-125-2025-for-sale-in-gujranwala-1007179,PKR 2.2 lacs,2025,"7,300 km",,,4 Stroke,Gujranwala,Individual,main_ad_1007179,4 Stroke,4/23/2026 0:07,used-bike,https://www.pakwheels.com/used-bikes/search/-/,,,
Benling Mini Scooter  2024  for Sale,https://www.pakwheels.com/used-bikes/benling-mini-scooter-2024-for-sale-in-peshawar-1007178,"PKR 85,000",2024,"193,460 km",,,Electric,Peshawar,Individual,main_ad_1007178,Electric,4/23/2026 0:07,used-bike,https://www.pakwheels.com/used-bikes/search/-/,,,
Crown CRLF 70  2017  for Sale,https://www.pakwheels.com/used-bikes/crown-crlf-70-2017-for-sale-in-hyderabad-1007177,"PKR 42,000",2017,"25,000 km",,,4 Stroke,Hyderabad,Individual,main_ad_1007177,4 Stroke,4/23/2026 0:07,used-bike,https://www.pakwheels.com/used-bikes/search/-/,,,
Honda CG 125  2015  for Sale,https://www.pakwheels.com/used-bikes/honda-cg-125-2015-for-sale-in-rawalpindi-1007176,"PKR 90,000",2015,"75,000 km",,,4 Stroke,Rawalpindi,Individual,main_ad_1007176,4 Stroke,4/23/2026 0:07,used-bike,https://www.pakwheels.com/used-bikes/search/-/,,,
Honda CG 125  2025  for Sale,https://www.pakwheels.com/used-bikes/honda-cg-125-2025-for-sale-in-rajana-1007175,PKR 2.1 lacs,2025,"9,500 km",,,4 Stroke,Rajana,Individual,main_ad_1007175,4 Stroke,4/23/2026 0:07,used-bike,https://www.pakwheels.com/used-bikes/search/-/,,,
Aprilia DORSODURO 750  2026  for Sale,https://www.pakwheels.com/used-bikes/aprilia-dorsoduro-750-2026-for-sale-in-mardan-1007174,"PKR 15,000",2026,100 km,,,Electric,Mardan,Individual,main_ad_1007174,Electric,4/23/2026 0:07,used-bike,https://www.pakwheels.com/used-bikes/search/-/,,,
Honda CG 125  2025  for Sale,https://www.pakwheels.com/used-bikes/honda-cg-125-2025-for-sale-in-lahore-1007173,PKR 2.15 lacs,2025,"4,700 km",,,4 Stroke,Lahore,Individual,main_ad_1007173,4 Stroke,4/23/2026 0:07,used-bike,https://www.pakwheels.com/used-bikes/search/-/,,,
Unique Xtreme UD 70  2016  for Sale,https://www.pakwheels.com/used-bikes/unique-xtreme-ud-70-2016-for-sale-in-karachi-1007172,"PKR 65,000",2016,"51,000 km",,,4 Stroke,Karachi,Individual,main_ad_1007172,4 Stroke,4/23/2026 0:07,used-bike,https://www.pakwheels.com/used-bikes/search/-/,,,
Honda CD 70  2024  for Sale,https://www.pakwheels.com/used-bikes/honda-cd-70-2024-for-sale-in-lahore-1007171,PKR 1.34 lacs,2024,"6,000 km",,,4 Stroke,Lahore,Individual,main_ad_1007171,4 Stroke,4/23/2026 0:07,used-bike,https://www.pakwheels.com/used-bikes/search/-/,,,
Honda CD 70  2022  for Sale,https://www.pakwheels.com/used-bikes/honda-cd-70-2022-for-sale-in-wah-cantt-1007170,PKR 1.32 lacs,2022,"11,000 km",,,4 Stroke,Wah cantt,Individual,main_ad_1007170,4 Stroke,4/23/2026 0:07,used-bike,https://www.pakwheels.com/used-bikes/search/-/,,,
Evee Gen-Z  2025  for Sale,https://www.pakwheels.com/used-bikes/evee-gen-z-2025-for-sale-in-rawalpindi-1007169,PKR 1.65 lacs,2025,100 km,,,Electric,Rawalpindi,Individual,main_ad_1007169,Electric,4/23/2026 0:07,used-bike,https://www.pakwheels.com/used-bikes/search/-/,,,
Honda CG 125  2018  for Sale,https://www.pakwheels.com/used-bikes/honda-cg-125-2018-for-sale-in-karachi-1007168,PKR 1.19 lacs,2018,"58,990 km",,,4 Stroke,Karachi,Individual,main_ad_1007168,4 Stroke,4/23/2026 0:07,used-bike,https://www.pakwheels.com/used-bikes/search/-/,,,
Honda CG 125 Special Edition  2023  for Sale,https://www.pakwheels.com/used-bikes/honda-cg-125-special-edition-2023-for-sale-in-sheikhupura-1007167,PKR 1.95 lacs,2023,"18,000 km",,,4 Stroke,Sheikhupura,Individual,main_ad_1007167,4 Stroke,4/23/2026 0:07,used-bike,https://www.pakwheels.com/used-bikes/search/-/,,,
Honda Pridor  2022  for Sale,https://www.pakwheels.com/used-bikes/honda-pridor-2022-for-sale-in-karachi-1007166,PKR 1.45 lacs,2022,"20,000 km",,,4 Stroke,Karachi,Individual,main_ad_1007166,4 Stroke,4/23/2026 0:07,used-bike,https://www.pakwheels.com/used-bikes/search/-/,,,
Yamaha YZF-R6  2013  for Sale,https://www.pakwheels.com/used-bikes/yamaha-yzf-r6-2013-for-sale-in-lahore-900634,PKR 32.25 lacs,2013,"22,000 km",,,4 Stroke,Lahore,Individual,main_ad_900634,4 Stroke,4/23/2026 0:07,used-bike,https://www.pakwheels.com/used-bikes/search/-/,,,
Super Star 200R  2024  for Sale,https://www.pakwheels.com/used-bikes/super-star-200r-2024-for-sale-in-sialkot-1005618,PKR 4.9 lacs,2024,209 km,,,4 Stroke,Sialkot,Individual,main_ad_1005618,4 Stroke,4/23/2026 0:07,used-bike,https://www.pakwheels.com/used-bikes/search/-/,,,
Chinese Bikes OW Ninja 250cc  2023  for Sale,https://www.pakwheels.com/used-bikes/chinese-bikes-ow-ninja-250cc-2023-for-sale-in-gujranwala-1005597,PKR 5.5 lacs,2023,"6,450 km",,,2 Stroke,Gujranwala,Individual,main_ad_1005597,2 Stroke,4/23/2026 0:07,used-bike,https://www.pakwheels.com/used-bikes/search/-/,,,
Yamaha YBR 125  2018  for Sale,https://www.pakwheels.com/used-bikes/yamaha-ybr-125-2018-for-sale-in-sargodha-1005592,PKR 2.5 lacs,2018,"24,000 km",,,4 Stroke,Sargodha,Individual,main_ad_1005592,4 Stroke,4/23/2026 0:07,used-bike,https://www.pakwheels.com/used-bikes/search/-/,,,
Benelli TRK 502X  2022  for Sale,https://www.pakwheels.com/used-bikes/benelli-trk-502x-2022-for-sale-in-karachi-1004138,PKR 21.5 lacs,2022,"27,500 km",,,4 Stroke,Karachi,Individual,main_ad_1004138,4 Stroke,4/23/2026 0:07,used-bike,https://www.pakwheels.com/used-bikes/search/-/,,,
Hi Speed Infinity 150  2022  for Sale,https://www.pakwheels.com/used-bikes/hi-speed-infinity-150-2022-for-sale-in-islamabad-1005559,PKR 3.29 lacs,2022,"11,200 km",,,4 Stroke,Islamabad,Individual,main_ad_1005559,4 Stroke,4/23/2026 0:07,used-bike,https://www.pakwheels.com/used-bikes/search/-/,,,
Suzuki GR 150  2026  for Sale,https://www.pakwheels.com/used-bikes/suzuki-gr-150-2026-for-sale-in-karachi-1005558,Call,2026,1 km,,,4 Stroke,Karachi,Individual,main_ad_1005558,4 Stroke,4/23/2026 0:07,used-bike,https://www.pakwheels.com/used-bikes/search/-/,,,
Suzuki GD 110S  2026  for Sale,https://www.pakwheels.com/used-bikes/suzuki-gd-110s-2026-for-sale-in-karachi-1005557,Call,2026,1 km,,,4 Stroke,Karachi,Individual,main_ad_1005557,4 Stroke,4/23/2026 0:07,used-bike,https://www.pakwheels.com/used-bikes/search/-/,,,
Honda CG 125  2016  for Sale,https://www.pakwheels.com/used-bikes/honda-cg-125-2016-for-sale-in-kasur-1004327,PKR 1.15 lacs,2016,45 km,,,4 Stroke,Kasur,Individual,main_ad_1004327,4 Stroke,4/23/2026 0:07,used-bike,https://www.pakwheels.com/used-bikes/search/-/,,,
Honda Pridor  2015  for Sale,https://www.pakwheels.com/used-bikes/honda-pridor-2015-for-sale-in-lahore-1005534,"PKR 99,000",2015,"56,000 km",,,4 Stroke,Lahore,Individual,main_ad_1005534,4 Stroke,4/23/2026 0:07,used-bike,https://www.pakwheels.com/used-bikes/search/-/,,,
FUEGO TEKKEN 250  2017  for Sale,https://www.pakwheels.com/used-bikes/fuego-tekken-250-2017-for-sale-in-multan-1005477,PKR 4.5 lacs,2017,"33,500 km",,,4 Stroke,Multan,Individual,main_ad_1005477,4 Stroke,4/23/2026 0:07,used-bike,https://www.pakwheels.com/used-bikes/search/-/,,,
BMW R NINE T  2017  for Sale,https://www.pakwheels.com/used-bikes/bmw-r-nine-t-2017-for-sale-in-karachi-431035,PKR 55 lacs,2017,"11,000 km",,,4 Stroke,Karachi,Individual,main_ad_431035,4 Stroke,4/23/2026 0:07,used-bike,https://www.pakwheels.com/used-bikes/search/-/,,,
Honda CG 125  2018  for Sale,https://www.pakwheels.com/used-bikes/honda-cg-125-2018-for-sale-in-lakki-marwat-1007165,PKR 1.25 lacs,2018,"15,000 km",,,4 Stroke,Lakki marwat,Individual,main_ad_1007165,4 Stroke,4/23/2026 0:07,used-bike,https://www.pakwheels.com/used-bikes/search/-/,,,
Honda CG 125  2018  for Sale,https://www.pakwheels.com/used-bikes/honda-cg-125-2018-for-sale-in-rawalpindi-1007164,PKR 1.58 lacs,2018,"33,000 km",,,4 Stroke,Rawalpindi,Individual,main_ad_1007164,4 Stroke,4/23/2026 0:07,used-bike,https://www.pakwheels.com/used-bikes/search/-/,,,
Kawasaki Ninja 500R  2026  for Sale,https://www.pakwheels.com/used-bikes/kawasaki-ninja-500r-2026-for-sale-in-lahore-1007163,PKR 9.5 lacs,2026,"1,600 km",,,4 Stroke,Lahore,Individual,main_ad_1007163,4 Stroke,4/23/2026 0:07,used-bike,https://www.pakwheels.com/used-bikes/search/-/,,,
Union Star 70 Deluxe  2024  for Sale,https://www.pakwheels.com/used-bikes/union-star-70-deluxe-2024-for-sale-in-islamabad-1007162,"PKR 99,000",2024,"10,000 km",,,4 Stroke,Islamabad,Individual,main_ad_1007162,4 Stroke,4/23/2026 0:07,used-bike,https://www.pakwheels.com/used-bikes/search/-/,,,
Yamaha YBR 125  2023  for Sale,https://www.pakwheels.com/used-bikes/yamaha-ybr-125-2023-for-sale-in-lahore-1007161,PKR 3.8 lacs,2023,"64,000 km",,,4 Stroke,Lahore,Individual,main_ad_1007161,4 Stroke,4/23/2026 0:07,used-bike,https://www.pakwheels.com/used-bikes/search/-/,,,
Honda CG 125  2023  for Sale,https://www.pakwheels.com/used-bikes/honda-cg-125-2023-for-sale-in-faisalabad-1007160,PKR 2 lacs,2023,"6,000 km",,,4 Stroke,Faisalabad,Individual,main_ad_1007160,4 Stroke,4/23/2026 0:07,used-bike,https://www.pakwheels.com/used-bikes/search/-/,,,
Chinese Bikes Other  2024  for Sale,https://www.pakwheels.com/used-bikes/chinese-bikes-other-2024-for-sale-in-lahore-1007158,PKR 1.7 lacs,2024,"10,000 km",,,4 Stroke,Lahore,Individual,main_ad_1007158,4 Stroke,4/23/2026 0:07,used-bike,https://www.pakwheels.com/used-bikes/search/-/,,,
Honda Pridor  2019  for Sale,https://www.pakwheels.com/used-bikes/honda-pridor-2019-for-sale-in-sargodha-1007157,PKR 1.25 lacs,2019,"2,353 km",,,2 Stroke,Sargodha,Individual,main_ad_1007157,2 Stroke,4/23/2026 0:07,used-bike,https://www.pakwheels.com/used-bikes/search/-/,,,
Honda CG 125  2020  for Sale,https://www.pakwheels.com/used-bikes/honda-cg-125-2020-for-sale-in-sialkot-1007155,PKR 1.5 lacs,2020,"20,000 km",,,4 Stroke,Sialkot,Individual,main_ad_1007155,4 Stroke,4/23/2026 0:07,used-bike,https://www.pakwheels.com/used-bikes/search/-/,,,
Honda CD 70  2008  for Sale,https://www.pakwheels.com/used-bikes/honda-cd-70-2008-for-sale-in-lahore-1007154,PKR 1 lacs,2008,"10,000 km",,,2 Stroke,Lahore,Individual,main_ad_1007154,2 Stroke,4/23/2026 0:07,used-bike,https://www.pakwheels.com/used-bikes/search/-/,,,
Honda CD 70  2016  for Sale,https://www.pakwheels.com/used-bikes/honda-cd-70-2016-for-sale-in-lahore-1007153,"PKR 95,000",2016,"25,000 km",,,4 Stroke,Lahore,Individual,main_ad_1007153,4 Stroke,4/23/2026 0:07,used-bike,https://www.pakwheels.com/used-bikes/search/-/,,,
Road Prince 70 Passion Plus  2025  for Sale,https://www.pakwheels.com/used-bikes/road-prince-70-passion-plus-2025-for-sale-in-faisalabad-1007152,"PKR 80,000",2025,"3,000 km",,,2 Stroke,Faisalabad,Individual,main_ad_1007152,2 Stroke,4/23/2026 0:07,used-bike,https://www.pakwheels.com/used-bikes/search/-/,,,
Honda CB 150F  2018  for Sale,https://www.pakwheels.com/used-bikes/honda-cb-150f-2018-for-sale-in-lahore-1007151,PKR 2.19 lacs,2018,"51,000 km",,,4 Stroke,Lahore,Individual,main_ad_1007151,4 Stroke,4/23/2026 0:07,used-bike,https://www.pakwheels.com/used-bikes/search/-/,,,
Hero RF 70  2004  for Sale,https://www.pakwheels.com/used-bikes/hero-rf-70-2004-for-sale-in-karachi-1007150,"PKR 50,000",2004,"150,000 km",,,2 Stroke,Karachi,Individual,main_ad_1007150,2 Stroke,4/23/2026 0:07,used-bike,https://www.pakwheels.com/used-bikes/search/-/,,,
Honda CD 70  2014  for Sale,https://www.pakwheels.com/used-bikes/honda-cd-70-2014-for-sale-in-attock-1007148,"PKR 99,000",2014,"33,000 km",,,4 Stroke,Attock,Individual,main_ad_1007148,4 Stroke,4/23/2026 0:07,used-bike,https://www.pakwheels.com/used-bikes/search/-/,,,
Honda CG 125  2022  for Sale,https://www.pakwheels.com/used-bikes/honda-cg-125-2022-for-sale-in-lahore-1007149,PKR 1.8 lacs,2022,"30,000 km",,,4 Stroke,Lahore,Individual,main_ad_1007149,4 Stroke,4/23/2026 0:07,used-bike,https://www.pakwheels.com/used-bikes/search/-/,,,
United US 125 Euro II  2026  for Sale,https://www.pakwheels.com/used-bikes/united-us-125-euro-ii-2026-for-sale-in-rawalakot-1007147,PKR 1.14 lacs,2026,"1,000 km",,,4 Stroke,Rawalakot,Individual,main_ad_1007147,4 Stroke,4/23/2026 0:07,used-bike,https://www.pakwheels.com/used-bikes/search/-/,,,
Suzuki GD 110S  2019  for Sale,https://www.pakwheels.com/used-bikes/suzuki-gd-110s-2019-for-sale-in-multan-1007146,PKR 2.4 lacs,2019,"79,000 km",,,4 Stroke,Multan,Individual,main_ad_1007146,4 Stroke,4/23/2026 0:07,used-bike,https://www.pakwheels.com/used-bikes/search/-/,,,
Honda CD 70  2024  for Sale,https://www.pakwheels.com/used-bikes/honda-cd-70-2024-for-sale-in-lahore-1007144,PKR 1.38 lacs,2024,"7,800 km",,,4 Stroke,Lahore,Individual,main_ad_1007144,4 Stroke,4/23/2026 0:07,used-bike,https://www.pakwheels.com/used-bikes/search/-/,,,
Honda CD 70  2022  for Sale,https://www.pakwheels.com/used-bikes/honda-cd-70-2022-for-sale-in-lahore-1007145,PKR 1.2 lacs,2022,"15,000 km",,,4 Stroke,Lahore,Individual,main_ad_1007145,4 Stroke,4/23/2026 0:07,used-bike,https://www.pakwheels.com/used-bikes/search/-/,,,
Super Power SP 70  2022  for Sale,https://www.pakwheels.com/used-bikes/super-power-sp-70-2022-for-sale-in-karachi-1007143,"PKR 62,500",2022,"15,000 km",,,4 Stroke,Karachi,Individual,main_ad_1007143,4 Stroke,4/23/2026 0:07,used-bike,https://www.pakwheels.com/used-bikes/search/-/,,,
Honda CG 125S GOLD  2024  for Sale,https://www.pakwheels.com/used-bikes/honda-cg-125s-gold-2024-for-sale-in-karachi-1007142,PKR 2.54 lacs,2024,"50,000 km",,,4 Stroke,Karachi,Individual,main_ad_1007142,4 Stroke,4/23/2026 0:07,used-bike,https://www.pakwheels.com/used-bikes/search/-/,,,
Super Power SP 70  2019  for Sale,https://www.pakwheels.com/used-bikes/super-power-sp-70-2019-for-sale-in-multan-1007141,"PKR 70,000",2019,"40,000 km",,,4 Stroke,Multan,Individual,main_ad_1007141,4 Stroke,4/23/2026 0:07,used-bike,https://www.pakwheels.com/used-bikes/search/-/,,,
Yamaha YBR 125  2016  for Sale,https://www.pakwheels.com/used-bikes/yamaha-ybr-125-2016-for-sale-in-rawalpindi-964725,PKR 2.2 lacs,2016,"5,000 km",,,4 Stroke,Rawalpindi,Individual,main_ad_964725,4 Stroke,4/23/2026 0:07,used-bike,https://www.pakwheels.com/used-bikes/search/-/,,,
Road Prince RP 70  2018  for Sale,https://www.pakwheels.com/used-bikes/road-prince-rp-70-2018-for-sale-in-lahore-1007140,"PKR 48,000",2018,"89,006 km",,,2 Stroke,Lahore,Individual,main_ad_1007140,2 Stroke,4/23/2026 0:07,used-bike,https://www.pakwheels.com/used-bikes/search/-/,,,
Suzuki GR 150  2024  for Sale,https://www.pakwheels.com/used-bikes/suzuki-gr-150-2024-for-sale-in-rawalpindi-1005409,PKR 4.9 lacs,2024,"30,000 km",,,4 Stroke,Rawalpindi,Individual,main_ad_1005409,4 Stroke,4/23/2026 0:08,used-bike,https://www.pakwheels.com/used-bikes/search/-/,,,
Honda CG 125  2022  for Sale,https://www.pakwheels.com/used-bikes/honda-cg-125-2022-for-sale-in-islamabad-1005318,PKR 1.7 lacs,2022,"9,000 km",,,4 Stroke,Islamabad,Individual,main_ad_1005318,4 Stroke,4/23/2026 0:08,used-bike,https://www.pakwheels.com/used-bikes/search/-/,,,
Honda CD 70  2024  for Sale,https://www.pakwheels.com/used-bikes/honda-cd-70-2024-for-sale-in-sialkot-1005342,PKR 1.25 lacs,2024,"8,000 km",,,4 Stroke,Sialkot,Individual,main_ad_1005342,4 Stroke,4/23/2026 0:08,used-bike,https://www.pakwheels.com/used-bikes/search/-/,,,
Honda CB 125F  2025  for Sale,https://www.pakwheels.com/used-bikes/honda-cb-125f-2025-for-sale-in-pir-mahal-1005170,PKR 3.65 lacs,2025,"4,700 km",,,4 Stroke,Pir mahal,Individual,main_ad_1005170,4 Stroke,4/23/2026 0:08,used-bike,https://www.pakwheels.com/used-bikes/search/-/,,,
Benelli TNT 150i  2021  for Sale,https://www.pakwheels.com/used-bikes/benelli-tnt-150i-2021-for-sale-in-islamabad-958452,PKR 6 lacs,2021,"6,000 km",,,2 Stroke,Islamabad,Individual,main_ad_958452,2 Stroke,4/23/2026 0:08,used-bike,https://www.pakwheels.com/used-bikes/search/-/,,,
Suzuki GS 150  2021  for Sale,https://www.pakwheels.com/used-bikes/suzuki-gs-150-2021-for-sale-in-karachi-969018,PKR 2.8 lacs,2021,"38,000 km",,,4 Stroke,Karachi,Individual,main_ad_969018,4 Stroke,4/23/2026 0:08,used-bike,https://www.pakwheels.com/used-bikes/search/-/,,,
Honda Pridor  2022  for Sale,https://www.pakwheels.com/used-bikes/honda-pridor-2022-for-sale-in-faisalabad-1005150,PKR 1.45 lacs,2022,"70,000 km",,,4 Stroke,Faisalabad,Individual,main_ad_1005150,4 Stroke,4/23/2026 0:08,used-bike,https://www.pakwheels.com/used-bikes/search/-/,,,
Suzuki GR 150  2025  for Sale,https://www.pakwheels.com/used-bikes/suzuki-gr-150-2025-for-sale-in-khanewal-1005121,PKR 5.25 lacs,2025,"1,720 km",,,4 Stroke,Khanewal,Individual,main_ad_1005121,4 Stroke,4/23/2026 0:08,used-bike,https://www.pakwheels.com/used-bikes/search/-/,,,
Honda CG 125 Deluxe  2017  for Sale,https://www.pakwheels.com/used-bikes/honda-cg-125-deluxe-2017-for-sale-in-mardan-1005105,PKR 2.4 lacs,2017,"14,000 km",,,2 Stroke,Mardan,Individual,main_ad_1005105,2 Stroke,4/23/2026 0:08,used-bike,https://www.pakwheels.com/used-bikes/search/-/,,,
Honda CB 150F  2019  for Sale,https://www.pakwheels.com/used-bikes/honda-cb-150f-2019-for-sale-in-islamabad-1005104,PKR 3.2 lacs,2019,"34,000 km",,,4 Stroke,Islamabad,Individual,main_ad_1005104,4 Stroke,4/23/2026 0:08,used-bike,https://www.pakwheels.com/used-bikes/search/-/,,,
Honda CD 70  2013  for Sale,https://www.pakwheels.com/used-bikes/honda-cd-70-2013-for-sale-in-lahore-1003899,"PKR 76,000",2013,"70,000 km",,,4 Stroke,Lahore,Individual,main_ad_1003899,4 Stroke,4/23/2026 0:08,used-bike,https://www.pakwheels.com/used-bikes/search/-/,,,
Honda CB 150F  2023  for Sale,https://www.pakwheels.com/used-bikes/honda-cb-150f-2023-for-sale-in-lahore-1005073,PKR 3.8 lacs,2023,"23,000 km",,,2 Stroke,Lahore,Individual,main_ad_1005073,2 Stroke,4/23/2026 0:08,used-bike,https://www.pakwheels.com/used-bikes/search/-/,,,
Honda CG 125  2015  for Sale,https://www.pakwheels.com/used-bikes/honda-cg-125-2015-for-sale-in-khanewal-1007139,"PKR 95,000",2015,"45,000 km",,,4 Stroke,Khanewal,Individual,main_ad_1007139,4 Stroke,4/23/2026 0:08,used-bike,https://www.pakwheels.com/used-bikes/search/-/,,,
Honda CG 125  2022  for Sale,https://www.pakwheels.com/used-bikes/honda-cg-125-2022-for-sale-in-lahore-1007138,PKR 1.7 lacs,2022,"45,300 km",,,4 Stroke,Lahore,Individual,main_ad_1007138,4 Stroke,4/23/2026 0:08,used-bike,https://www.pakwheels.com/used-bikes/search/-/,,,
Yamaha YBR 125G  2019  for Sale,https://www.pakwheels.com/used-bikes/yamaha-ybr-125g-2019-for-sale-in-rawalpindi-929468,PKR 2.95 lacs,2019,"32,600 km",,,4 Stroke,Rawalpindi,Individual,main_ad_929468,4 Stroke,4/23/2026 0:08,used-bike,https://www.pakwheels.com/used-bikes/search/-/,,,
Honda CG 125  2024  for Sale,https://www.pakwheels.com/used-bikes/honda-cg-125-2024-for-sale-in-hafizabad-1007137,PKR 1.8 lacs,2024,"15,000 km",,,4 Stroke,Hafizabad,Individual,main_ad_1007137,4 Stroke,4/23/2026 0:08,used-bike,https://www.pakwheels.com/used-bikes/search/-/,,,
Super Power SP 70  2020  for Sale,https://www.pakwheels.com/used-bikes/super-power-sp-70-2020-for-sale-in-karachi-1007136,"PKR 58,500",2020,"7,860 km",,,4 Stroke,Karachi,Individual,main_ad_1007136,4 Stroke,4/23/2026 0:08,used-bike,https://www.pakwheels.com/used-bikes/search/-/,,,
Honda CG 125  2024  for Sale,https://www.pakwheels.com/used-bikes/honda-cg-125-2024-for-sale-in-faisalabad-1007135,PKR 2.29 lacs,2024,"9,000 km",,,4 Stroke,Faisalabad,Individual,main_ad_1007135,4 Stroke,4/23/2026 0:08,used-bike,https://www.pakwheels.com/used-bikes/search/-/,,,
Super Power Leo 200  2017  for Sale,https://www.pakwheels.com/used-bikes/super-power-leo-200-2017-for-sale-in-mardan-1007133,PKR 3.2 lacs,2017,1 km,,,4 Stroke,Mardan,Individual,main_ad_1007133,4 Stroke,4/23/2026 0:08,used-bike,https://www.pakwheels.com/used-bikes/search/-/,,,
Ravi Piaggio Storm 125  2014  for Sale,https://www.pakwheels.com/used-bikes/ravi-piaggio-storm-125-2014-for-sale-in-lahore-1007134,PKR 1.4 lacs,2014,"9,000 km",,,4 Stroke,Lahore,Individual,main_ad_1007134,4 Stroke,4/23/2026 0:08,used-bike,https://www.pakwheels.com/used-bikes/search/-/,,,
Honda CG 125  2023  for Sale,https://www.pakwheels.com/used-bikes/honda-cg-125-2023-for-sale-in-kasur-1007132,PKR 1.6 lacs,2023,"22,900 km",,,4 Stroke,Kasur,Individual,main_ad_1007132,4 Stroke,4/23/2026 0:08,used-bike,https://www.pakwheels.com/used-bikes/search/-/,,,
Honda ICON e:  2026  for Sale,https://www.pakwheels.com/used-bikes/honda-icon-e-2026-for-sale-in-lahore-1007131,PKR 4 lacs,2026,250 km,,,Electric,Lahore,Individual,main_ad_1007131,Electric,4/23/2026 0:08,used-bike,https://www.pakwheels.com/used-bikes/search/-/,,,
Honda CD 70  2024  for Sale,https://www.pakwheels.com/used-bikes/honda-cd-70-2024-for-sale-in-lahore-1007130,PKR 1.35 lacs,2024,"30,000 km",,,4 Stroke,Lahore,Individual,main_ad_1007130,4 Stroke,4/23/2026 0:08,used-bike,https://www.pakwheels.com/used-bikes/search/-/,,,
Honda CG 125  2022  for Sale,https://www.pakwheels.com/used-bikes/honda-cg-125-2022-for-sale-in-lahore-1007129,PKR 1.85 lacs,2022,"19,000 km",,,4 Stroke,Lahore,Individual,main_ad_1007129,4 Stroke,4/23/2026 0:08,used-bike,https://www.pakwheels.com/used-bikes/search/-/,,,
Honda CG 125  2026  for Sale,https://www.pakwheels.com/used-bikes/honda-cg-125-2026-for-sale-in-karachi-1007128,PKR 2.32 lacs,2026,350 km,,,4 Stroke,Karachi,Individual,main_ad_1007128,4 Stroke,4/23/2026 0:08,used-bike,https://www.pakwheels.com/used-bikes/search/-/,,,
Honda CG 125  2005  for Sale,https://www.pakwheels.com/used-bikes/honda-cg-125-2005-for-sale-in-multan-1007127,"PKR 65,000",2005,"12,500 km",,,4 Stroke,Multan,Individual,main_ad_1007127,4 Stroke,4/23/2026 0:08,used-bike,https://www.pakwheels.com/used-bikes/search/-/,,,
Unique Xtreme UD 70  2019  for Sale,https://www.pakwheels.com/used-bikes/unique-xtreme-ud-70-2019-for-sale-in-karachi-1007126,"PKR 68,700",2019,"12,580 km",,,4 Stroke,Karachi,Individual,main_ad_1007126,4 Stroke,4/23/2026 0:08,used-bike,https://www.pakwheels.com/used-bikes/search/-/,,,
Super Star CD 70  2021  for Sale,https://www.pakwheels.com/used-bikes/super-star-cd-70-2021-for-sale-in-karachi-1007125,"PKR 70,000",2021,"21,000 km",,,4 Stroke,Karachi,Individual,main_ad_1007125,4 Stroke,4/23/2026 0:08,used-bike,https://www.pakwheels.com/used-bikes/search/-/,,,
Honda CG 125  2026  for Sale,https://www.pakwheels.com/used-bikes/honda-cg-125-2026-for-sale-in-rawalpindi-1007124,PKR 2.55 lacs,2026,"3,000 km",,,4 Stroke,Rawalpindi,Individual,main_ad_1007124,4 Stroke,4/23/2026 0:08,used-bike,https://www.pakwheels.com/used-bikes/search/-/,,,
Super Power SP 70  2022  for Sale,https://www.pakwheels.com/used-bikes/super-power-sp-70-2022-for-sale-in-karachi-1007123,"PKR 65,000",2022,"10,000 km",,,4 Stroke,Karachi,Individual,main_ad_1007123,4 Stroke,4/23/2026 0:08,used-bike,https://www.pakwheels.com/used-bikes/search/-/,,,
Honda CG 125  2009  for Sale,https://www.pakwheels.com/used-bikes/honda-cg-125-2009-for-sale-in-bhimber-1007121,"PKR 90,000",2009,"185,938 km",,,2 Stroke,Bhimber,Individual,main_ad_1007121,2 Stroke,4/23/2026 0:08,used-bike,https://www.pakwheels.com/used-bikes/search/-/,,,
Honda CG 125  2018  for Sale,https://www.pakwheels.com/used-bikes/honda-cg-125-2018-for-sale-in-lahore-1007122,PKR 1.18 lacs,2018,"30,000 km",,,4 Stroke,Lahore,Individual,main_ad_1007122,4 Stroke,4/23/2026 0:08,used-bike,https://www.pakwheels.com/used-bikes/search/-/,,,
Suzuki GD 110S  2018  for Sale,https://www.pakwheels.com/used-bikes/suzuki-gd-110s-2018-for-sale-in-lahore-1007120,PKR 1.95 lacs,2018,"39,200 km",,,4 Stroke,Lahore,Individual,main_ad_1007120,4 Stroke,4/23/2026 0:08,used-bike,https://www.pakwheels.com/used-bikes/search/-/,,,
Honda CD 70  2024  for Sale,https://www.pakwheels.com/used-bikes/honda-cd-70-2024-for-sale-in-pak-pattan-sharif-1007119,PKR 1.28 lacs,2024,"7,000 km",,,4 Stroke,Pak pattan sharif,Individual,main_ad_1007119,4 Stroke,4/23/2026 0:08,used-bike,https://www.pakwheels.com/used-bikes/search/-/,,,
Honda CG 150  2026  for Sale,https://www.pakwheels.com/used-bikes/honda-cg-150-2026-for-sale-in-islamabad-983908,PKR 4.6 lacs,2026,80 km,,,4 Stroke,Islamabad,Individual,main_ad_983908,4 Stroke,4/23/2026 0:08,used-bike,https://www.pakwheels.com/used-bikes/search/-/,,,
Road Prince 70 Passion Plus  2022  for Sale,https://www.pakwheels.com/used-bikes/road-prince-70-passion-plus-2022-for-sale-in-lahore-1007115,"PKR 55,000",2022,"111,111 km",,,4 Stroke,Lahore,Individual,main_ad_1007115,4 Stroke,4/23/2026 0:08,used-bike,https://www.pakwheels.com/used-bikes/search/-/,,,
Honda CG 125  2023  for Sale,https://www.pakwheels.com/used-bikes/honda-cg-125-2023-for-sale-in-zafarwal-997085,PKR 1.85 lacs,2023,"20,000 km",,,2 Stroke,Zafarwal,Individual,main_ad_997085,2 Stroke,4/23/2026 0:08,used-bike,https://www.pakwheels.com/used-bikes/search/-/,,,
ZXMCO KPR 200 Cruise  2019  for Sale,https://www.pakwheels.com/used-bikes/zxmco-kpr-200-cruise-2019-for-sale-in-hyderabad-963571,PKR 4.2 lacs,2019,"1,100 km",,,4 Stroke,Hyderabad,Individual,main_ad_963571,4 Stroke,4/23/2026 0:08,used-bike,https://www.pakwheels.com/used-bikes/search/-/,,,
Honda CD 70  2018  for Sale,https://www.pakwheels.com/used-bikes/honda-cd-70-2018-for-sale-in-lahore-1004915,"PKR 90,000",2018,"42,000 km",,,2 Stroke,Lahore,Individual,main_ad_1004915,2 Stroke,4/23/2026 0:08,used-bike,https://www.pakwheels.com/used-bikes/search/-/,,,
BMW S1000RR  2012  for Sale,https://www.pakwheels.com/used-bikes/bmw-s1000rr-2012-for-sale-in-lahore-1004907,PKR 40 lacs,2012,"19,310 km",,,4 Stroke,Lahore,Individual,main_ad_1004907,4 Stroke,4/23/2026 0:08,used-bike,https://www.pakwheels.com/used-bikes/search/-/,,,
Honda CB 150F  2020  for Sale,https://www.pakwheels.com/used-bikes/honda-cb-150f-2020-for-sale-in-multan-1004764,PKR 3.65 lacs,2020,"12,062 km",,,4 Stroke,Multan,Individual,main_ad_1004764,4 Stroke,4/23/2026 0:08,used-bike,https://www.pakwheels.com/used-bikes/search/-/,,,
Yamaha YZF-R1  2011  for Sale,https://www.pakwheels.com/used-bikes/yamaha-yzf-r1-2011-for-sale-in-lahore-910683,PKR 25 lacs,2011,"11,000 km",,,4 Stroke,Lahore,Individual,main_ad_910683,4 Stroke,4/23/2026 0:08,used-bike,https://www.pakwheels.com/used-bikes/search/-/,,,
Suzuki GS 150 SE  2020  for Sale,https://www.pakwheels.com/used-bikes/suzuki-gs-150-se-2020-for-sale-in-lahore-1004821,PKR 3.15 lacs,2020,"61,000 km",,,4 Stroke,Lahore,Individual,main_ad_1004821,4 Stroke,4/23/2026 0:08,used-bike,https://www.pakwheels.com/used-bikes/search/-/,,,
BMW S1000RR  2021  for Sale,https://www.pakwheels.com/used-bikes/bmw-s1000rr-2021-for-sale-in-lahore-1004797,PKR 5.3 lacs,2021,"5,000 km",,,4 Stroke,Lahore,Individual,main_ad_1004797,4 Stroke,4/23/2026 0:08,used-bike,https://www.pakwheels.com/used-bikes/search/-/,,,
Honda CB 150F  2021  for Sale,https://www.pakwheels.com/used-bikes/honda-cb-150f-2021-for-sale-in-lahore-1004729,PKR 4.05 lacs,2021,"5,760 km",,,4 Stroke,Lahore,Individual,main_ad_1004729,4 Stroke,4/23/2026 0:08,used-bike,https://www.pakwheels.com/used-bikes/search/-/,,,
Honda Pridor  2025  for Sale,https://www.pakwheels.com/used-bikes/honda-pridor-2025-for-sale-in-faisalabad-1004766,PKR 2.05 lacs,2025,"2,028 km",,,4 Stroke,Faisalabad,Individual,main_ad_1004766,4 Stroke,4/23/2026 0:08,used-bike,https://www.pakwheels.com/used-bikes/search/-/,,,
Honda CG 125  2024  for Sale,https://www.pakwheels.com/used-bikes/honda-cg-125-2024-for-sale-in-karachi-1004756,PKR 1.7 lacs,2024,"3,600 km",,,2 Stroke,Karachi,Individual,main_ad_1004756,2 Stroke,4/23/2026 0:08,used-bike,https://www.pakwheels.com/used-bikes/search/-/,,,
Suzuki GSX-R600  2010  for Sale,https://www.pakwheels.com/used-bikes/suzuki-gsx-r600-2010-for-sale-in-islamabad-983851,PKR 24.5 lacs,2010,"20,000 km",,,4 Stroke,Islamabad,Individual,main_ad_983851,4 Stroke,4/23/2026 0:08,used-bike,https://www.pakwheels.com/used-bikes/search/-/,,,
Honda CD 70  2020  for Sale,https://www.pakwheels.com/used-bikes/honda-cd-70-2020-for-sale-in-lahore-1007114,"PKR 85,000",2020,"20,000 km",,,4 Stroke,Lahore,Individual,main_ad_1007114,4 Stroke,4/23/2026 0:08,used-bike,https://www.pakwheels.com/used-bikes/search/-/,,,
Honda CD 70  2020  for Sale,https://www.pakwheels.com/used-bikes/honda-cd-70-2020-for-sale-in-lahore-1007113,"PKR 85,000",2020,"30,000 km",,,4 Stroke,Lahore,Individual,main_ad_1007113,4 Stroke,4/23/2026 0:08,used-bike,https://www.pakwheels.com/used-bikes/search/-/,,,
Honda CG 150  2026  for Sale,https://www.pakwheels.com/used-bikes/honda-cg-150-2026-for-sale-in-islamabad-1007112,PKR 4.6 lacs,2026,600 km,,,4 Stroke,Islamabad,Individual,main_ad_1007112,4 Stroke,4/23/2026 0:08,used-bike,https://www.pakwheels.com/used-bikes/search/-/,,,
Super Star Falcon 150 cc  2024  for Sale,https://www.pakwheels.com/used-bikes/super-star-falcon-150-cc-2024-for-sale-in-rawalpindi-960727,PKR 3.5 lacs,2024,"8,000 km",,,4 Stroke,Rawalpindi,Individual,main_ad_960727,4 Stroke,4/23/2026 0:08,used-bike,https://www.pakwheels.com/used-bikes/search/-/,,,
Honda CG 125  2001  for Sale,https://www.pakwheels.com/used-bikes/honda-cg-125-2001-for-sale-in-gujranwala-1007111,PKR 1.5 lacs,2001,"150,000 km",,,4 Stroke,Gujranwala,Individual,main_ad_1007111,4 Stroke,4/23/2026 0:08,used-bike,https://www.pakwheels.com/used-bikes/search/-/,,,
Yamaha YBR 125  2019  for Sale,https://www.pakwheels.com/used-bikes/yamaha-ybr-125-2019-for-sale-in-rawalpindi-1007110,PKR 3.2 lacs,2019,"15,116 km",,,4 Stroke,Rawalpindi,Individual,main_ad_1007110,4 Stroke,4/23/2026 0:08,used-bike,https://www.pakwheels.com/used-bikes/search/-/,,,
Honda CG 125  2019  for Sale,https://www.pakwheels.com/used-bikes/honda-cg-125-2019-for-sale-in-faisalabad-1007108,PKR 1.45 lacs,2019,"30,000 km",,,4 Stroke,Faisalabad,Individual,main_ad_1007108,4 Stroke,4/23/2026 0:08,used-bike,https://www.pakwheels.com/used-bikes/search/-/,,,
Honda CG 125  2021  for Sale,https://www.pakwheels.com/used-bikes/honda-cg-125-2021-for-sale-in-faisalabad-1007109,PKR 1.55 lacs,2021,"13,000 km",,,4 Stroke,Faisalabad,Individual,main_ad_1007109,4 Stroke,4/23/2026 0:08,used-bike,https://www.pakwheels.com/used-bikes/search/-/,,,
Honda CD 70  2018  for Sale,https://www.pakwheels.com/used-bikes/honda-cd-70-2018-for-sale-in-islamabad-1007107,PKR 1.05 lacs,2018,"40,000 km",,,4 Stroke,Islamabad,Individual,main_ad_1007107,4 Stroke,4/23/2026 0:08,used-bike,https://www.pakwheels.com/used-bikes/search/-/,,,
Kawasaki GTO 125  1992  for Sale,https://www.pakwheels.com/used-bikes/kawasaki-gto-125-1992-for-sale-in-karachi-1007105,PKR 1.9 lacs,1992,"135,000 km",,,2 Stroke,Karachi,Individual,main_ad_1007105,2 Stroke,4/23/2026 0:08,used-bike,https://www.pakwheels.com/used-bikes/search/-/,,,
Honda CG 125 Special Edition  2021  for Sale,https://www.pakwheels.com/used-bikes/honda-cg-125-special-edition-2021-for-sale-in-lahore-1007104,PKR 2.1 lacs,2021,"60,000 km",,,4 Stroke,Lahore,Individual,main_ad_1007104,4 Stroke,4/23/2026 0:08,used-bike,https://www.pakwheels.com/used-bikes/search/-/,,,
Unique Xtreme UD 70  2019  for Sale,https://www.pakwheels.com/used-bikes/unique-xtreme-ud-70-2019-for-sale-in-karachi-1007103,"PKR 70,000",2019,"15,000 km",,,4 Stroke,Karachi,Individual,main_ad_1007103,4 Stroke,4/23/2026 0:08,used-bike,https://www.pakwheels.com/used-bikes/search/-/,,,
Honda CD 70  2012  for Sale,https://www.pakwheels.com/used-bikes/honda-cd-70-2012-for-sale-in-lahore-1007102,"PKR 58,500",2012,"35,000 km",,,4 Stroke,Lahore,Individual,main_ad_1007102,4 Stroke,4/23/2026 0:08,used-bike,https://www.pakwheels.com/used-bikes/search/-/,,,
Honda CD 70  2022  for Sale,https://www.pakwheels.com/used-bikes/honda-cd-70-2022-for-sale-in-wah-cantt-1007100,PKR 1.5 lacs,2022,"30,000 km",,,4 Stroke,Wah cantt,Individual,main_ad_1007100,4 Stroke,4/23/2026 0:08,used-bike,https://www.pakwheels.com/used-bikes/search/-/,,,
Honda CG 125  2018  for Sale,https://www.pakwheels.com/used-bikes/honda-cg-125-2018-for-sale-in-hyderabad-1007099,"PKR 90,000",2018,"50,000 km",,,4 Stroke,Hyderabad,Individual,main_ad_1007099,4 Stroke,4/23/2026 0:08,used-bike,https://www.pakwheels.com/used-bikes/search/-/,,,
Yamaha YBR 125G  2024  for Sale,https://www.pakwheels.com/used-bikes/yamaha-ybr-125g-2024-for-sale-in-lahore-1007098,PKR 3.9 lacs,2024,"15,000 km",,,4 Stroke,Lahore,Individual,main_ad_1007098,4 Stroke,4/23/2026 0:08,used-bike,https://www.pakwheels.com/used-bikes/search/-/,,,
Unique Xtreme UD 70  2005  for Sale,https://www.pakwheels.com/used-bikes/unique-xtreme-ud-70-2005-for-sale-in-karachi-1007096,"PKR 29,000",2005,"100,000 km",,,4 Stroke,Karachi,Individual,main_ad_1007096,4 Stroke,4/23/2026 0:08,used-bike,https://www.pakwheels.com/used-bikes/search/-/,,,
Honda CG 125  2020  for Sale,https://www.pakwheels.com/used-bikes/honda-cg-125-2020-for-sale-in-rawalpindi-984544,PKR 1.75 lacs,2020,"55,000 km",,,4 Stroke,Rawalpindi,Individual,main_ad_984544,4 Stroke,4/23/2026 0:08,used-bike,https://www.pakwheels.com/used-bikes/search/-/,,,
Honda CG 125  2022  for Sale,https://www.pakwheels.com/used-bikes/honda-cg-125-2022-for-sale-in-multan-1007094,PKR 1.52 lacs,2022,"24,385 km",,,4 Stroke,Multan,Individual,main_ad_1007094,4 Stroke,4/23/2026 0:08,used-bike,https://www.pakwheels.com/used-bikes/search/-/,,,
Unique Xtreme UD 70  2018  for Sale,https://www.pakwheels.com/used-bikes/unique-xtreme-ud-70-2018-for-sale-in-karachi-1007095,"PKR 58,000",2018,"60,000 km",,,4 Stroke,Karachi,Individual,main_ad_1007095,4 Stroke,4/23/2026 0:08,used-bike,https://www.pakwheels.com/used-bikes/search/-/,,,
Honda CG 125  2023  for Sale,https://www.pakwheels.com/used-bikes/honda-cg-125-2023-for-sale-in-lahore-1007093,PKR 1.78 lacs,2023,"11,000 km",,,4 Stroke,Lahore,Individual,main_ad_1007093,4 Stroke,4/23/2026 0:08,used-bike,https://www.pakwheels.com/used-bikes/search/-/,,,
Honda CG 125  2004  for Sale,https://www.pakwheels.com/used-bikes/honda-cg-125-2004-for-sale-in-lahore-990329,"PKR 75,000",2004,"60,000 km",,,4 Stroke,Lahore,Individual,main_ad_990329,4 Stroke,4/23/2026 0:08,used-bike,https://www.pakwheels.com/used-bikes/search/-/,,,
New Asia Ramza A700  2024  for Sale,https://www.pakwheels.com/used-bikes/new-asia-ramza-a700-2024-for-sale-in-lahore-754643,PKR 1.65 lacs,2024,"15,000 km",,,Electric,Lahore,Individual,main_ad_754643,Electric,4/23/2026 0:08,used-bike,https://www.pakwheels.com/used-bikes/search/-/,,,
Honda CG 125  2020  for Sale,https://www.pakwheels.com/used-bikes/honda-cg-125-2020-for-sale-in-gujranwala-1007092,PKR 1.1 lacs,2020,"30,000 km",,,4 Stroke,Gujranwala,Individual,main_ad_1007092,4 Stroke,4/23/2026 0:08,used-bike,https://www.pakwheels.com/used-bikes/search/-/,,,
United EV Bullet  2026  for Sale,https://www.pakwheels.com/used-bikes/united-ev-bullet-2026-for-sale-in-multan-1007091,PKR 3.3 lacs,2026,100 km,,,Electric,Multan,Individual,main_ad_1007091,Electric,4/23/2026 0:08,used-bike,https://www.pakwheels.com/used-bikes/search/-/,,,
QJ Motor QJ250  2023  for Sale,https://www.pakwheels.com/used-bikes/qj-motor-qj250-2023-for-sale-in-karachi-991973,PKR 12 lacs,2023,"4,650 km",,,4 Stroke,Karachi,Individual,main_ad_991973,4 Stroke,4/23/2026 0:08,used-bike,https://www.pakwheels.com/used-bikes/search/-/,,,
Hi Speed Infinity 150  2025  for Sale,https://www.pakwheels.com/used-bikes/hi-speed-infinity-150-2025-for-sale-in-sargodha-1003285,PKR 4.15 lacs,2025,"1,300 km",,,4 Stroke,Sargodha,Individual,main_ad_1003285,4 Stroke,4/23/2026 0:08,used-bike,https://www.pakwheels.com/used-bikes/search/-/,,,
Suzuki GS 150 SE  2020  for Sale,https://www.pakwheels.com/used-bikes/suzuki-gs-150-se-2020-for-sale-in-gujrat-1004377,PKR 2.7 lacs,2020,"50,000 km",,,4 Stroke,Gujrat,Individual,main_ad_1004377,4 Stroke,4/23/2026 0:08,used-bike,https://www.pakwheels.com/used-bikes/search/-/,,,
Honda Pridor  2025  for Sale,https://www.pakwheels.com/used-bikes/honda-pridor-2025-for-sale-in-lahore-1004196,PKR 1.89 lacs,2025,"7,000 km",,,2 Stroke,Lahore,Individual,main_ad_1004196,2 Stroke,4/23/2026 0:08,used-bike,https://www.pakwheels.com/used-bikes/search/-/,,,
Benelli TRK 502  2018  for Sale,https://www.pakwheels.com/used-bikes/benelli-trk-502-2018-for-sale-in-lahore-1004129,PKR 18.99 lacs,2018,"11,000 km",,,4 Stroke,Lahore,Individual,main_ad_1004129,4 Stroke,4/23/2026 0:08,used-bike,https://www.pakwheels.com/used-bikes/search/-/,,,
Yamaha YBR 125G  2024  for Sale,https://www.pakwheels.com/used-bikes/yamaha-ybr-125g-2024-for-sale-in-lahore-1004446,PKR 3.95 lacs,2024,"18,125 km",,,4 Stroke,Lahore,Individual,main_ad_1004446,4 Stroke,4/23/2026 0:08,used-bike,https://www.pakwheels.com/used-bikes/search/-/,,,
Super Power Sultan SP 250  2020  for Sale,https://www.pakwheels.com/used-bikes/super-power-sultan-sp-250-2020-for-sale-in-karachi-1003777,PKR 4.35 lacs,2020,"9,000 km",,,2 Stroke,Karachi,Individual,main_ad_1003777,2 Stroke,4/23/2026 0:08,used-bike,https://www.pakwheels.com/used-bikes/search/-/,,,
Suzuki GD 110  2018  for Sale,https://www.pakwheels.com/used-bikes/suzuki-gd-110-2018-for-sale-in-lahore-1004373,PKR 2.5 lacs,2018,"45,000 km",,,4 Stroke,Lahore,Individual,main_ad_1004373,4 Stroke,4/23/2026 0:08,used-bike,https://www.pakwheels.com/used-bikes/search/-/,,,
Chinese Bikes OW Ninja 250cc  2026  for Sale,https://www.pakwheels.com/used-bikes/chinese-bikes-ow-ninja-250cc-2026-for-sale-in-lahore-1004326,PKR 6.2 lacs,2026,2 km,,,4 Stroke,Lahore,Individual,main_ad_1004326,4 Stroke,4/23/2026 0:08,used-bike,https://www.pakwheels.com/used-bikes/search/-/,,,
Hi Speed Infinity 150  2023  for Sale,https://www.pakwheels.com/used-bikes/hi-speed-infinity-150-2023-for-sale-in-lahore-1004325,PKR 2.9 lacs,2023,2 km,,,4 Stroke,Lahore,Individual,main_ad_1004325,4 Stroke,4/23/2026 0:08,used-bike,https://www.pakwheels.com/used-bikes/search/-/,,,
Hi Speed Infinity 150  2026  for Sale,https://www.pakwheels.com/used-bikes/hi-speed-infinity-150-2026-for-sale-in-lahore-1004323,PKR 3.8 lacs,2026,500 km,,,4 Stroke,Lahore,Individual,main_ad_1004323,4 Stroke,4/23/2026 0:08,used-bike,https://www.pakwheels.com/used-bikes/search/-/,,,
OW S1000RR 250cc  2026  for Sale,https://www.pakwheels.com/used-bikes/ow-s1000rr-250cc-2026-for-sale-in-lahore-1004322,PKR 8.25 lacs,2026,2 km,,,4 Stroke,Lahore,Individual,main_ad_1004322,4 Stroke,4/23/2026 0:08,used-bike,https://www.pakwheels.com/used-bikes/search/-/,,,
Honda CG 125  2024  for Sale,https://www.pakwheels.com/used-bikes/honda-cg-125-2024-for-sale-in-lahore-1007090,PKR 1.95 lacs,2024,"50,000 km",,,4 Stroke,Lahore,Individual,main_ad_1007090,4 Stroke,4/23/2026 0:08,used-bike,https://www.pakwheels.com/used-bikes/search/-/,,,
Honda CD 70  2024  for Sale,https://www.pakwheels.com/used-bikes/honda-cd-70-2024-for-sale-in-lahore-1007089,PKR 1.35 lacs,2024,"6,855 km",,,4 Stroke,Lahore,Individual,main_ad_1007089,4 Stroke,4/23/2026 0:08,used-bike,https://www.pakwheels.com/used-bikes/search/-/,,,
Honda CG 125  1981  for Sale,https://www.pakwheels.com/used-bikes/honda-cg-125-1981-for-sale-in-rawalpindi-1007088,PKR 1.8 lacs,1981,100 km,,,4 Stroke,Rawalpindi,Individual,main_ad_1007088,4 Stroke,4/23/2026 0:08,used-bike,https://www.pakwheels.com/used-bikes/search/-/,,,
Honda CG 125  2019  for Sale,https://www.pakwheels.com/used-bikes/honda-cg-125-2019-for-sale-in-sialkot-1007086,PKR 1.08 lacs,2019,"33,300 km",,,4 Stroke,Sialkot,Individual,main_ad_1007086,4 Stroke,4/23/2026 0:08,used-bike,https://www.pakwheels.com/used-bikes/search/-/,,,
Benelli TRK 251  2025  for Sale,https://www.pakwheels.com/used-bikes/benelli-trk-251-2025-for-sale-in-lahore-1007085,PKR 15 lacs,2025,"5,200 km",,,4 Stroke,Lahore,Individual,main_ad_1007085,4 Stroke,4/23/2026 0:08,used-bike,https://www.pakwheels.com/used-bikes/search/-/,,,
Honda CG 125  2021  for Sale,https://www.pakwheels.com/used-bikes/honda-cg-125-2021-for-sale-in-toba-tek-singh-1007084,PKR 1.65 lacs,2021,"50,000 km",,,4 Stroke,Toba Tek Singh,Individual,main_ad_1007084,4 Stroke,4/23/2026 0:08,used-bike,https://www.pakwheels.com/used-bikes/search/-/,,,
Super Star 125cc  2026  for Sale,https://www.pakwheels.com/used-bikes/super-star-125cc-2026-for-sale-in-karachi-1007083,PKR 1.7 lacs,2026,130 km,,,4 Stroke,Karachi,Individual,main_ad_1007083,4 Stroke,4/23/2026 0:08,used-bike,https://www.pakwheels.com/used-bikes/search/-/,,,
Honda CG 125  2023  for Sale,https://www.pakwheels.com/used-bikes/honda-cg-125-2023-for-sale-in-karachi-1007082,PKR 1.9 lacs,2023,"18,000 km",,,4 Stroke,Karachi,Individual,main_ad_1007082,4 Stroke,4/23/2026 0:08,used-bike,https://www.pakwheels.com/used-bikes/search/-/,,,
United US 100  2022  for Sale,https://www.pakwheels.com/used-bikes/united-us-100-2022-for-sale-in-sialkot-1007081,PKR 1.5 lacs,2022,"12,200 km",,,4 Stroke,Sialkot,Individual,main_ad_1007081,4 Stroke,4/23/2026 0:08,used-bike,https://www.pakwheels.com/used-bikes/search/-/,,,
Unique Xtreme UD 70  2008  for Sale,https://www.pakwheels.com/used-bikes/unique-xtreme-ud-70-2008-for-sale-in-karachi-1007080,"PKR 42,000",2008,"50,000 km",,,4 Stroke,Karachi,Individual,main_ad_1007080,4 Stroke,4/23/2026 0:08,used-bike,https://www.pakwheels.com/used-bikes/search/-/,,,
Honda CD 70  2020  for Sale,https://www.pakwheels.com/used-bikes/honda-cd-70-2020-for-sale-in-mandi-bahauddin-1007079,"PKR 45,000",2020,"7,000 km",,,2 Stroke,Mandi bahauddin,Individual,main_ad_1007079,2 Stroke,4/23/2026 0:08,used-bike,https://www.pakwheels.com/used-bikes/search/-/,,,
Honda Pridor  2019  for Sale,https://www.pakwheels.com/used-bikes/honda-pridor-2019-for-sale-in-sargodha-1007078,PKR 1.25 lacs,2019,"21,310 km",,,4 Stroke,Sargodha,Individual,main_ad_1007078,4 Stroke,4/23/2026 0:08,used-bike,https://www.pakwheels.com/used-bikes/search/-/,,,
Honda CG 125  2003  for Sale,https://www.pakwheels.com/used-bikes/honda-cg-125-2003-for-sale-in-lahore-1007077,PKR 2.2 lacs,2003,"20,000 km",,,4 Stroke,Lahore,Individual,main_ad_1007077,4 Stroke,4/23/2026 0:08,used-bike,https://www.pakwheels.com/used-bikes/search/-/,,,
Honda CD 70  2025  for Sale,https://www.pakwheels.com/used-bikes/honda-cd-70-2025-for-sale-in-lahore-1007076,PKR 1.45 lacs,2025,"21,355 km",,,4 Stroke,Lahore,Individual,main_ad_1007076,4 Stroke,4/23/2026 0:08,used-bike,https://www.pakwheels.com/used-bikes/search/-/,,,
Honda CG 125  2021  for Sale,https://www.pakwheels.com/used-bikes/honda-cg-125-2021-for-sale-in-faisalabad-1007075,PKR 1.25 lacs,2021,"12,345 km",,,4 Stroke,Faisalabad,Individual,main_ad_1007075,4 Stroke,4/23/2026 0:08,used-bike,https://www.pakwheels.com/used-bikes/search/-/,,,
Benelli 302 R  2020  for Sale,https://www.pakwheels.com/used-bikes/benelli-302-r-2020-for-sale-in-lahore-1007073,PKR 12 lacs,2020,"15,000 km",,,4 Stroke,Lahore,Individual,main_ad_1007073,4 Stroke,4/23/2026 0:08,used-bike,https://www.pakwheels.com/used-bikes/search/-/,,,
Honda CD 70  2018  for Sale,https://www.pakwheels.com/used-bikes/honda-cd-70-2018-for-sale-in-lahore-1007070,"PKR 80,000",2018,"50,000 km",,,4 Stroke,Lahore,Individual,main_ad_1007070,4 Stroke,4/23/2026 0:08,used-bike,https://www.pakwheels.com/used-bikes/search/-/,,,
Road Prince RP 70  2022  for Sale,https://www.pakwheels.com/used-bikes/road-prince-rp-70-2022-for-sale-in-islamabad-1007071,"PKR 64,000",2022,"10,000 km",,,2 Stroke,Islamabad,Individual,main_ad_1007071,2 Stroke,4/23/2026 0:08,used-bike,https://www.pakwheels.com/used-bikes/search/-/,,,
Honda CG 125  2025  for Sale,https://www.pakwheels.com/used-bikes/honda-cg-125-2025-for-sale-in-lahore-1007067,PKR 2.15 lacs,2025,"4,700 km",,,4 Stroke,Lahore,Individual,main_ad_1007067,4 Stroke,4/23/2026 0:08,used-bike,https://www.pakwheels.com/used-bikes/search/-/,,,
United US 70  2020  for Sale,https://www.pakwheels.com/used-bikes/united-us-70-2020-for-sale-in-peshawar-1007069,"PKR 75,000",2020,"12,000 km",,,2 Stroke,Peshawar,Individual,main_ad_1007069,2 Stroke,4/23/2026 0:08,used-bike,https://www.pakwheels.com/used-bikes/search/-/,,,
Suzuki GD 110S  2020  for Sale,https://www.pakwheels.com/used-bikes/suzuki-gd-110s-2020-for-sale-in-multan-1007066,PKR 2.56 lacs,2020,"20,000 km",,,4 Stroke,Multan,Individual,main_ad_1007066,4 Stroke,4/23/2026 0:08,used-bike,https://www.pakwheels.com/used-bikes/search/-/,,,
Honda CD 70  2014  for Sale,https://www.pakwheels.com/used-bikes/honda-cd-70-2014-for-sale-in-taxila-1007065,"PKR 85,000",2014,"20,000 km",,,4 Stroke,Taxila,Individual,main_ad_1007065,4 Stroke,4/23/2026 0:08,used-bike,https://www.pakwheels.com/used-bikes/search/-/,,,
Honda CG 125  2018  for Sale,https://www.pakwheels.com/used-bikes/honda-cg-125-2018-for-sale-in-bahawalpur-1007064,PKR 1.4 lacs,2018,"29,000 km",,,4 Stroke,Bahawalpur,Individual,main_ad_1007064,4 Stroke,4/23/2026 0:08,used-bike,https://www.pakwheels.com/used-bikes/search/-/,,,
Road Prince 70 Passion Plus  2013  for Sale,https://www.pakwheels.com/used-bikes/road-prince-70-passion-plus-2013-for-sale-in-gujrat-1007063,"PKR 52,000",2013,"36,000 km",,,4 Stroke,Gujrat,Individual,main_ad_1007063,4 Stroke,4/23/2026 0:08,used-bike,https://www.pakwheels.com/used-bikes/search/-/,,,
Kawasaki Z1000  2026  for Sale,https://www.pakwheels.com/used-bikes/kawasaki-z1000-2026-for-sale-in-lahore-1004321,PKR 11.5 lacs,2026,2 km,,,4 Stroke,Lahore,Individual,main_ad_1004321,4 Stroke,4/23/2026 0:08,used-bike,https://www.pakwheels.com/used-bikes/search/-/,,,
Voge RR660S  2026  for Sale,https://www.pakwheels.com/used-bikes/voge-rr660s-2026-for-sale-in-lahore-1004320,PKR 27.5 lacs,2026,2 km,,,4 Stroke,Lahore,Individual,main_ad_1004320,4 Stroke,4/23/2026 0:08,used-bike,https://www.pakwheels.com/used-bikes/search/-/,,,
Kawasaki ZZR-250  2026  for Sale,https://www.pakwheels.com/used-bikes/kawasaki-zzr-250-2026-for-sale-in-lahore-1004318,PKR 7.5 lacs,2026,2 km,,,4 Stroke,Lahore,Individual,main_ad_1004318,4 Stroke,4/23/2026 0:08,used-bike,https://www.pakwheels.com/used-bikes/search/-/,,,
Zongshen RX3 250cc  2026  for Sale,https://www.pakwheels.com/used-bikes/zongshen-rx3-250cc-2026-for-sale-in-lahore-1004316,PKR 7.5 lacs,2026,2 km,,,4 Stroke,Lahore,Individual,main_ad_1004316,4 Stroke,4/23/2026 0:08,used-bike,https://www.pakwheels.com/used-bikes/search/-/,,,
Zongshen 400  2026  for Sale,https://www.pakwheels.com/used-bikes/zongshen-400-2026-for-sale-in-lahore-1004315,PKR 9.5 lacs,2026,70 km,,,4 Stroke,Lahore,Individual,main_ad_1004315,4 Stroke,4/23/2026 0:08,used-bike,https://www.pakwheels.com/used-bikes/search/-/,,,
Zongshen 400  2026  for Sale,https://www.pakwheels.com/used-bikes/zongshen-400-2026-for-sale-in-lahore-1004314,PKR 11.5 lacs,2026,2 km,,,4 Stroke,Lahore,Individual,main_ad_1004314,4 Stroke,4/23/2026 0:08,used-bike,https://www.pakwheels.com/used-bikes/search/-/,,,
Hi Speed SR 200  2026  for Sale,https://www.pakwheels.com/used-bikes/hi-speed-sr-200-2026-for-sale-in-lahore-1004313,PKR 5.4 lacs,2026,2 km,,,4 Stroke,Lahore,Individual,main_ad_1004313,4 Stroke,4/23/2026 0:08,used-bike,https://www.pakwheels.com/used-bikes/search/-/,,,
Zongshen 400  2026  for Sale,https://www.pakwheels.com/used-bikes/zongshen-400-2026-for-sale-in-lahore-1004312,PKR 11 lacs,2026,2 km,,,4 Stroke,Lahore,Individual,main_ad_1004312,4 Stroke,4/23/2026 0:08,used-bike,https://www.pakwheels.com/used-bikes/search/-/,,,
Zongshen 400  2024  for Sale,https://www.pakwheels.com/used-bikes/zongshen-400-2024-for-sale-in-lahore-1004311,PKR 7.5 lacs,2024,"6,000 km",,,4 Stroke,Lahore,Individual,main_ad_1004311,4 Stroke,4/23/2026 0:08,used-bike,https://www.pakwheels.com/used-bikes/search/-/,,,
OW S1000RR 400cc  2026  for Sale,https://www.pakwheels.com/used-bikes/ow-s1000rr-400cc-2026-for-sale-in-lahore-1004310,PKR 11.5 lacs,2026,2 km,,,4 Stroke,Lahore,Individual,main_ad_1004310,4 Stroke,4/23/2026 0:08,used-bike,https://www.pakwheels.com/used-bikes/search/-/,,,
Zongshen 400  2026  for Sale,https://www.pakwheels.com/used-bikes/zongshen-400-2026-for-sale-in-lahore-1004309,PKR 11 lacs,2026,2 km,,,4 Stroke,Lahore,Individual,main_ad_1004309,4 Stroke,4/23/2026 0:08,used-bike,https://www.pakwheels.com/used-bikes/search/-/,,,
Voge 300GY Rally  2026  for Sale,https://www.pakwheels.com/used-bikes/voge-300gy-rally-2026-for-sale-in-lahore-972973,PKR 18.85 lacs,2026,2 km,,,4 Stroke,Lahore,Individual,main_ad_972973,4 Stroke,4/23/2026 0:08,used-bike,https://www.pakwheels.com/used-bikes/search/-/,,,
Honda CD 70  2022  for Sale,https://www.pakwheels.com/used-bikes/honda-cd-70-2022-for-sale-in-rawalpindi-1007062,PKR 1.14 lacs,2022,"50,000 km",,,4 Stroke,Rawalpindi,Individual,main_ad_1007062,4 Stroke,4/23/2026 0:08,used-bike,https://www.pakwheels.com/used-bikes/search/-/,,,
Suzuki GSX 125  2023  for Sale,https://www.pakwheels.com/used-bikes/suzuki-gsx-125-2023-for-sale-in-lahore-1007060,PKR 3.04 lacs,2023,"13,585 km",,,4 Stroke,Lahore,Individual,main_ad_1007060,4 Stroke,4/23/2026 0:08,used-bike,https://www.pakwheels.com/used-bikes/search/-/,,,
Honda CD 70  2015  for Sale,https://www.pakwheels.com/used-bikes/honda-cd-70-2015-for-sale-in-lahore-1007059,"PKR 72,000",2015,"999,991 km",,,4 Stroke,Lahore,Individual,main_ad_1007059,4 Stroke,4/23/2026 0:08,used-bike,https://www.pakwheels.com/used-bikes/search/-/,,,
Honda CD 70  2021  for Sale,https://www.pakwheels.com/used-bikes/honda-cd-70-2021-for-sale-in-bahawalpur-1007058,PKR 1.2 lacs,2021,"9,000 km",,,2 Stroke,Bahawalpur,Individual,main_ad_1007058,2 Stroke,4/23/2026 0:08,used-bike,https://www.pakwheels.com/used-bikes/search/-/,,,
Suzuki GD 110S  2020  for Sale,https://www.pakwheels.com/used-bikes/suzuki-gd-110s-2020-for-sale-in-rawalpindi-1007057,PKR 2.4 lacs,2020,"54,000 km",,,4 Stroke,Rawalpindi,Individual,main_ad_1007057,4 Stroke,4/23/2026 0:08,used-bike,https://www.pakwheels.com/used-bikes/search/-/,,,
MS Jaguar Motorcycle 100cc  2024  for Sale,https://www.pakwheels.com/used-bikes/ms-jaguar-motorcycle-100cc-2024-for-sale-in-rawalpindi-1007056,PKR 2.8 lacs,2024,"1,690 km",,,2 Stroke,Rawalpindi,Individual,main_ad_1007056,2 Stroke,4/23/2026 0:08,used-bike,https://www.pakwheels.com/used-bikes/search/-/,,,
Union Star US 70cc  2025  for Sale,https://www.pakwheels.com/used-bikes/union-star-us-70cc-2025-for-sale-in-rawalpindi-1007055,"PKR 95,000",2025,"1,000 km",,,4 Stroke,Rawalpindi,Individual,main_ad_1007055,4 Stroke,4/23/2026 0:08,used-bike,https://www.pakwheels.com/used-bikes/search/-/,,,
Honda CG 125  2022  for Sale,https://www.pakwheels.com/used-bikes/honda-cg-125-2022-for-sale-in-peshawar-1007053,PKR 1.7 lacs,2022,"5,000 km",,,4 Stroke,Peshawar,Individual,main_ad_1007053,4 Stroke,4/23/2026 0:08,used-bike,https://www.pakwheels.com/used-bikes/search/-/,,,
Honda CG 125  2025  for Sale,https://www.pakwheels.com/used-bikes/honda-cg-125-2025-for-sale-in-karachi-1007054,PKR 2.6 lacs,2025,"4,500 km",,,4 Stroke,Karachi,Individual,main_ad_1007054,4 Stroke,4/23/2026 0:08,used-bike,https://www.pakwheels.com/used-bikes/search/-/,,,
Honda CG 125  2019  for Sale,https://www.pakwheels.com/used-bikes/honda-cg-125-2019-for-sale-in-lahore-1007052,PKR 1.28 lacs,2019,"25,000 km",,,4 Stroke,Lahore,Individual,main_ad_1007052,4 Stroke,4/23/2026 0:08,used-bike,https://www.pakwheels.com/used-bikes/search/-/,,,
Honda CG 125  2026  for Sale,https://www.pakwheels.com/used-bikes/honda-cg-125-2026-for-sale-in-hazro-1007051,PKR 2.6 lacs,2026,"1,500 km",,,4 Stroke,Hazro,Individual,main_ad_1007051,4 Stroke,4/23/2026 0:08,used-bike,https://www.pakwheels.com/used-bikes/search/-/,,,
Unique Xtreme UD 70  2024  for Sale,https://www.pakwheels.com/used-bikes/unique-xtreme-ud-70-2024-for-sale-in-karachi-1007050,"PKR 82,500",2024,"9,000 km",,,4 Stroke,Karachi,Individual,main_ad_1007050,4 Stroke,4/23/2026 0:08,used-bike,https://www.pakwheels.com/used-bikes/search/-/,,,
Yamaha YBR 125  2019  for Sale,https://www.pakwheels.com/used-bikes/yamaha-ybr-125-2019-for-sale-in-lahore-1007049,PKR 2.4 lacs,2019,"22,000 km",,,4 Stroke,Lahore,Individual,main_ad_1007049,4 Stroke,4/23/2026 0:08,used-bike,https://www.pakwheels.com/used-bikes/search/-/,,,
Pak Hero RF 70  2012  for Sale,https://www.pakwheels.com/used-bikes/pak-hero-rf-70-2012-for-sale-in-rawalpindi-1007047,"PKR 40,000",2012,"75,000 km",,,4 Stroke,Rawalpindi,Individual,main_ad_1007047,4 Stroke,4/23/2026 0:08,used-bike,https://www.pakwheels.com/used-bikes/search/-/,,,
Hi Speed Infinity 150  2020  for Sale,https://www.pakwheels.com/used-bikes/hi-speed-infinity-150-2020-for-sale-in-khanpur-961042,PKR 2.9 lacs,2020,"20,000 km",,,4 Stroke,Khanpur,Individual,main_ad_961042,4 Stroke,4/23/2026 0:08,used-bike,https://www.pakwheels.com/used-bikes/search/-/,,,
Evee C1 Pro  2024  for Sale,https://www.pakwheels.com/used-bikes/evee-c1-pro-2024-for-sale-in-lahore-1007046,PKR 2 lacs,2024,"2,400 km",,,Electric,Lahore,Individual,main_ad_1007046,Electric,4/23/2026 0:08,used-bike,https://www.pakwheels.com/used-bikes/search/-/,,,
Honda CG 125  2026  for Sale,https://www.pakwheels.com/used-bikes/honda-cg-125-2026-for-sale-in-sialkot-1007045,PKR 2.4 lacs,2026,347 km,,,4 Stroke,Sialkot,Individual,main_ad_1007045,4 Stroke,4/23/2026 0:08,used-bike,https://www.pakwheels.com/used-bikes/search/-/,,,
Honda CG 125  2026  for Sale,https://www.pakwheels.com/used-bikes/honda-cg-125-2026-for-sale-in-rawalpindi-1007043,PKR 2.17 lacs,2026,"6,000 km",,,4 Stroke,Rawalpindi,Individual,main_ad_1007043,4 Stroke,4/23/2026 0:08,used-bike,https://www.pakwheels.com/used-bikes/search/-/,,,
Super Power Sultan SP 250  2022  for Sale,https://www.pakwheels.com/used-bikes/super-power-sultan-sp-250-2022-for-sale-in-karachi-1007040,PKR 3.75 lacs,2022,"50,000 km",,,4 Stroke,Karachi,Individual,main_ad_1007040,4 Stroke,4/23/2026 0:08,used-bike,https://www.pakwheels.com/used-bikes/search/-/,,,
Honda CG 125 Deluxe  2017  for Sale,https://www.pakwheels.com/used-bikes/honda-cg-125-deluxe-2017-for-sale-in-muzaffarabad-1007039,PKR 1.8 lacs,2017,"18,000 km",,,2 Stroke,Muzaffarabad,Individual,main_ad_1007039,2 Stroke,4/23/2026 0:08,used-bike,https://www.pakwheels.com/used-bikes/search/-/,,,
Honda CG 125  2022  for Sale,https://www.pakwheels.com/used-bikes/honda-cg-125-2022-for-sale-in-rawalpindi-1007038,PKR 1.9 lacs,2022,"21,000 km",,,4 Stroke,Rawalpindi,Individual,main_ad_1007038,4 Stroke,4/23/2026 0:08,used-bike,https://www.pakwheels.com/used-bikes/search/-/,,,
Suzuki GD 110S  2023  for Sale,https://www.pakwheels.com/used-bikes/suzuki-gd-110s-2023-for-sale-in-karachi-1007037,PKR 2.9 lacs,2023,"21,931 km",,,4 Stroke,Karachi,Individual,main_ad_1007037,4 Stroke,4/23/2026 0:08,used-bike,https://www.pakwheels.com/used-bikes/search/-/,,,
Honda CG 125  2026  for Sale,https://www.pakwheels.com/used-bikes/honda-cg-125-2026-for-sale-in-bahawalpur-1007036,PKR 2.54 lacs,2026,1 km,,,4 Stroke,Bahawalpur,Individual,main_ad_1007036,4 Stroke,4/23/2026 0:08,used-bike,https://www.pakwheels.com/used-bikes/search/-/,,,
Yamaha YBR 125G  2019  for Sale,https://www.pakwheels.com/used-bikes/yamaha-ybr-125g-2019-for-sale-in-multan-1007035,PKR 3 lacs,2019,"39,000 km",,,4 Stroke,Multan,Individual,main_ad_1007035,4 Stroke,4/23/2026 0:08,used-bike,https://www.pakwheels.com/used-bikes/search/-/,,,
Honda CB 150F  2017  for Sale,https://www.pakwheels.com/used-bikes/honda-cb-150f-2017-for-sale-in-multan-1007034,PKR 2.8 lacs,2017,"100,000 km",,,4 Stroke,Multan,Individual,main_ad_1007034,4 Stroke,4/23/2026 0:08,used-bike,https://www.pakwheels.com/used-bikes/search/-/,,,
Voge DS525X  2026  for Sale,https://www.pakwheels.com/used-bikes/voge-ds525x-2026-for-sale-in-lahore-972972,PKR 26.69 lacs,2026,2 km,,,4 Stroke,Lahore,Individual,main_ad_972972,4 Stroke,4/23/2026 0:09,used-bike,https://www.pakwheels.com/used-bikes/search/-/,,,
Voge DS525X  2026  for Sale,https://www.pakwheels.com/used-bikes/voge-ds525x-2026-for-sale-in-lahore-972970,PKR 29.45 lacs,2026,2 km,,,4 Stroke,Lahore,Individual,main_ad_972970,4 Stroke,4/23/2026 0:09,used-bike,https://www.pakwheels.com/used-bikes/search/-/,,,
Voge RR660S  2026  for Sale,https://www.pakwheels.com/used-bikes/voge-rr660s-2026-for-sale-in-lahore-972968,PKR 36.25 lacs,2026,2 km,,,4 Stroke,Lahore,Individual,main_ad_972968,4 Stroke,4/23/2026 0:09,used-bike,https://www.pakwheels.com/used-bikes/search/-/,,,
Shelby CAFE RACER 200  2022  for Sale,https://www.pakwheels.com/used-bikes/shelby-cafe-racer-200-2022-for-sale-in-lahore-973717,PKR 2.6 lacs,2022,"6,000 km",,,4 Stroke,Lahore,Individual,main_ad_973717,4 Stroke,4/23/2026 0:09,used-bike,https://www.pakwheels.com/used-bikes/search/-/,,,
Hi Speed Infinity 150  2026  for Sale,https://www.pakwheels.com/used-bikes/hi-speed-infinity-150-2026-for-sale-in-lahore-978246,PKR 3 lacs,2026,2 km,,,4 Stroke,Lahore,Individual,main_ad_978246,4 Stroke,4/23/2026 0:09,used-bike,https://www.pakwheels.com/used-bikes/search/-/,,,
OW S1000RR 250cc  2026  for Sale,https://www.pakwheels.com/used-bikes/ow-s1000rr-250cc-2026-for-sale-in-lahore-955066,PKR 6.7 lacs,2026,2 km,,,4 Stroke,Lahore,Individual,main_ad_955066,4 Stroke,4/23/2026 0:09,used-bike,https://www.pakwheels.com/used-bikes/search/-/,,,
Lifan 250  2023  for Sale,https://www.pakwheels.com/used-bikes/lifan-250-2023-for-sale-in-lahore-955063,PKR 7.5 lacs,2023,"7,000 km",,,4 Stroke,Lahore,Individual,main_ad_955063,4 Stroke,4/23/2026 0:09,used-bike,https://www.pakwheels.com/used-bikes/search/-/,,,
Zongshen 300  2026  for Sale,https://www.pakwheels.com/used-bikes/zongshen-300-2026-for-sale-in-lahore-955071,PKR 13 lacs,2026,2 km,,,4 Stroke,Lahore,Individual,main_ad_955071,4 Stroke,4/23/2026 0:09,used-bike,https://www.pakwheels.com/used-bikes/search/-/,,,
Voge CU250  2026  for Sale,https://www.pakwheels.com/used-bikes/voge-cu250-2026-for-sale-in-lahore-955069,PKR 17.95 lacs,2026,2 km,,,4 Stroke,Lahore,Individual,main_ad_955069,4 Stroke,4/23/2026 0:09,used-bike,https://www.pakwheels.com/used-bikes/search/-/,,,
Voge CU525  2026  for Sale,https://www.pakwheels.com/used-bikes/voge-cu525-2026-for-sale-in-lahore-955068,PKR 25.95 lacs,2026,2 km,,,4 Stroke,Lahore,Individual,main_ad_955068,4 Stroke,4/23/2026 0:09,used-bike,https://www.pakwheels.com/used-bikes/search/-/,,,
Loncin GP 400  2026  for Sale,https://www.pakwheels.com/used-bikes/loncin-gp-400-2026-for-sale-in-lahore-955414,PKR 14.8 lacs,2026,2 km,,,4 Stroke,Lahore,Individual,main_ad_955414,4 Stroke,4/23/2026 0:09,used-bike,https://www.pakwheels.com/used-bikes/search/-/,,,
Suzuki GD 110S  2024  for Sale,https://www.pakwheels.com/used-bikes/suzuki-gd-110s-2024-for-sale-in-multan-1000336,PKR 3.55 lacs,2024,"6,400 km",,,4 Stroke,Multan,Individual,main_ad_1000336,4 Stroke,4/23/2026 0:09,used-bike,https://www.pakwheels.com/used-bikes/search/-/,,,
Suzuki GS 150  2024  for Sale,https://www.pakwheels.com/used-bikes/suzuki-gs-150-2024-for-sale-in-raiwind-1007033,PKR 3.5 lacs,2024,"25,000 km",,,4 Stroke,Raiwind,Individual,main_ad_1007033,4 Stroke,4/23/2026 0:09,used-bike,https://www.pakwheels.com/used-bikes/search/-/,,,
Yamaha YBR 125  2015  for Sale,https://www.pakwheels.com/used-bikes/yamaha-ybr-125-2015-for-sale-in-rawalpindi-1007032,PKR 2.05 lacs,2015,"10,000 km",,,2 Stroke,Rawalpindi,Individual,main_ad_1007032,2 Stroke,4/23/2026 0:09,used-bike,https://www.pakwheels.com/used-bikes/search/-/,,,
Honda CG 125  2025  for Sale,https://www.pakwheels.com/used-bikes/honda-cg-125-2025-for-sale-in-peshawar-1007030,PKR 2.17 lacs,2025,"3,000 km",,,4 Stroke,Peshawar,Individual,main_ad_1007030,4 Stroke,4/23/2026 0:09,used-bike,https://www.pakwheels.com/used-bikes/search/-/,,,
Harley Davidson Ultra Classic Electra Glide  2024  for Sale,https://www.pakwheels.com/used-bikes/harley-davidson-ultra-classic-electra-glide-2024-for-sale-in-kohat-1007031,PKR 1.1 lacs,2024,50 km,,,Electric,Kohat,Individual,main_ad_1007031,Electric,4/23/2026 0:09,used-bike,https://www.pakwheels.com/used-bikes/search/-/,,,
Honda Pridor  2025  for Sale,https://www.pakwheels.com/used-bikes/honda-pridor-2025-for-sale-in-sahiwal-1007029,PKR 2.06 lacs,2025,"6,000 km",,,4 Stroke,Sahiwal,Individual,main_ad_1007029,4 Stroke,4/23/2026 0:09,used-bike,https://www.pakwheels.com/used-bikes/search/-/,,,
Honda CG 125  2014  for Sale,https://www.pakwheels.com/used-bikes/honda-cg-125-2014-for-sale-in-rawalpindi-1007027,PKR 1.2 lacs,2014,"99,999 km",,,4 Stroke,Rawalpindi,Individual,main_ad_1007027,4 Stroke,4/23/2026 0:09,used-bike,https://www.pakwheels.com/used-bikes/search/-/,,,
Honda CD 70  2021  for Sale,https://www.pakwheels.com/used-bikes/honda-cd-70-2021-for-sale-in-depal-pur-1007025,PKR 1.07 lacs,2021,"30,000 km",,,4 Stroke,Depal pur,Individual,main_ad_1007025,4 Stroke,4/23/2026 0:09,used-bike,https://www.pakwheels.com/used-bikes/search/-/,,,
Honda CG 125  2026  for Sale,https://www.pakwheels.com/used-bikes/honda-cg-125-2026-for-sale-in-lahore-1007024,PKR 2.37 lacs,2026,"3,000 km",,,4 Stroke,Lahore,Individual,main_ad_1007024,4 Stroke,4/23/2026 0:09,used-bike,https://www.pakwheels.com/used-bikes/search/-/,,,
Super Power SP 70  2022  for Sale,https://www.pakwheels.com/used-bikes/super-power-sp-70-2022-for-sale-in-karachi-1007022,"PKR 60,000",2022,"5,000 km",,,4 Stroke,Karachi,Individual,main_ad_1007022,4 Stroke,4/23/2026 0:09,used-bike,https://www.pakwheels.com/used-bikes/search/-/,,,
Honda CD 70  2021  for Sale,https://www.pakwheels.com/used-bikes/honda-cd-70-2021-for-sale-in-taxila-1007021,PKR 1.3 lacs,2021,"50,000 km",,,4 Stroke,Taxila,Individual,main_ad_1007021,4 Stroke,4/23/2026 0:09,used-bike,https://www.pakwheels.com/used-bikes/search/-/,,,
Honda CD 70  2025  for Sale,https://www.pakwheels.com/used-bikes/honda-cd-70-2025-for-sale-in-multan-1007020,PKR 1.5 lacs,2025,"3,500 km",,,4 Stroke,Multan,Individual,main_ad_1007020,4 Stroke,4/23/2026 0:09,used-bike,https://www.pakwheels.com/used-bikes/search/-/,,,
Union Star US 70cc  2022  for Sale,https://www.pakwheels.com/used-bikes/union-star-us-70cc-2022-for-sale-in-shikar-pur-1007018,"PKR 72,000",2022,"25,000 km",,,2 Stroke,Shikar pur,Individual,main_ad_1007018,2 Stroke,4/23/2026 0:09,used-bike,https://www.pakwheels.com/used-bikes/search/-/,,,
Honda CG 125  2025  for Sale,https://www.pakwheels.com/used-bikes/honda-cg-125-2025-for-sale-in-faisalabad-1007019,PKR 2.25 lacs,2025,"50,000 km",,,4 Stroke,Faisalabad,Individual,main_ad_1007019,4 Stroke,4/23/2026 0:09,used-bike,https://www.pakwheels.com/used-bikes/search/-/,,,
Honda Pridor  2021  for Sale,https://www.pakwheels.com/used-bikes/honda-pridor-2021-for-sale-in-jhelum-1007017,PKR 1.35 lacs,2021,"20,000 km",,,4 Stroke,Jhelum,Individual,main_ad_1007017,4 Stroke,4/23/2026 0:09,used-bike,https://www.pakwheels.com/used-bikes/search/-/,,,
Suzuki GR 150  2025  for Sale,https://www.pakwheels.com/used-bikes/suzuki-gr-150-2025-for-sale-in-peshawar-1007015,PKR 4.8 lacs,2025,"1,200 km",,,4 Stroke,Peshawar,Individual,main_ad_1007015,4 Stroke,4/23/2026 0:09,used-bike,https://www.pakwheels.com/used-bikes/search/-/,,,
Honda CB 150F  2023  for Sale,https://www.pakwheels.com/used-bikes/honda-cb-150f-2023-for-sale-in-lahore-1007016,PKR 4.35 lacs,2023,"12,170 km",,,4 Stroke,Lahore,Individual,main_ad_1007016,4 Stroke,4/23/2026 0:09,used-bike,https://www.pakwheels.com/used-bikes/search/-/,,,
OW S1000RR 400cc  2025  for Sale,https://www.pakwheels.com/used-bikes/ow-s1000rr-400cc-2025-for-sale-in-faisalabad-1007014,PKR 11.5 lacs,2025,"1,800 km",,,4 Stroke,Faisalabad,Individual,main_ad_1007014,4 Stroke,4/23/2026 0:09,used-bike,https://www.pakwheels.com/used-bikes/search/-/,,,
Yamaha YB 125Z-DX  2025  for Sale,https://www.pakwheels.com/used-bikes/yamaha-yb-125z-dx-2025-for-sale-in-daska-1007013,PKR 3.9 lacs,2025,"7,000 km",,,4 Stroke,Daska,Individual,main_ad_1007013,4 Stroke,4/23/2026 0:09,used-bike,https://www.pakwheels.com/used-bikes/search/-/,,,
Honda CD 100 Euro 2  2025  for Sale,https://www.pakwheels.com/used-bikes/honda-cd-100-euro-2-2025-for-sale-in-faisalabad-1007012,PKR 1.85 lacs,2025,"16,000 km",,,2 Stroke,Faisalabad,Individual,main_ad_1007012,2 Stroke,4/23/2026 0:09,used-bike,https://www.pakwheels.com/used-bikes/search/-/,,,
Honda CD 70  2016  for Sale,https://www.pakwheels.com/used-bikes/honda-cd-70-2016-for-sale-in-rawalpindi-1007011,"PKR 80,000",2016,"75,000 km",,,4 Stroke,Rawalpindi,Individual,main_ad_1007011,4 Stroke,4/23/2026 0:09,used-bike,https://www.pakwheels.com/used-bikes/search/-/,,,
Honda CG 125  2022  for Sale,https://www.pakwheels.com/used-bikes/honda-cg-125-2022-for-sale-in-bhakkar-1007010,PKR 1.5 lacs,2022,"50,000 km",,,4 Stroke,Bhakkar,Individual,main_ad_1007010,4 Stroke,4/23/2026 0:09,used-bike,https://www.pakwheels.com/used-bikes/search/-/,,,
Honda CG 125  2025  for Sale,https://www.pakwheels.com/used-bikes/honda-cg-125-2025-for-sale-in-lahore-1007008,PKR 2.14 lacs,2025,"50,000 km",,,4 Stroke,Lahore,Individual,main_ad_1007008,4 Stroke,4/23/2026 0:09,used-bike,https://www.pakwheels.com/used-bikes/search/-/,,,
Hi Speed Infinity 150  2022  for Sale,https://www.pakwheels.com/used-bikes/hi-speed-infinity-150-2022-for-sale-in-multan-1007007,PKR 3.35 lacs,2022,"13,800 km",,,4 Stroke,Multan,Individual,main_ad_1007007,4 Stroke,4/23/2026 0:09,used-bike,https://www.pakwheels.com/used-bikes/search/-/,,,
Hi Speed CDI SR-70CC EURO-2  2023  for Sale,https://www.pakwheels.com/used-bikes/hi-speed-cdi-sr-70cc-euro-2-2023-for-sale-in-rawalpindi-1007004,"PKR 78,000",2023,"10,000 km",,,4 Stroke,Rawalpindi,Individual,main_ad_1007004,4 Stroke,4/23/2026 0:09,used-bike,https://www.pakwheels.com/used-bikes/search/-/,,,
Honda CG 125  2022  for Sale,https://www.pakwheels.com/used-bikes/honda-cg-125-2022-for-sale-in-lahore-1004189,PKR 1.55 lacs,2022,"17,393 km",,,4 Stroke,Lahore,Individual,main_ad_1004189,4 Stroke,4/23/2026 0:09,used-bike,https://www.pakwheels.com/used-bikes/search/-/,,,
Suzuki GSX-R1000  2017  for Sale,https://www.pakwheels.com/used-bikes/suzuki-gsx-r1000-2017-for-sale-in-lahore-1003948,PKR 63.5 lacs,2017,"4,500 km",,,4 Stroke,Lahore,Individual,main_ad_1003948,4 Stroke,4/23/2026 0:09,used-bike,https://www.pakwheels.com/used-bikes/search/-/,,,
Honda CG 125  2025  for Sale,https://www.pakwheels.com/used-bikes/honda-cg-125-2025-for-sale-in-lahore-1003727,PKR 2.37 lacs,2025,"1,010 km",,,4 Stroke,Lahore,Individual,main_ad_1003727,4 Stroke,4/23/2026 0:09,used-bike,https://www.pakwheels.com/used-bikes/search/-/,,,
Honda CG 125  1989  for Sale,https://www.pakwheels.com/used-bikes/honda-cg-125-1989-for-sale-in-karachi-999173,PKR 3.5 lacs,1989,"54,000 km",,,4 Stroke,Karachi,Individual,main_ad_999173,4 Stroke,4/23/2026 0:09,used-bike,https://www.pakwheels.com/used-bikes/search/-/,,,
Road Prince Bella  2026  for Sale,https://www.pakwheels.com/used-bikes/road-prince-bella-2026-for-sale-in-rawalpindi-1003693,PKR 2.55 lacs,2026,1 km,,,4 Stroke,Rawalpindi,Individual,main_ad_1003693,4 Stroke,4/23/2026 0:09,used-bike,https://www.pakwheels.com/used-bikes/search/-/,,,
Road Prince Bella  2026  for Sale,https://www.pakwheels.com/used-bikes/road-prince-bella-2026-for-sale-in-rawalpindi-1003691,PKR 2.55 lacs,2026,1 km,,,4 Stroke,Rawalpindi,Individual,main_ad_1003691,4 Stroke,4/23/2026 0:09,used-bike,https://www.pakwheels.com/used-bikes/search/-/,,,
Road Prince Bella  2026  for Sale,https://www.pakwheels.com/used-bikes/road-prince-bella-2026-for-sale-in-rawalpindi-1003690,PKR 2.55 lacs,2026,1 km,,,4 Stroke,Rawalpindi,Individual,main_ad_1003690,4 Stroke,4/23/2026 0:09,used-bike,https://www.pakwheels.com/used-bikes/search/-/,,,
Road Prince Bella  2026  for Sale,https://www.pakwheels.com/used-bikes/road-prince-bella-2026-for-sale-in-rawalpindi-1003685,PKR 2.55 lacs,2026,1 km,,,4 Stroke,Rawalpindi,Individual,main_ad_1003685,4 Stroke,4/23/2026 0:09,used-bike,https://www.pakwheels.com/used-bikes/search/-/,,,
Honda CG 150  2026  for Sale,https://www.pakwheels.com/used-bikes/honda-cg-150-2026-for-sale-in-rawalpindi-1003672,PKR 4.6 lacs,2026,1 km,,,4 Stroke,Rawalpindi,Individual,main_ad_1003672,4 Stroke,4/23/2026 0:09,used-bike,https://www.pakwheels.com/used-bikes/search/-/,,,
YJ Future Azadi Pro  2026  for Sale,https://www.pakwheels.com/used-bikes/yj-future-azadi-pro-2026-for-sale-in-rawalpindi-996633,PKR 1.8 lacs,2026,1 km,,,4 Stroke,Rawalpindi,Individual,main_ad_996633,4 Stroke,4/23/2026 0:09,used-bike,https://www.pakwheels.com/used-bikes/search/-/,,,
Honda CB 125F  2026  for Sale,https://www.pakwheels.com/used-bikes/honda-cb-125f-2026-for-sale-in-rawalpindi-1000609,PKR 3.97 lacs,2026,1 km,,,4 Stroke,Rawalpindi,Individual,main_ad_1000609,4 Stroke,4/23/2026 0:09,used-bike,https://www.pakwheels.com/used-bikes/search/-/,,,
Super Star CD 70  2026  for Sale,https://www.pakwheels.com/used-bikes/super-star-cd-70-2026-for-sale-in-rawalpindi-1000612,Call,2026,1 km,,,4 Stroke,Rawalpindi,Individual,main_ad_1000612,4 Stroke,4/23/2026 0:09,used-bike,https://www.pakwheels.com/used-bikes/search/-/,,,
Suzuki GS 150  2013  for Sale,https://www.pakwheels.com/used-bikes/suzuki-gs-150-2013-for-sale-in-islamabad-1007003,PKR 1.8 lacs,2013,"199,999 km",,,4 Stroke,Islamabad,Individual,main_ad_1007003,4 Stroke,4/23/2026 0:09,used-bike,https://www.pakwheels.com/used-bikes/search/-/,,,
Suzuki GS 150 SE  2022  for Sale,https://www.pakwheels.com/used-bikes/suzuki-gs-150-se-2022-for-sale-in-lahore-1007001,PKR 3.8 lacs,2022,"35,000 km",,,4 Stroke,Lahore,Individual,main_ad_1007001,4 Stroke,4/23/2026 0:09,used-bike,https://www.pakwheels.com/used-bikes/search/-/,,,
CF MOTO 450MT  2025  for Sale,https://www.pakwheels.com/used-bikes/cf-moto-450mt-2025-for-sale-in-lahore-1007000,PKR 23 lacs,2025,"2,900 km",,,4 Stroke,Lahore,Individual,main_ad_1007000,4 Stroke,4/23/2026 0:09,used-bike,https://www.pakwheels.com/used-bikes/search/-/,,,
Honda CG 125  2026  for Sale,https://www.pakwheels.com/used-bikes/honda-cg-125-2026-for-sale-in-lahore-1006998,PKR 2.2 lacs,2026,"3,200 km",,,4 Stroke,Lahore,Individual,main_ad_1006998,4 Stroke,4/23/2026 0:09,used-bike,https://www.pakwheels.com/used-bikes/search/-/,,,
Suzuki GD 110  2016  for Sale,https://www.pakwheels.com/used-bikes/suzuki-gd-110-2016-for-sale-in-karachi-1006997,PKR 1.6 lacs,2016,"100,000 km",,,4 Stroke,Karachi,Individual,main_ad_1006997,4 Stroke,4/23/2026 0:09,used-bike,https://www.pakwheels.com/used-bikes/search/-/,,,
Kawasaki Ninja 650R  2015  for Sale,https://www.pakwheels.com/used-bikes/kawasaki-ninja-650r-2015-for-sale-in-gujranwala-1006996,PKR 8 lacs,2015,"4,000 km",,,4 Stroke,Gujranwala,Individual,main_ad_1006996,4 Stroke,4/23/2026 0:09,used-bike,https://www.pakwheels.com/used-bikes/search/-/,,,
United US 70  2022  for Sale,https://www.pakwheels.com/used-bikes/united-us-70-2022-for-sale-in-narowal-1006994,"PKR 55,000",2022,"8,000 km",,,4 Stroke,Narowal,Individual,main_ad_1006994,4 Stroke,4/23/2026 0:09,used-bike,https://www.pakwheels.com/used-bikes/search/-/,,,
Honda CG 125  2025  for Sale,https://www.pakwheels.com/used-bikes/honda-cg-125-2025-for-sale-in-sargodha-1006995,PKR 2.3 lacs,2025,"9,000 km",,,4 Stroke,Sargodha,Individual,main_ad_1006995,4 Stroke,4/23/2026 0:09,used-bike,https://www.pakwheels.com/used-bikes/search/-/,,,
Suzuki GS 150  2022  for Sale,https://www.pakwheels.com/used-bikes/suzuki-gs-150-2022-for-sale-in-lahore-1006993,PKR 3.5 lacs,2022,"15,500 km",,,4 Stroke,Lahore,Individual,main_ad_1006993,4 Stroke,4/23/2026 0:09,used-bike,https://www.pakwheels.com/used-bikes/search/-/,,,
Honda CG 125  2007  for Sale,https://www.pakwheels.com/used-bikes/honda-cg-125-2007-for-sale-in-rawalpindi-1006992,"PKR 65,000",2007,"25,000 km",,,4 Stroke,Rawalpindi,Individual,main_ad_1006992,4 Stroke,4/23/2026 0:09,used-bike,https://www.pakwheels.com/used-bikes/search/-/,,,
Honda CG 125  2011  for Sale,https://www.pakwheels.com/used-bikes/honda-cg-125-2011-for-sale-in-wah-cantt-1006991,PKR 1.5 lacs,2011,"50,000 km",,,4 Stroke,Wah cantt,Individual,main_ad_1006991,4 Stroke,4/23/2026 0:09,used-bike,https://www.pakwheels.com/used-bikes/search/-/,,,
Yamaha Dhoom YD-70  2014  for Sale,https://www.pakwheels.com/used-bikes/yamaha-dhoom-yd-70-2014-for-sale-in-islamabad-1006990,"PKR 38,000",2014,"36,000 km",,,4 Stroke,Islamabad,Individual,main_ad_1006990,4 Stroke,4/23/2026 0:09,used-bike,https://www.pakwheels.com/used-bikes/search/-/,,,
Honda CG 125  2011  for Sale,https://www.pakwheels.com/used-bikes/honda-cg-125-2011-for-sale-in-faisalabad-1006987,PKR 1.2 lacs,2011,"16,000 km",,,2 Stroke,Faisalabad,Individual,main_ad_1006987,2 Stroke,4/23/2026 0:09,used-bike,https://www.pakwheels.com/used-bikes/search/-/,,,
Suzuki GS 150  2025  for Sale,https://www.pakwheels.com/used-bikes/suzuki-gs-150-2025-for-sale-in-lahore-1006989,PKR 3.5 lacs,2025,"10,000 km",,,4 Stroke,Lahore,Individual,main_ad_1006989,4 Stroke,4/23/2026 0:09,used-bike,https://www.pakwheels.com/used-bikes/search/-/,,,
Honda CG 125  2018  for Sale,https://www.pakwheels.com/used-bikes/honda-cg-125-2018-for-sale-in-lahore-1006988,PKR 1.3 lacs,2018,"45,000 km",,,4 Stroke,Lahore,Individual,main_ad_1006988,4 Stroke,4/23/2026 0:09,used-bike,https://www.pakwheels.com/used-bikes/search/-/,,,
Honda CG 125  2023  for Sale,https://www.pakwheels.com/used-bikes/honda-cg-125-2023-for-sale-in-rawalpindi-1006985,PKR 2 lacs,2023,"24,000 km",,,4 Stroke,Rawalpindi,Individual,main_ad_1006985,4 Stroke,4/23/2026 0:09,used-bike,https://www.pakwheels.com/used-bikes/search/-/,,,
Honda CG 125  2022  for Sale,https://www.pakwheels.com/used-bikes/honda-cg-125-2022-for-sale-in-lahore-1006984,PKR 1.8 lacs,2022,"19,000 km",,,4 Stroke,Lahore,Individual,main_ad_1006984,4 Stroke,4/23/2026 0:09,used-bike,https://www.pakwheels.com/used-bikes/search/-/,,,
Road Prince Other  2016  for Sale,https://www.pakwheels.com/used-bikes/road-prince-other-2016-for-sale-in-lahore-1006983,PKR 2.2 lacs,2016,"50,000 km",,,4 Stroke,Lahore,Individual,main_ad_1006983,4 Stroke,4/23/2026 0:09,used-bike,https://www.pakwheels.com/used-bikes/search/-/,,,
Honda CG 125  2021  for Sale,https://www.pakwheels.com/used-bikes/honda-cg-125-2021-for-sale-in-lahore-1006982,PKR 1.35 lacs,2021,"33,500 km",,,4 Stroke,Lahore,Individual,main_ad_1006982,4 Stroke,4/23/2026 0:09,used-bike,https://www.pakwheels.com/used-bikes/search/-/,,,
Union Star US 70cc  2018  for Sale,https://www.pakwheels.com/used-bikes/union-star-us-70cc-2018-for-sale-in-rawalpindi-1006980,"PKR 42,000",2018,"20,000 km",,,4 Stroke,Rawalpindi,Individual,main_ad_1006980,4 Stroke,4/23/2026 0:09,used-bike,https://www.pakwheels.com/used-bikes/search/-/,,,
Suzuki GS 150  2025  for Sale,https://www.pakwheels.com/used-bikes/suzuki-gs-150-2025-for-sale-in-karachi-1006981,PKR 3.9 lacs,2025,"9,000 km",,,4 Stroke,Karachi,Individual,main_ad_1006981,4 Stroke,4/23/2026 0:09,used-bike,https://www.pakwheels.com/used-bikes/search/-/,,,
Suzuki GS 150  2022  for Sale,https://www.pakwheels.com/used-bikes/suzuki-gs-150-2022-for-sale-in-lahore-1006979,PKR 3.2 lacs,2022,"17,340 km",,,4 Stroke,Lahore,Individual,main_ad_1006979,4 Stroke,4/23/2026 0:09,used-bike,https://www.pakwheels.com/used-bikes/search/-/,,,
Super Power Sultan SP 250  2021  for Sale,https://www.pakwheels.com/used-bikes/super-power-sultan-sp-250-2021-for-sale-in-rawalpindi-1006976,PKR 6 lacs,2021,"8,000 km",,,4 Stroke,Rawalpindi,Individual,main_ad_1006976,4 Stroke,4/23/2026 0:09,used-bike,https://www.pakwheels.com/used-bikes/search/-/,,,
Honda CG 125  2022  for Sale,https://www.pakwheels.com/used-bikes/honda-cg-125-2022-for-sale-in-rawalpindi-1001819,PKR 1.75 lacs,2022,"12,000 km",,,4 Stroke,Rawalpindi,Individual,main_ad_1001819,4 Stroke,4/23/2026 0:09,used-bike,https://www.pakwheels.com/used-bikes/search/-/,,,
SAIGE N21  2026  for Sale,https://www.pakwheels.com/used-bikes/saige-n21-2026-for-sale-in-rawalpindi-898715,Call,2026,1 km,,,4 Stroke,Rawalpindi,Individual,main_ad_898715,4 Stroke,4/23/2026 0:09,used-bike,https://www.pakwheels.com/used-bikes/search/-/,,,
Hi Speed Cyclone 250  2026  for Sale,https://www.pakwheels.com/used-bikes/hi-speed-cyclone-250-2026-for-sale-in-rawalpindi-1003663,Call,2026,1 km,,,4 Stroke,Rawalpindi,Individual,main_ad_1003663,4 Stroke,4/23/2026 0:09,used-bike,https://www.pakwheels.com/used-bikes/search/-/,,,
Chinese Bikes OW Ninja 400cc  2026  for Sale,https://www.pakwheels.com/used-bikes/chinese-bikes-ow-ninja-400cc-2026-for-sale-in-rawalpindi-959121,Call,2026,500 km,,,4 Stroke,Rawalpindi,Individual,main_ad_959121,4 Stroke,4/23/2026 0:09,used-bike,https://www.pakwheels.com/used-bikes/search/-/,,,
Super Star 200R  2025  for Sale,https://www.pakwheels.com/used-bikes/super-star-200r-2025-for-sale-in-rawalpindi-980841,Call,2025,121 km,,,4 Stroke,Rawalpindi,Individual,main_ad_980841,4 Stroke,4/23/2026 0:09,used-bike,https://www.pakwheels.com/used-bikes/search/-/,,,
Hi Speed SR 200  2026  for Sale,https://www.pakwheels.com/used-bikes/hi-speed-sr-200-2026-for-sale-in-rawalpindi-984536,PKR 5.45 lacs,2026,1 km,,,4 Stroke,Rawalpindi,Individual,main_ad_984536,4 Stroke,4/23/2026 0:09,used-bike,https://www.pakwheels.com/used-bikes/search/-/,,,
Suzuki GS 150  2023  for Sale,https://www.pakwheels.com/used-bikes/suzuki-gs-150-2023-for-sale-in-karachi-1003600,PKR 3.95 lacs,2023,"1,200 km",,,4 Stroke,Karachi,Individual,main_ad_1003600,4 Stroke,4/23/2026 0:09,used-bike,https://www.pakwheels.com/used-bikes/search/-/,,,
Honda CD 70  2022  for Sale,https://www.pakwheels.com/used-bikes/honda-cd-70-2022-for-sale-in-islamabad-1003425,PKR 1.35 lacs,2022,"21,500 km",,,2 Stroke,Islamabad,Individual,main_ad_1003425,2 Stroke,4/23/2026 0:09,used-bike,https://www.pakwheels.com/used-bikes/search/-/,,,
Suzuki GSX-R600  2013  for Sale,https://www.pakwheels.com/used-bikes/suzuki-gsx-r600-2013-for-sale-in-lahore-1003418,Call,2013,"28,400 km",,,4 Stroke,Lahore,Individual,main_ad_1003418,4 Stroke,4/23/2026 0:09,used-bike,https://www.pakwheels.com/used-bikes/search/-/,,,
Suzuki GD 110  2021  for Sale,https://www.pakwheels.com/used-bikes/suzuki-gd-110-2021-for-sale-in-lahore-990114,PKR 2.8 lacs,2021,"12,000 km",,,4 Stroke,Lahore,Individual,main_ad_990114,4 Stroke,4/23/2026 0:09,used-bike,https://www.pakwheels.com/used-bikes/search/-/,,,
Honda CG 125  2024  for Sale,https://www.pakwheels.com/used-bikes/honda-cg-125-2024-for-sale-in-islamabad-1003385,PKR 2.25 lacs,2024,"3,000 km",,,4 Stroke,Islamabad,Individual,main_ad_1003385,4 Stroke,4/23/2026 0:09,used-bike,https://www.pakwheels.com/used-bikes/search/-/,,,
Kawasaki Ninja ZX-10R  2013  for Sale,https://www.pakwheels.com/used-bikes/kawasaki-ninja-zx-10r-2013-for-sale-in-islamabad-1003336,PKR 43.5 lacs,2013,"24,000 km",,,4 Stroke,Islamabad,Individual,main_ad_1003336,4 Stroke,4/23/2026 0:09,used-bike,https://www.pakwheels.com/used-bikes/search/-/,,,
Honda CD 70  2022  for Sale,https://www.pakwheels.com/used-bikes/honda-cd-70-2022-for-sale-in-karachi-1006977,PKR 1.15 lacs,2022,"28,300 km",,,4 Stroke,Karachi,Individual,main_ad_1006977,4 Stroke,4/23/2026 0:09,used-bike,https://www.pakwheels.com/used-bikes/search/-/,,,
NPTC R1 400CC  2024  for Sale,https://www.pakwheels.com/used-bikes/nptc-r1-400cc-2024-for-sale-in-islamabad-1006975,PKR 10 lacs,2024,310 km,,,4 Stroke,Islamabad,Individual,main_ad_1006975,4 Stroke,4/23/2026 0:09,used-bike,https://www.pakwheels.com/used-bikes/search/-/,,,
Honda CG 125  2022  for Sale,https://www.pakwheels.com/used-bikes/honda-cg-125-2022-for-sale-in-rawalpindi-1006974,PKR 1.68 lacs,2022,"15,000 km",,,4 Stroke,Rawalpindi,Individual,main_ad_1006974,4 Stroke,4/23/2026 0:09,used-bike,https://www.pakwheels.com/used-bikes/search/-/,,,
Honda CD 70  2022  for Sale,https://www.pakwheels.com/used-bikes/honda-cd-70-2022-for-sale-in-lahore-1006973,PKR 1.05 lacs,2022,"20,000 km",,,2 Stroke,Lahore,Individual,main_ad_1006973,2 Stroke,4/23/2026 0:09,used-bike,https://www.pakwheels.com/used-bikes/search/-/,,,
Road Prince 70 Passion Plus  2020  for Sale,https://www.pakwheels.com/used-bikes/road-prince-70-passion-plus-2020-for-sale-in-lahore-1006972,"PKR 63,000",2020,"20,000 km",,,4 Stroke,Lahore,Individual,main_ad_1006972,4 Stroke,4/23/2026 0:09,used-bike,https://www.pakwheels.com/used-bikes/search/-/,,,
Honda CG 125  2022  for Sale,https://www.pakwheels.com/used-bikes/honda-cg-125-2022-for-sale-in-karachi-1006971,PKR 1.1 lacs,2022,"2,022 km",,,2 Stroke,Karachi,Individual,main_ad_1006971,2 Stroke,4/23/2026 0:09,used-bike,https://www.pakwheels.com/used-bikes/search/-/,,,
Honda CD 70  2022  for Sale,https://www.pakwheels.com/used-bikes/honda-cd-70-2022-for-sale-in-lahore-1006970,PKR 1.03 lacs,2022,"14,000 km",,,4 Stroke,Lahore,Individual,main_ad_1006970,4 Stroke,4/23/2026 0:09,used-bike,https://www.pakwheels.com/used-bikes/search/-/,,,
Honda CG 125  2019  for Sale,https://www.pakwheels.com/used-bikes/honda-cg-125-2019-for-sale-in-lahore-1006969,PKR 1.5 lacs,2019,"15,000 km",,,4 Stroke,Lahore,Individual,main_ad_1006969,4 Stroke,4/23/2026 0:09,used-bike,https://www.pakwheels.com/used-bikes/search/-/,,,
DYL Yama 4  2004  for Sale,https://www.pakwheels.com/used-bikes/dyl-yama-4-2004-for-sale-in-karachi-1006968,"PKR 40,000",2004,"35,000 km",,,4 Stroke,Karachi,Individual,main_ad_1006968,4 Stroke,4/23/2026 0:09,used-bike,https://www.pakwheels.com/used-bikes/search/-/,,,
Honda CD 70  2025  for Sale,https://www.pakwheels.com/used-bikes/honda-cd-70-2025-for-sale-in-karachi-1006967,PKR 1.3 lacs,2025,"4,000 km",,,4 Stroke,Karachi,Individual,main_ad_1006967,4 Stroke,4/23/2026 0:09,used-bike,https://www.pakwheels.com/used-bikes/search/-/,,,
Honda CD 70  2023  for Sale,https://www.pakwheels.com/used-bikes/honda-cd-70-2023-for-sale-in-bahawalpur-1006964,PKR 1.67 lacs,2023,"11,000 km",,,4 Stroke,Bahawalpur,Individual,main_ad_1006964,4 Stroke,4/23/2026 0:09,used-bike,https://www.pakwheels.com/used-bikes/search/-/,,,
Honda CG 125 Dream  2014  for Sale,https://www.pakwheels.com/used-bikes/honda-cg-125-dream-2014-for-sale-in-lahore-1006963,PKR 1.4 lacs,2014,"100,000 km",,,4 Stroke,Lahore,Individual,main_ad_1006963,4 Stroke,4/23/2026 0:09,used-bike,https://www.pakwheels.com/used-bikes/search/-/,,,
Honda CG 125  2020  for Sale,https://www.pakwheels.com/used-bikes/honda-cg-125-2020-for-sale-in-islamabad-1006962,PKR 1.8 lacs,2020,"17,000 km",,,4 Stroke,Islamabad,Individual,main_ad_1006962,4 Stroke,4/23/2026 0:09,used-bike,https://www.pakwheels.com/used-bikes/search/-/,,,
Unique Xtreme UD 70  2025  for Sale,https://www.pakwheels.com/used-bikes/unique-xtreme-ud-70-2025-for-sale-in-karachi-1006961,PKR 1.05 lacs,2025,"81,500 km",,,4 Stroke,Karachi,Individual,main_ad_1006961,4 Stroke,4/23/2026 0:09,used-bike,https://www.pakwheels.com/used-bikes/search/-/,,,
Honda CG 125  2021  for Sale,https://www.pakwheels.com/used-bikes/honda-cg-125-2021-for-sale-in-lahore-1006960,PKR 1.33 lacs,2021,"26,000 km",,,4 Stroke,Lahore,Individual,main_ad_1006960,4 Stroke,4/23/2026 0:09,used-bike,https://www.pakwheels.com/used-bikes/search/-/,,,
Super Power SP 70  2018  for Sale,https://www.pakwheels.com/used-bikes/super-power-sp-70-2018-for-sale-in-karachi-1006959,"PKR 50,000",2018,"56,000 km",,,4 Stroke,Karachi,Individual,main_ad_1006959,4 Stroke,4/23/2026 0:09,used-bike,https://www.pakwheels.com/used-bikes/search/-/,,,
Suzuki GS 150  2005  for Sale,https://www.pakwheels.com/used-bikes/suzuki-gs-150-2005-for-sale-in-karachi-1006958,PKR 1.59 lacs,2005,"10,000 km",,,4 Stroke,Karachi,Individual,main_ad_1006958,4 Stroke,4/23/2026 0:09,used-bike,https://www.pakwheels.com/used-bikes/search/-/,,,
Honda CG 125  2000  for Sale,https://www.pakwheels.com/used-bikes/honda-cg-125-2000-for-sale-in-okara-1006956,"PKR 60,000",2000,"95,000 km",,,4 Stroke,Okara,Individual,main_ad_1006956,4 Stroke,4/23/2026 0:09,used-bike,https://www.pakwheels.com/used-bikes/search/-/,,,
Honda CG 125  2025  for Sale,https://www.pakwheels.com/used-bikes/honda-cg-125-2025-for-sale-in-karachi-1006957,PKR 1.99 lacs,2025,"11,500 km",,,4 Stroke,Karachi,Individual,main_ad_1006957,4 Stroke,4/23/2026 0:09,used-bike,https://www.pakwheels.com/used-bikes/search/-/,,,
Honda CG 125  2024  for Sale,https://www.pakwheels.com/used-bikes/honda-cg-125-2024-for-sale-in-lahore-1006955,PKR 1.92 lacs,2024,"50,000 km",,,4 Stroke,Lahore,Individual,main_ad_1006955,4 Stroke,4/23/2026 0:09,used-bike,https://www.pakwheels.com/used-bikes/search/-/,,,
Honda Pridor  2024  for Sale,https://www.pakwheels.com/used-bikes/honda-pridor-2024-for-sale-in-lahore-1006954,PKR 1.8 lacs,2024,"31,000 km",,,4 Stroke,Lahore,Individual,main_ad_1006954,4 Stroke,4/23/2026 0:09,used-bike,https://www.pakwheels.com/used-bikes/search/-/,,,
Jolta Electric Neo Pro  2026  for Sale,https://www.pakwheels.com/used-bikes/jolta-electric-neo-pro-2026-for-sale-in-rawalpindi-1006953,PKR 1.5 lacs,2026,1 km,,,4 Stroke,Rawalpindi,Individual,main_ad_1006953,4 Stroke,4/23/2026 0:09,used-bike,https://www.pakwheels.com/used-bikes/search/-/,,,
Suzuki GS 150  2005  for Sale,https://www.pakwheels.com/used-bikes/suzuki-gs-150-2005-for-sale-in-karachi-1006950,PKR 1.59 lacs,2005,"200,000 km",,,4 Stroke,Karachi,Individual,main_ad_1006950,4 Stroke,4/23/2026 0:09,used-bike,https://www.pakwheels.com/used-bikes/search/-/,,,
Jolta Electric Storm Pro  2026  for Sale,https://www.pakwheels.com/used-bikes/jolta-electric-storm-pro-2026-for-sale-in-rawalpindi-1006951,PKR 1.8 lacs,2026,1 km,,,4 Stroke,Rawalpindi,Individual,main_ad_1006951,4 Stroke,4/23/2026 0:09,used-bike,https://www.pakwheels.com/used-bikes/search/-/,,,
Harley Davidson 1200 Custom  2014  for Sale,https://www.pakwheels.com/used-bikes/harley-davidson-1200-custom-2014-for-sale-in-karachi-992004,PKR 33 lacs,2014,"7,690 km",,,4 Stroke,Karachi,Individual,main_ad_992004,4 Stroke,4/23/2026 0:09,used-bike,https://www.pakwheels.com/used-bikes/search/-/,,,
Harley Davidson Sportster S  2023  for Sale,https://www.pakwheels.com/used-bikes/harley-davidson-sportster-s-2023-for-sale-in-karachi-996027,PKR 75 lacs,2023,"1,100 km",,,4 Stroke,Karachi,Individual,main_ad_996027,4 Stroke,4/23/2026 0:09,used-bike,https://www.pakwheels.com/used-bikes/search/-/,,,
Harley Davidson Road King  2021  for Sale,https://www.pakwheels.com/used-bikes/harley-davidson-road-king-2021-for-sale-in-karachi-1002884,PKR 99 lacs,2021,"14,000 km",,,4 Stroke,Karachi,Individual,main_ad_1002884,4 Stroke,4/23/2026 0:09,used-bike,https://www.pakwheels.com/used-bikes/search/-/,,,
Harley Davidson Nightster  2022  for Sale,https://www.pakwheels.com/used-bikes/harley-davidson-nightster-2022-for-sale-in-karachi-1002893,PKR 65 lacs,2022,"1,800 km",,,4 Stroke,Karachi,Individual,main_ad_1002893,4 Stroke,4/23/2026 0:09,used-bike,https://www.pakwheels.com/used-bikes/search/-/,,,
Harley Davidson Fat Boy  2022  for Sale,https://www.pakwheels.com/used-bikes/harley-davidson-fat-boy-2022-for-sale-in-karachi-1002921,PKR 98 lacs,2022,"8,000 km",,,4 Stroke,Karachi,Individual,main_ad_1002921,4 Stroke,4/23/2026 0:09,used-bike,https://www.pakwheels.com/used-bikes/search/-/,,,
Harley Davidson Other  2015  for Sale,https://www.pakwheels.com/used-bikes/harley-davidson-other-2015-for-sale-in-karachi-1002935,PKR 45 lacs,2015,"7,500 km",,,4 Stroke,Karachi,Individual,main_ad_1002935,4 Stroke,4/23/2026 0:09,used-bike,https://www.pakwheels.com/used-bikes/search/-/,,,
Yamaha YZF-R3  2015  for Sale,https://www.pakwheels.com/used-bikes/yamaha-yzf-r3-2015-for-sale-in-sahiwal-962210,PKR 17 lacs,2015,"14,900 km",,,4 Stroke,Sahiwal,Individual,main_ad_962210,4 Stroke,4/23/2026 0:09,used-bike,https://www.pakwheels.com/used-bikes/search/-/,,,
Honda CG 125  2025  for Sale,https://www.pakwheels.com/used-bikes/honda-cg-125-2025-for-sale-in-islamabad-1003148,PKR 2.3 lacs,2025,"9,500 km",,,4 Stroke,Islamabad,Individual,main_ad_1003148,4 Stroke,4/23/2026 0:09,used-bike,https://www.pakwheels.com/used-bikes/search/-/,,,
NPTC ATV  2024  for Sale,https://www.pakwheels.com/used-bikes/nptc-atv-2024-for-sale-in-islamabad-1003091,PKR 4.5 lacs,2024,600 km,,,4 Stroke,Islamabad,Individual,main_ad_1003091,4 Stroke,4/23/2026 0:09,used-bike,https://www.pakwheels.com/used-bikes/search/-/,,,
Yamaha YBR 125  2018  for Sale,https://www.pakwheels.com/used-bikes/yamaha-ybr-125-2018-for-sale-in-lahore-1003081,PKR 3.1 lacs,2018,"9,000 km",,,4 Stroke,Lahore,Individual,main_ad_1003081,4 Stroke,4/23/2026 0:09,used-bike,https://www.pakwheels.com/used-bikes/search/-/,,,
Taro GP 2  2025  for Sale,https://www.pakwheels.com/used-bikes/taro-gp-2-2025-for-sale-in-rawalpindi-742213,PKR 8.5 lacs,2025,1 km,,,4 Stroke,Rawalpindi,Individual,main_ad_742213,4 Stroke,4/23/2026 0:09,used-bike,https://www.pakwheels.com/used-bikes/search/-/,,,
Hi Speed Cyclone 250  2025  for Sale,https://www.pakwheels.com/used-bikes/hi-speed-cyclone-250-2025-for-sale-in-lahore-678477,PKR 7.5 lacs,2025,1 km,,,4 Stroke,Lahore,Individual,main_ad_678477,4 Stroke,4/23/2026 0:09,used-bike,https://www.pakwheels.com/used-bikes/search/-/,,,
Hi Speed CDI SR-70CC EURO-2  2021  for Sale,https://www.pakwheels.com/used-bikes/hi-speed-cdi-sr-70cc-euro-2-2021-for-sale-in-rawalpindi-1006949,"PKR 65,000",2021,"10,000 km",,,4 Stroke,Rawalpindi,Individual,main_ad_1006949,4 Stroke,4/23/2026 0:09,used-bike,https://www.pakwheels.com/used-bikes/search/-/,,,
Honda CG 125  2026  for Sale,https://www.pakwheels.com/used-bikes/honda-cg-125-2026-for-sale-in-karachi-1006948,PKR 2.4 lacs,2026,"4,000 km",,,4 Stroke,Karachi,Individual,main_ad_1006948,4 Stroke,4/23/2026 0:09,used-bike,https://www.pakwheels.com/used-bikes/search/-/,,,
United US 70  2019  for Sale,https://www.pakwheels.com/used-bikes/united-us-70-2019-for-sale-in-islamabad-1006947,"PKR 52,000",2019,"50,000 km",,,4 Stroke,Islamabad,Individual,main_ad_1006947,4 Stroke,4/23/2026 0:09,used-bike,https://www.pakwheels.com/used-bikes/search/-/,,,
Honda CG 125  2014  for Sale,https://www.pakwheels.com/used-bikes/honda-cg-125-2014-for-sale-in-sahiwal-1006946,PKR 1.1 lacs,2014,"64,500 km",,,4 Stroke,Sahiwal,Individual,main_ad_1006946,4 Stroke,4/23/2026 0:09,used-bike,https://www.pakwheels.com/used-bikes/search/-/,,,
Honda CG 125  2024  for Sale,https://www.pakwheels.com/used-bikes/honda-cg-125-2024-for-sale-in-rawalpindi-1006945,PKR 2 lacs,2024,"6,000 km",,,4 Stroke,Rawalpindi,Individual,main_ad_1006945,4 Stroke,4/23/2026 0:09,used-bike,https://www.pakwheels.com/used-bikes/search/-/,,,
Honda CD 70  2026  for Sale,https://www.pakwheels.com/used-bikes/honda-cd-70-2026-for-sale-in-rawalpindi-1006944,PKR 1.63 lacs,2026,"2,000 km",,,4 Stroke,Rawalpindi,Individual,main_ad_1006944,4 Stroke,4/23/2026 0:09,used-bike,https://www.pakwheels.com/used-bikes/search/-/,,,
Yamaha YB 125Z   2017  for Sale,https://www.pakwheels.com/used-bikes/yamaha-yb-125z-2017-for-sale-in-karachi-1006943,PKR 2.1 lacs,2017,"15,000 km",,,4 Stroke,Karachi,Individual,main_ad_1006943,4 Stroke,4/23/2026 0:09,used-bike,https://www.pakwheels.com/used-bikes/search/-/,,,
United US 70  2025  for Sale,https://www.pakwheels.com/used-bikes/united-us-70-2025-for-sale-in-chitral-1006942,PKR 1.05 lacs,2025,"1,300 km",,,4 Stroke,Chitral,Individual,main_ad_1006942,4 Stroke,4/23/2026 0:09,used-bike,https://www.pakwheels.com/used-bikes/search/-/,,,
Honda CG 125  2025  for Sale,https://www.pakwheels.com/used-bikes/honda-cg-125-2025-for-sale-in-bhakkar-1006941,PKR 2.1 lacs,2025,"11,000 km",,,4 Stroke,Bhakkar,Individual,main_ad_1006941,4 Stroke,4/23/2026 0:09,used-bike,https://www.pakwheels.com/used-bikes/search/-/,,,
Honda CD 70  2014  for Sale,https://www.pakwheels.com/used-bikes/honda-cd-70-2014-for-sale-in-lahore-1006940,"PKR 67,000",2014,"13,000 km",,,4 Stroke,Lahore,Individual,main_ad_1006940,4 Stroke,4/23/2026 0:09,used-bike,https://www.pakwheels.com/used-bikes/search/-/,,,
Honda CG 125  2023  for Sale,https://www.pakwheels.com/used-bikes/honda-cg-125-2023-for-sale-in-wah-cantt-1006938,PKR 2.15 lacs,2023,"5,500 km",,,4 Stroke,Wah cantt,Individual,main_ad_1006938,4 Stroke,4/23/2026 0:09,used-bike,https://www.pakwheels.com/used-bikes/search/-/,,,
Okla Onyx  2026  for Sale,https://www.pakwheels.com/used-bikes/okla-onyx-2026-for-sale-in-vehari-1006937,PKR 1.78 lacs,2026,700 km,,,Electric,Vehari,Individual,main_ad_1006937,Electric,4/23/2026 0:09,used-bike,https://www.pakwheels.com/used-bikes/search/-/,,,
Honda CG 125 Special Edition  2021  for Sale,https://www.pakwheels.com/used-bikes/honda-cg-125-special-edition-2021-for-sale-in-karachi-1006936,PKR 1.75 lacs,2021,"10,000 km",,,4 Stroke,Karachi,Individual,main_ad_1006936,4 Stroke,4/23/2026 0:09,used-bike,https://www.pakwheels.com/used-bikes/search/-/,,,
Honda CG 125  2026  for Sale,https://www.pakwheels.com/used-bikes/honda-cg-125-2026-for-sale-in-lahore-1006935,PKR 2.5 lacs,2026,120 km,,,2 Stroke,Lahore,Individual,main_ad_1006935,2 Stroke,4/23/2026 0:09,used-bike,https://www.pakwheels.com/used-bikes/search/-/,,,
SAIGE N300  2026  for Sale,https://www.pakwheels.com/used-bikes/saige-n300-2026-for-sale-in-rawalpindi-1006934,PKR 2.1 lacs,2026,1 km,,,4 Stroke,Rawalpindi,Individual,main_ad_1006934,4 Stroke,4/23/2026 0:09,used-bike,https://www.pakwheels.com/used-bikes/search/-/,,,
New Asia Ramza F507  2026  for Sale,https://www.pakwheels.com/used-bikes/new-asia-ramza-f507-2026-for-sale-in-rawalpindi-1006933,PKR 2.48 lacs,2026,1 km,,,4 Stroke,Rawalpindi,Individual,main_ad_1006933,4 Stroke,4/23/2026 0:09,used-bike,https://www.pakwheels.com/used-bikes/search/-/,,,
Super Power PK 150 Archi   2017  for Sale,https://www.pakwheels.com/used-bikes/super-power-pk-150-archi-2017-for-sale-in-karachi-1006931,PKR 1.7 lacs,2017,"80,000 km",,,4 Stroke,Karachi,Individual,main_ad_1006931,4 Stroke,4/23/2026 0:09,used-bike,https://www.pakwheels.com/used-bikes/search/-/,,,
Asia Hero  125cc Self Start  2011  for Sale,https://www.pakwheels.com/used-bikes/asia-hero-125cc-self-start-2011-for-sale-in-lahore-1006932,PKR 2.35 lacs,2011,100 km,,,4 Stroke,Lahore,Individual,main_ad_1006932,4 Stroke,4/23/2026 0:09,used-bike,https://www.pakwheels.com/used-bikes/search/-/,,,
Metro MR-70 Limited Edition  2025  for Sale,https://www.pakwheels.com/used-bikes/metro-mr-70-limited-edition-2025-for-sale-in-rawalpindi-1006929,PKR 2.7 lacs,2025,"2,500 km",,,Electric,Rawalpindi,Individual,main_ad_1006929,Electric,4/23/2026 0:09,used-bike,https://www.pakwheels.com/used-bikes/search/-/,,,
Honda CG 125 Special Edition  2025  for Sale,https://www.pakwheels.com/used-bikes/honda-cg-125-special-edition-2025-for-sale-in-lahore-1006928,PKR 2.65 lacs,2025,"6,000 km",,,4 Stroke,Lahore,Individual,main_ad_1006928,4 Stroke,4/23/2026 0:09,used-bike,https://www.pakwheels.com/used-bikes/search/-/,,,
Yamaha YBR 125  2020  for Sale,https://www.pakwheels.com/used-bikes/yamaha-ybr-125-2020-for-sale-in-rahim-yar-khan-1006927,PKR 3.5 lacs,2020,"12,000 km",,,2 Stroke,Rahim Yar Khan,Individual,main_ad_1006927,2 Stroke,4/23/2026 0:09,used-bike,https://www.pakwheels.com/used-bikes/search/-/,,,
Honda CD 70  2026  for Sale,https://www.pakwheels.com/used-bikes/honda-cd-70-2026-for-sale-in-islamabad-1006926,PKR 1.57 lacs,2026,"2,788 km",,,4 Stroke,Islamabad,Individual,main_ad_1006926,4 Stroke,4/23/2026 0:09,used-bike,https://www.pakwheels.com/used-bikes/search/-/,,,
Honda CG 125  2020  for Sale,https://www.pakwheels.com/used-bikes/honda-cg-125-2020-for-sale-in-lahore-1006925,PKR 1.55 lacs,2020,"69,900 km",,,4 Stroke,Lahore,Individual,main_ad_1006925,4 Stroke,4/23/2026 0:09,used-bike,https://www.pakwheels.com/used-bikes/search/-/,,,
Suzuki GD 110S  2021  for Sale,https://www.pakwheels.com/used-bikes/suzuki-gd-110s-2021-for-sale-in-multan-1006924,PKR 2.6 lacs,2021,"37,000 km",,,4 Stroke,Multan,Individual,main_ad_1006924,4 Stroke,4/23/2026 0:09,used-bike,https://www.pakwheels.com/used-bikes/search/-/,,,
Honda CG 125  2023  for Sale,https://www.pakwheels.com/used-bikes/honda-cg-125-2023-for-sale-in-daska-1006923,PKR 1.65 lacs,2023,"15,000 km",,,4 Stroke,Daska,Individual,main_ad_1006923,4 Stroke,4/23/2026 0:09,used-bike,https://www.pakwheels.com/used-bikes/search/-/,,,
Lifan V16S  2024  for Sale,https://www.pakwheels.com/used-bikes/lifan-v16s-2024-for-sale-in-rawalpindi-652233,PKR 13.75 lacs,2024,1 km,,,4 Stroke,Rawalpindi,Individual,main_ad_652233,4 Stroke,4/23/2026 0:10,used-bike,https://www.pakwheels.com/used-bikes/search/-/,,,
Hi Speed Infinity 150  2025  for Sale,https://www.pakwheels.com/used-bikes/hi-speed-infinity-150-2025-for-sale-in-lahore-678476,PKR 4.3 lacs,2025,1 km,,,4 Stroke,Lahore,Individual,main_ad_678476,4 Stroke,4/23/2026 0:10,used-bike,https://www.pakwheels.com/used-bikes/search/-/,,,
Taro GP1 250 SR  2026  for Sale,https://www.pakwheels.com/used-bikes/taro-gp1-250-sr-2026-for-sale-in-lahore-932827,PKR 8.75 lacs,2026,1 km,,,4 Stroke,Lahore,Individual,main_ad_932827,4 Stroke,4/23/2026 0:10,used-bike,https://www.pakwheels.com/used-bikes/search/-/,,,
Taro C6 250SR  2026  for Sale,https://www.pakwheels.com/used-bikes/taro-c6-250sr-2026-for-sale-in-lahore-932826,PKR 7.75 lacs,2026,1 km,,,4 Stroke,Lahore,Individual,main_ad_932826,4 Stroke,4/23/2026 0:10,used-bike,https://www.pakwheels.com/used-bikes/search/-/,,,
Taro C6 250SR  2026  for Sale,https://www.pakwheels.com/used-bikes/taro-c6-250sr-2026-for-sale-in-lahore-1003041,PKR 7.75 lacs,2026,1 km,,,4 Stroke,Lahore,Individual,main_ad_1003041,4 Stroke,4/23/2026 0:10,used-bike,https://www.pakwheels.com/used-bikes/search/-/,,,
Lifan KPT 250  2026  for Sale,https://www.pakwheels.com/used-bikes/lifan-kpt-250-2026-for-sale-in-lahore-1003035,PKR 11.25 lacs,2026,1 km,,,4 Stroke,Lahore,Individual,main_ad_1003035,4 Stroke,4/23/2026 0:10,used-bike,https://www.pakwheels.com/used-bikes/search/-/,,,
Lifan KPS 250  2026  for Sale,https://www.pakwheels.com/used-bikes/lifan-kps-250-2026-for-sale-in-lahore-1003028,PKR 8.95 lacs,2026,1 km,,,4 Stroke,Lahore,Individual,main_ad_1003028,4 Stroke,4/23/2026 0:10,used-bike,https://www.pakwheels.com/used-bikes/search/-/,,,
Lifan KPT 400  2026  for Sale,https://www.pakwheels.com/used-bikes/lifan-kpt-400-2026-for-sale-in-lahore-1003023,PKR 17.75 lacs,2026,1 km,,,4 Stroke,Lahore,Individual,main_ad_1003023,4 Stroke,4/23/2026 0:10,used-bike,https://www.pakwheels.com/used-bikes/search/-/,,,
Super Power SP 70  2026  for Sale,https://www.pakwheels.com/used-bikes/super-power-sp-70-2026-for-sale-in-karachi-992721,PKR 1.14 lacs,2026,1 km,,,4 Stroke,Karachi,Individual,main_ad_992721,4 Stroke,4/23/2026 0:10,used-bike,https://www.pakwheels.com/used-bikes/search/-/,,,
BMW S1000RR  2013  for Sale,https://www.pakwheels.com/used-bikes/bmw-s1000rr-2013-for-sale-in-lahore-981142,Call,2013,"22,000 km",,,4 Stroke,Lahore,Individual,main_ad_981142,4 Stroke,4/23/2026 0:10,used-bike,https://www.pakwheels.com/used-bikes/search/-/,,,
Kawasaki Ninja ZX300  2025  for Sale,https://www.pakwheels.com/used-bikes/kawasaki-ninja-zx300-2025-for-sale-in-lahore-994320,PKR 5.75 lacs,2025,"2,700 km",,,2 Stroke,Lahore,Individual,main_ad_994320,2 Stroke,4/23/2026 0:10,used-bike,https://www.pakwheels.com/used-bikes/search/-/,,,
Honda CG 125  2023  for Sale,https://www.pakwheels.com/used-bikes/honda-cg-125-2023-for-sale-in-islamabad-1001331,PKR 1.9 lacs,2023,"25,000 km",,,4 Stroke,Islamabad,Individual,main_ad_1001331,4 Stroke,4/23/2026 0:10,used-bike,https://www.pakwheels.com/used-bikes/search/-/,,,
Honda CG 125  2022  for Sale,https://www.pakwheels.com/used-bikes/honda-cg-125-2022-for-sale-in-multan-1006922,PKR 1.61 lacs,2022,"25,520 km",,,4 Stroke,Multan,Individual,main_ad_1006922,4 Stroke,4/23/2026 0:10,used-bike,https://www.pakwheels.com/used-bikes/search/-/,,,
Honda CG 125  2026  for Sale,https://www.pakwheels.com/used-bikes/honda-cg-125-2026-for-sale-in-islamabad-1006921,PKR 2.45 lacs,2026,"3,000 km",,,4 Stroke,Islamabad,Individual,main_ad_1006921,4 Stroke,4/23/2026 0:10,used-bike,https://www.pakwheels.com/used-bikes/search/-/,,,
Hero RF 70  2012  for Sale,https://www.pakwheels.com/used-bikes/hero-rf-70-2012-for-sale-in-multan-1006920,"PKR 58,000",2012,"1,000 km",,,2 Stroke,Multan,Individual,main_ad_1006920,2 Stroke,4/23/2026 0:10,used-bike,https://www.pakwheels.com/used-bikes/search/-/,,,
Metro T9 Pro  2026  for Sale,https://www.pakwheels.com/used-bikes/metro-t9-pro-2026-for-sale-in-rawalpindi-1006919,PKR 2.65 lacs,2026,1 km,,,4 Stroke,Rawalpindi,Individual,main_ad_1006919,4 Stroke,4/23/2026 0:10,used-bike,https://www.pakwheels.com/used-bikes/search/-/,,,
Honda CG 125  2024  for Sale,https://www.pakwheels.com/used-bikes/honda-cg-125-2024-for-sale-in-abbottabad-1006916,PKR 1.9 lacs,2024,"130,000 km",,,4 Stroke,Abbottabad,Individual,main_ad_1006916,4 Stroke,4/23/2026 0:10,used-bike,https://www.pakwheels.com/used-bikes/search/-/,,,
Honda CD 70  2025  for Sale,https://www.pakwheels.com/used-bikes/honda-cd-70-2025-for-sale-in-lahore-1006918,PKR 1.45 lacs,2025,"8,000 km",,,4 Stroke,Lahore,Individual,main_ad_1006918,4 Stroke,4/23/2026 0:10,used-bike,https://www.pakwheels.com/used-bikes/search/-/,,,
Metro T9 Sport  2026  for Sale,https://www.pakwheels.com/used-bikes/metro-t9-sport-2026-for-sale-in-rawalpindi-1006917,PKR 1.8 lacs,2026,1 km,,,4 Stroke,Rawalpindi,Individual,main_ad_1006917,4 Stroke,4/23/2026 0:10,used-bike,https://www.pakwheels.com/used-bikes/search/-/,,,
Honda CG 125  2026  for Sale,https://www.pakwheels.com/used-bikes/honda-cg-125-2026-for-sale-in-lahore-1006915,PKR 2.5 lacs,2026,30 km,,,4 Stroke,Lahore,Individual,main_ad_1006915,4 Stroke,4/23/2026 0:10,used-bike,https://www.pakwheels.com/used-bikes/search/-/,,,
Honda CD 70  2022  for Sale,https://www.pakwheels.com/used-bikes/honda-cd-70-2022-for-sale-in-lahore-1006914,PKR 1.05 lacs,2022,"14,000 km",,,4 Stroke,Lahore,Individual,main_ad_1006914,4 Stroke,4/23/2026 0:10,used-bike,https://www.pakwheels.com/used-bikes/search/-/,,,
Honda CG 125  2024  for Sale,https://www.pakwheels.com/used-bikes/honda-cg-125-2024-for-sale-in-karachi-1006913,PKR 1.9 lacs,2024,"2,000 km",,,4 Stroke,Karachi,Individual,main_ad_1006913,4 Stroke,4/23/2026 0:10,used-bike,https://www.pakwheels.com/used-bikes/search/-/,,,
Honda CG 125  2022  for Sale,https://www.pakwheels.com/used-bikes/honda-cg-125-2022-for-sale-in-depal-pur-1006908,PKR 1.8 lacs,2022,"5,000 km",,,4 Stroke,Depal pur,Individual,main_ad_1006908,4 Stroke,4/23/2026 0:10,used-bike,https://www.pakwheels.com/used-bikes/search/-/,,,
Suzuki GS 150  2018  for Sale,https://www.pakwheels.com/used-bikes/suzuki-gs-150-2018-for-sale-in-karachi-1006912,PKR 1.95 lacs,2018,"50,000 km",,,4 Stroke,Karachi,Individual,main_ad_1006912,4 Stroke,4/23/2026 0:10,used-bike,https://www.pakwheels.com/used-bikes/search/-/,,,
Honda CB 150F  2025  for Sale,https://www.pakwheels.com/used-bikes/honda-cb-150f-2025-for-sale-in-lahore-1006909,PKR 4.8 lacs,2025,"5,200 km",,,4 Stroke,Lahore,Individual,main_ad_1006909,4 Stroke,4/23/2026 0:10,used-bike,https://www.pakwheels.com/used-bikes/search/-/,,,
Suzuki GS 150 SE  2022  for Sale,https://www.pakwheels.com/used-bikes/suzuki-gs-150-se-2022-for-sale-in-karachi-1006911,PKR 3.85 lacs,2022,"50,000 km",,,4 Stroke,Karachi,Individual,main_ad_1006911,4 Stroke,4/23/2026 0:10,used-bike,https://www.pakwheels.com/used-bikes/search/-/,,,
United US 70  2017  for Sale,https://www.pakwheels.com/used-bikes/united-us-70-2017-for-sale-in-lahore-1006910,"PKR 50,000",2017,"100,000 km",,,4 Stroke,Lahore,Individual,main_ad_1006910,4 Stroke,4/23/2026 0:10,used-bike,https://www.pakwheels.com/used-bikes/search/-/,,,
Suzuki GD 110S  2016  for Sale,https://www.pakwheels.com/used-bikes/suzuki-gd-110s-2016-for-sale-in-karachi-1006904,PKR 1.75 lacs,2016,"49,000 km",,,4 Stroke,Karachi,Individual,main_ad_1006904,4 Stroke,4/23/2026 0:10,used-bike,https://www.pakwheels.com/used-bikes/search/-/,,,
Suzuki GSX 125  2023  for Sale,https://www.pakwheels.com/used-bikes/suzuki-gsx-125-2023-for-sale-in-sargodha-1006905,PKR 4.15 lacs,2023,"12,000 km",,,4 Stroke,Sargodha,Individual,main_ad_1006905,4 Stroke,4/23/2026 0:10,used-bike,https://www.pakwheels.com/used-bikes/search/-/,,,
Honda CD-100  2026  for Sale,https://www.pakwheels.com/used-bikes/honda-cd-100-2026-for-sale-in-faisalabad-1006903,PKR 2.12 lacs,2026,"1,000 km",,,4 Stroke,Faisalabad,Individual,main_ad_1006903,4 Stroke,4/23/2026 0:10,used-bike,https://www.pakwheels.com/used-bikes/search/-/,,,
Suzuki GS 150  2012  for Sale,https://www.pakwheels.com/used-bikes/suzuki-gs-150-2012-for-sale-in-karachi-1006902,PKR 1.75 lacs,2012,"50,000 km",,,4 Stroke,Karachi,Individual,main_ad_1006902,4 Stroke,4/23/2026 0:10,used-bike,https://www.pakwheels.com/used-bikes/search/-/,,,
Honda CD 70  1993  for Sale,https://www.pakwheels.com/used-bikes/honda-cd-70-1993-for-sale-in-lahore-1006901,"PKR 28,500",1993,"500,000 km",,,2 Stroke,Lahore,Individual,main_ad_1006901,2 Stroke,4/23/2026 0:10,used-bike,https://www.pakwheels.com/used-bikes/search/-/,,,
Kawasaki GTO 125  1990  for Sale,https://www.pakwheels.com/used-bikes/kawasaki-gto-125-1990-for-sale-in-rawalpindi-1006900,PKR 3.45 lacs,1990,"25,000 km",,,2 Stroke,Rawalpindi,Individual,main_ad_1006900,2 Stroke,4/23/2026 0:10,used-bike,https://www.pakwheels.com/used-bikes/search/-/,,,
Suzuki GS 150 SE  2018  for Sale,https://www.pakwheels.com/used-bikes/suzuki-gs-150-se-2018-for-sale-in-karachi-1006899,PKR 2.54 lacs,2018,"50,000 km",,,4 Stroke,Karachi,Individual,main_ad_1006899,4 Stroke,4/23/2026 0:10,used-bike,https://www.pakwheels.com/used-bikes/search/-/,,,
Unique UD 70  2010  for Sale,https://www.pakwheels.com/used-bikes/unique-ud-70-2010-for-sale-in-karachi-1006898,"PKR 39,999",2010,"1,200 km",,,4 Stroke,Karachi,Individual,main_ad_1006898,4 Stroke,4/23/2026 0:10,used-bike,https://www.pakwheels.com/used-bikes/search/-/,,,
Suzuki GD 110S  2015  for Sale,https://www.pakwheels.com/used-bikes/suzuki-gd-110s-2015-for-sale-in-multan-1006896,PKR 1.28 lacs,2015,"94,000 km",,,4 Stroke,Multan,Individual,main_ad_1006896,4 Stroke,4/23/2026 0:10,used-bike,https://www.pakwheels.com/used-bikes/search/-/,,,
Hi Speed SR 200  2026  for Sale,https://www.pakwheels.com/used-bikes/hi-speed-sr-200-2026-for-sale-in-rawalpindi-1006894,PKR 6.15 lacs,2026,1 km,,,4 Stroke,Rawalpindi,Individual,main_ad_1006894,4 Stroke,4/23/2026 0:10,used-bike,https://www.pakwheels.com/used-bikes/search/-/,,,
Pak Hero PK125  2003  for Sale,https://www.pakwheels.com/used-bikes/pak-hero-pk125-2003-for-sale-in-rawalpindi-1002841,PKR 1.05 lacs,2003,"200,000 km",,,4 Stroke,Rawalpindi,Individual,main_ad_1002841,4 Stroke,4/23/2026 0:10,used-bike,https://www.pakwheels.com/used-bikes/search/-/,,,
Benelli TRK 251  2020  for Sale,https://www.pakwheels.com/used-bikes/benelli-trk-251-2020-for-sale-in-rawalpindi-1002823,PKR 11.6 lacs,2020,"29,000 km",,,4 Stroke,Rawalpindi,Individual,main_ad_1002823,4 Stroke,4/23/2026 0:10,used-bike,https://www.pakwheels.com/used-bikes/search/-/,,,
Honda CB 150F  2019  for Sale,https://www.pakwheels.com/used-bikes/honda-cb-150f-2019-for-sale-in-islamabad-994257,PKR 3.8 lacs,2019,"19,200 km",,,4 Stroke,Islamabad,Individual,main_ad_994257,4 Stroke,4/23/2026 0:10,used-bike,https://www.pakwheels.com/used-bikes/search/-/,,,
Honda CG 150  2025  for Sale,https://www.pakwheels.com/used-bikes/honda-cg-150-2025-for-sale-in-lahore-1002797,PKR 4.1 lacs,2025,"10,000 km",,,4 Stroke,Lahore,Individual,main_ad_1002797,4 Stroke,4/23/2026 0:10,used-bike,https://www.pakwheels.com/used-bikes/search/-/,,,
Honda CG 125  2021  for Sale,https://www.pakwheels.com/used-bikes/honda-cg-125-2021-for-sale-in-rawalpindi-1002773,PKR 1.5 lacs,2021,"22,000 km",,,4 Stroke,Rawalpindi,Individual,main_ad_1002773,4 Stroke,4/23/2026 0:10,used-bike,https://www.pakwheels.com/used-bikes/search/-/,,,
Ezbike Electron  2026  for Sale,https://www.pakwheels.com/used-bikes/ezbike-electron-2026-for-sale-in-karachi-1002753,PKR 5.2 lacs,2026,"4,400 km",,,Electric,Karachi,Individual,main_ad_1002753,Electric,4/23/2026 0:10,used-bike,https://www.pakwheels.com/used-bikes/search/-/,,,
Honda CD 70  2024  for Sale,https://www.pakwheels.com/used-bikes/honda-cd-70-2024-for-sale-in-lahore-1002724,PKR 1.4 lacs,2024,"8,700 km",,,4 Stroke,Lahore,Individual,main_ad_1002724,4 Stroke,4/23/2026 0:10,used-bike,https://www.pakwheels.com/used-bikes/search/-/,,,
Honda CB 150F  2025  for Sale,https://www.pakwheels.com/used-bikes/honda-cb-150f-2025-for-sale-in-islamabad-932967,PKR 6.5 lacs,2025,"3,500 km",,,4 Stroke,Islamabad,Individual,main_ad_932967,4 Stroke,4/23/2026 0:10,used-bike,https://www.pakwheels.com/used-bikes/search/-/,,,
Yamaha YZF-R6  2012  for Sale,https://www.pakwheels.com/used-bikes/yamaha-yzf-r6-2012-for-sale-in-islamabad-1002646,PKR 28.5 lacs,2012,"25,500 km",,,4 Stroke,Islamabad,Individual,main_ad_1002646,4 Stroke,4/23/2026 0:10,used-bike,https://www.pakwheels.com/used-bikes/search/-/,,,
Kawasaki Versys  2022  for Sale,https://www.pakwheels.com/used-bikes/kawasaki-versys-2022-for-sale-in-karachi-1002639,PKR 36 lacs,2022,"4,000 km",,,4 Stroke,Karachi,Individual,main_ad_1002639,4 Stroke,4/23/2026 0:10,used-bike,https://www.pakwheels.com/used-bikes/search/-/,,,
Harley Davidson Street Bob  2022  for Sale,https://www.pakwheels.com/used-bikes/harley-davidson-street-bob-2022-for-sale-in-karachi-1002637,PKR 79 lacs,2022,"1,900 km",,,4 Stroke,Karachi,Individual,main_ad_1002637,4 Stroke,4/23/2026 0:10,used-bike,https://www.pakwheels.com/used-bikes/search/-/,,,
Harley Davidson Sportster S  2023  for Sale,https://www.pakwheels.com/used-bikes/harley-davidson-sportster-s-2023-for-sale-in-karachi-969583,PKR 74 lacs,2023,"8,000 km",,,4 Stroke,Karachi,Individual,main_ad_969583,4 Stroke,4/23/2026 0:10,used-bike,https://www.pakwheels.com/used-bikes/search/-/,,,
Suzuki Hayabusa  2012  for Sale,https://www.pakwheels.com/used-bikes/suzuki-hayabusa-2012-for-sale-in-lahore-1006893,PKR 33.5 lacs,2012,"22,193 km",,,4 Stroke,Lahore,Individual,main_ad_1006893,4 Stroke,4/23/2026 0:10,used-bike,https://www.pakwheels.com/used-bikes/search/-/,,,
Hi Speed CDI SR-70CC EURO-2  2018  for Sale,https://www.pakwheels.com/used-bikes/hi-speed-cdi-sr-70cc-euro-2-2018-for-sale-in-charsadda-1006892,"PKR 70,000",2018,"20,000 km",,,4 Stroke,Charsadda,Individual,main_ad_1006892,4 Stroke,4/23/2026 0:10,used-bike,https://www.pakwheels.com/used-bikes/search/-/,,,
Suzuki GS 150 SE  2022  for Sale,https://www.pakwheels.com/used-bikes/suzuki-gs-150-se-2022-for-sale-in-lahore-1006891,PKR 3.75 lacs,2022,"45,000 km",,,4 Stroke,Lahore,Individual,main_ad_1006891,4 Stroke,4/23/2026 0:10,used-bike,https://www.pakwheels.com/used-bikes/search/-/,,,
Hi Speed RM-i100  2026  for Sale,https://www.pakwheels.com/used-bikes/hi-speed-rm-i100-2026-for-sale-in-rawalpindi-1006890,PKR 2.35 lacs,2026,1 km,,,4 Stroke,Rawalpindi,Individual,main_ad_1006890,4 Stroke,4/23/2026 0:10,used-bike,https://www.pakwheels.com/used-bikes/search/-/,,,
Honda CD 70  2025  for Sale,https://www.pakwheels.com/used-bikes/honda-cd-70-2025-for-sale-in-lahore-1006889,PKR 1.45 lacs,2025,"6,500 km",,,4 Stroke,Lahore,Individual,main_ad_1006889,4 Stroke,4/23/2026 0:10,used-bike,https://www.pakwheels.com/used-bikes/search/-/,,,
United US 70  2020  for Sale,https://www.pakwheels.com/used-bikes/united-us-70-2020-for-sale-in-islamabad-1006888,"PKR 70,000",2020,"40,000 km",,,4 Stroke,Islamabad,Individual,main_ad_1006888,4 Stroke,4/23/2026 0:10,used-bike,https://www.pakwheels.com/used-bikes/search/-/,,,
Honda CG 125  2017  for Sale,https://www.pakwheels.com/used-bikes/honda-cg-125-2017-for-sale-in-karachi-1006887,PKR 1.4 lacs,2017,"60,000 km",,,4 Stroke,Karachi,Individual,main_ad_1006887,4 Stroke,4/23/2026 0:10,used-bike,https://www.pakwheels.com/used-bikes/search/-/,,,
Yamaha YBR 125  2018  for Sale,https://www.pakwheels.com/used-bikes/yamaha-ybr-125-2018-for-sale-in-peshawar-1006886,PKR 3.4 lacs,2018,"30,000 km",,,2 Stroke,Peshawar,Individual,main_ad_1006886,2 Stroke,4/23/2026 0:10,used-bike,https://www.pakwheels.com/used-bikes/search/-/,,,
Honda CG 125  2023  for Sale,https://www.pakwheels.com/used-bikes/honda-cg-125-2023-for-sale-in-islamabad-1006885,PKR 1.95 lacs,2023,"20,000 km",,,4 Stroke,Islamabad,Individual,main_ad_1006885,4 Stroke,4/23/2026 0:10,used-bike,https://www.pakwheels.com/used-bikes/search/-/,,,
Honda CD 70  1990  for Sale,https://www.pakwheels.com/used-bikes/honda-cd-70-1990-for-sale-in-bhalwal-1006884,"PKR 70,000",1990,"200,000 km",,,4 Stroke,Bhalwal,Individual,main_ad_1006884,4 Stroke,4/23/2026 0:10,used-bike,https://www.pakwheels.com/used-bikes/search/-/,,,
Honda CG 125  2025  for Sale,https://www.pakwheels.com/used-bikes/honda-cg-125-2025-for-sale-in-gujranwala-1006883,PKR 2.25 lacs,2025,"6,169 km",,,4 Stroke,Gujranwala,Individual,main_ad_1006883,4 Stroke,4/23/2026 0:10,used-bike,https://www.pakwheels.com/used-bikes/search/-/,,,
Vespa 150cc  1978  for Sale,https://www.pakwheels.com/used-bikes/vespa-150cc-1978-for-sale-in-abbottabad-1006882,"PKR 55,000",1978,"560,000 km",,,4 Stroke,Abbottabad,Individual,main_ad_1006882,4 Stroke,4/23/2026 0:10,used-bike,https://www.pakwheels.com/used-bikes/search/-/,,,
Honda CD 70  2026  for Sale,https://www.pakwheels.com/used-bikes/honda-cd-70-2026-for-sale-in-sheikhupura-1006881,PKR 1.52 lacs,2026,"3,200 km",,,4 Stroke,Sheikhupura,Individual,main_ad_1006881,4 Stroke,4/23/2026 0:10,used-bike,https://www.pakwheels.com/used-bikes/search/-/,,,
Honda CG 125  2022  for Sale,https://www.pakwheels.com/used-bikes/honda-cg-125-2022-for-sale-in-sialkot-1006880,PKR 1.4 lacs,2022,"215,888 km",,,4 Stroke,Sialkot,Individual,main_ad_1006880,4 Stroke,4/23/2026 0:10,used-bike,https://www.pakwheels.com/used-bikes/search/-/,,,
Super Power Other  2019  for Sale,https://www.pakwheels.com/used-bikes/super-power-other-2019-for-sale-in-karachi-1006879,"PKR 51,000",2019,"40,000 km",,,2 Stroke,Karachi,Individual,main_ad_1006879,2 Stroke,4/23/2026 0:10,used-bike,https://www.pakwheels.com/used-bikes/search/-/,,,
Honda Pridor  2014  for Sale,https://www.pakwheels.com/used-bikes/honda-pridor-2014-for-sale-in-rawalpindi-1006878,PKR 1.4 lacs,2014,1 km,,,4 Stroke,Rawalpindi,Individual,main_ad_1006878,4 Stroke,4/23/2026 0:10,used-bike,https://www.pakwheels.com/used-bikes/search/-/,,,
Union Star US 70cc  2026  for Sale,https://www.pakwheels.com/used-bikes/union-star-us-70cc-2026-for-sale-in-rawalpindi-1006877,PKR 1.2 lacs,2026,1 km,,,4 Stroke,Rawalpindi,Individual,main_ad_1006877,4 Stroke,4/23/2026 0:10,used-bike,https://www.pakwheels.com/used-bikes/search/-/,,,
Honda CG 125  2012  for Sale,https://www.pakwheels.com/used-bikes/honda-cg-125-2012-for-sale-in-lahore-1006876,PKR 1.19 lacs,2012,"36,000 km",,,4 Stroke,Lahore,Individual,main_ad_1006876,4 Stroke,4/23/2026 0:10,used-bike,https://www.pakwheels.com/used-bikes/search/-/,,,
Honda CD 70  2021  for Sale,https://www.pakwheels.com/used-bikes/honda-cd-70-2021-for-sale-in-sialkot-1006875,"PKR 95,000",2021,"25,000 km",,,4 Stroke,Sialkot,Individual,main_ad_1006875,4 Stroke,4/23/2026 0:10,used-bike,https://www.pakwheels.com/used-bikes/search/-/,,,
Suzuki GS 150  2022  for Sale,https://www.pakwheels.com/used-bikes/suzuki-gs-150-2022-for-sale-in-karachi-1006874,PKR 3.8 lacs,2022,"27,500 km",,,4 Stroke,Karachi,Individual,main_ad_1006874,4 Stroke,4/23/2026 0:10,used-bike,https://www.pakwheels.com/used-bikes/search/-/,,,
Honda CG 125  2021  for Sale,https://www.pakwheels.com/used-bikes/honda-cg-125-2021-for-sale-in-lahore-1006873,PKR 1.65 lacs,2021,"60,000 km",,,4 Stroke,Lahore,Individual,main_ad_1006873,4 Stroke,4/23/2026 0:10,used-bike,https://www.pakwheels.com/used-bikes/search/-/,,,
Honda CG 125  2024  for Sale,https://www.pakwheels.com/used-bikes/honda-cg-125-2024-for-sale-in-islamabad-1006845,PKR 1.96 lacs,2024,"7,400 km",,,4 Stroke,Islamabad,Individual,main_ad_1006845,4 Stroke,4/23/2026 0:10,used-bike,https://www.pakwheels.com/used-bikes/search/-/,,,
Honda CD 70  2009  for Sale,https://www.pakwheels.com/used-bikes/honda-cd-70-2009-for-sale-in-lahore-1006871,"PKR 40,000",2009,"150,000 km",,,4 Stroke,Lahore,Individual,main_ad_1006871,4 Stroke,4/23/2026 0:10,used-bike,https://www.pakwheels.com/used-bikes/search/-/,,,
Eagle Fire Bolt 100CC  2014  for Sale,https://www.pakwheels.com/used-bikes/eagle-fire-bolt-100cc-2014-for-sale-in-mian-wali-1006872,"PKR 90,000",2014,"20,000 km",,,2 Stroke,Mian Wali,Individual,main_ad_1006872,2 Stroke,4/23/2026 0:10,used-bike,https://www.pakwheels.com/used-bikes/search/-/,,,
Harley Davidson Softail Custom  2023  for Sale,https://www.pakwheels.com/used-bikes/harley-davidson-softail-custom-2023-for-sale-in-karachi-969601,PKR 1.2 crore,2023,"2,000 km",,,4 Stroke,Karachi,Individual,main_ad_969601,4 Stroke,4/23/2026 0:10,used-bike,https://www.pakwheels.com/used-bikes/search/-/,,,
Yamaha Tenere 700  2022  for Sale,https://www.pakwheels.com/used-bikes/yamaha-tenere-700-2022-for-sale-in-karachi-973995,PKR 59 lacs,2022,"8,800 km",,,4 Stroke,Karachi,Individual,main_ad_973995,4 Stroke,4/23/2026 0:10,used-bike,https://www.pakwheels.com/used-bikes/search/-/,,,
Honda CG 125  2015  for Sale,https://www.pakwheels.com/used-bikes/honda-cg-125-2015-for-sale-in-sargodha-1002629,PKR 1.2 lacs,2015,"353,000 km",,,4 Stroke,Sargodha,Individual,main_ad_1002629,4 Stroke,4/23/2026 0:10,used-bike,https://www.pakwheels.com/used-bikes/search/-/,,,
Benelli 752S  2020  for Sale,https://www.pakwheels.com/used-bikes/benelli-752s-2020-for-sale-in-lahore-1002437,PKR 28 lacs,2020,"9,500 km",,,4 Stroke,Lahore,Individual,main_ad_1002437,4 Stroke,4/23/2026 0:10,used-bike,https://www.pakwheels.com/used-bikes/search/-/,,,
Chinese Bikes 125  2019  for Sale,https://www.pakwheels.com/used-bikes/chinese-bikes-125-2019-for-sale-in-lahore-994367,PKR 1.75 lacs,2019,"3,000 km",,,4 Stroke,Lahore,Individual,main_ad_994367,4 Stroke,4/23/2026 0:10,used-bike,https://www.pakwheels.com/used-bikes/search/-/,,,
Hi Speed Cyclone 250  2025  for Sale,https://www.pakwheels.com/used-bikes/hi-speed-cyclone-250-2025-for-sale-in-lahore-996794,PKR 7.5 lacs,2025,"1,300 km",,,4 Stroke,Lahore,Individual,main_ad_996794,4 Stroke,4/23/2026 0:10,used-bike,https://www.pakwheels.com/used-bikes/search/-/,,,
United US 70  2026  for Sale,https://www.pakwheels.com/used-bikes/united-us-70-2026-for-sale-in-peshawar-1002304,"PKR 98,000",2026,850 km,,,2 Stroke,Peshawar,Individual,main_ad_1002304,2 Stroke,4/23/2026 0:10,used-bike,https://www.pakwheels.com/used-bikes/search/-/,,,
U.M COMMANDO  2020  for Sale,https://www.pakwheels.com/used-bikes/um-commando-2020-for-sale-in-lahore-990767,PKR 9.5 lacs,2020,"9,000 km",,,4 Stroke,Lahore,Individual,main_ad_990767,4 Stroke,4/23/2026 0:10,used-bike,https://www.pakwheels.com/used-bikes/search/-/,,,
Yamaha YZF-R1  2018  for Sale,https://www.pakwheels.com/used-bikes/yamaha-yzf-r1-2018-for-sale-in-gujrat-956626,PKR 80 lacs,2018,"5,700 km",,,4 Stroke,Gujrat,Individual,main_ad_956626,4 Stroke,4/23/2026 0:10,used-bike,https://www.pakwheels.com/used-bikes/search/-/,,,
Honda CG 125  2018  for Sale,https://www.pakwheels.com/used-bikes/honda-cg-125-2018-for-sale-in-karachi-1002273,PKR 1.4 lacs,2018,"86,000 km",,,4 Stroke,Karachi,Individual,main_ad_1002273,4 Stroke,4/23/2026 0:10,used-bike,https://www.pakwheels.com/used-bikes/search/-/,,,
Yamaha YBR 125  2023  for Sale,https://www.pakwheels.com/used-bikes/yamaha-ybr-125-2023-for-sale-in-peshawar-1002239,PKR 3.65 lacs,2023,"14,000 km",,,4 Stroke,Peshawar,Individual,main_ad_1002239,4 Stroke,4/23/2026 0:10,used-bike,https://www.pakwheels.com/used-bikes/search/-/,,,
Suzuki GR 150  2019  for Sale,https://www.pakwheels.com/used-bikes/suzuki-gr-150-2019-for-sale-in-faisalabad-1001903,PKR 3.25 lacs,2019,"43,500 km",,,4 Stroke,Faisalabad,Individual,main_ad_1001903,4 Stroke,4/23/2026 0:10,used-bike,https://www.pakwheels.com/used-bikes/search/-/,,,
Honda CG 125  2023  for Sale,https://www.pakwheels.com/used-bikes/honda-cg-125-2023-for-sale-in-haripur-1006866,PKR 2 lacs,2023,"100,000 km",,,4 Stroke,Haripur,Individual,main_ad_1006866,4 Stroke,4/23/2026 0:10,used-bike,https://www.pakwheels.com/used-bikes/search/-/,,,
Yamaha 4 YD 100  2009  for Sale,https://www.pakwheels.com/used-bikes/yamaha-4-yd-100-2009-for-sale-in-mardan-1006868,"PKR 35,000",2009,"12,569 km",,,4 Stroke,Mardan,Individual,main_ad_1006868,4 Stroke,4/23/2026 0:10,used-bike,https://www.pakwheels.com/used-bikes/search/-/,,,
United US 70  2016  for Sale,https://www.pakwheels.com/used-bikes/united-us-70-2016-for-sale-in-peshawar-1006865,"PKR 75,000",2016,"50,000 km",,,4 Stroke,Peshawar,Individual,main_ad_1006865,4 Stroke,4/23/2026 0:10,used-bike,https://www.pakwheels.com/used-bikes/search/-/,,,
Honda CD 70  2020  for Sale,https://www.pakwheels.com/used-bikes/honda-cd-70-2020-for-sale-in-karachi-1006864,PKR 1.2 lacs,2020,"18,000 km",,,4 Stroke,Karachi,Individual,main_ad_1006864,4 Stroke,4/23/2026 0:10,used-bike,https://www.pakwheels.com/used-bikes/search/-/,,,
Honda CG 125  2015  for Sale,https://www.pakwheels.com/used-bikes/honda-cg-125-2015-for-sale-in-lahore-1006863,PKR 1.33 lacs,2015,"20,000 km",,,4 Stroke,Lahore,Individual,main_ad_1006863,4 Stroke,4/23/2026 0:10,used-bike,https://www.pakwheels.com/used-bikes/search/-/,,,
Honda CG 125  2021  for Sale,https://www.pakwheels.com/used-bikes/honda-cg-125-2021-for-sale-in-islamabad-1006860,PKR 1.7 lacs,2021,"36,000 km",,,2 Stroke,Islamabad,Individual,main_ad_1006860,2 Stroke,4/23/2026 0:10,used-bike,https://www.pakwheels.com/used-bikes/search/-/,,,
Honda CG 125  2016  for Sale,https://www.pakwheels.com/used-bikes/honda-cg-125-2016-for-sale-in-islamabad-1006858,PKR 1.2 lacs,2016,"50,000 km",,,4 Stroke,Islamabad,Individual,main_ad_1006858,4 Stroke,4/23/2026 0:10,used-bike,https://www.pakwheels.com/used-bikes/search/-/,,,
Honda CG 125  2025  for Sale,https://www.pakwheels.com/used-bikes/honda-cg-125-2025-for-sale-in-lahore-1006859,PKR 2.15 lacs,2025,"10,000 km",,,4 Stroke,Lahore,Individual,main_ad_1006859,4 Stroke,4/23/2026 0:10,used-bike,https://www.pakwheels.com/used-bikes/search/-/,,,
Honda CG 125  2021  for Sale,https://www.pakwheels.com/used-bikes/honda-cg-125-2021-for-sale-in-kallar-kahar-1006857,PKR 1.8 lacs,2021,"8,000 km",,,4 Stroke,Kallar Kahar,Individual,main_ad_1006857,4 Stroke,4/23/2026 0:10,used-bike,https://www.pakwheels.com/used-bikes/search/-/,,,
Honda CG 125  2023  for Sale,https://www.pakwheels.com/used-bikes/honda-cg-125-2023-for-sale-in-haripur-1006855,PKR 2 lacs,2023,"100,000 km",,,2 Stroke,Haripur,Individual,main_ad_1006855,2 Stroke,4/23/2026 0:10,used-bike,https://www.pakwheels.com/used-bikes/search/-/,,,
Super Star 200R  2025  for Sale,https://www.pakwheels.com/used-bikes/super-star-200r-2025-for-sale-in-karachi-1006856,PKR 4.95 lacs,2025,"3,000 km",,,4 Stroke,Karachi,Individual,main_ad_1006856,4 Stroke,4/23/2026 0:10,used-bike,https://www.pakwheels.com/used-bikes/search/-/,,,
Honda CG 125  2026  for Sale,https://www.pakwheels.com/used-bikes/honda-cg-125-2026-for-sale-in-islamabad-1006854,PKR 2.6 lacs,2026,1 km,,,4 Stroke,Islamabad,Individual,main_ad_1006854,4 Stroke,4/23/2026 0:10,used-bike,https://www.pakwheels.com/used-bikes/search/-/,,,
United US 70  2026  for Sale,https://www.pakwheels.com/used-bikes/united-us-70-2026-for-sale-in-islamabad-1006853,PKR 1.1 lacs,2026,1 km,,,4 Stroke,Islamabad,Individual,main_ad_1006853,4 Stroke,4/23/2026 0:10,used-bike,https://www.pakwheels.com/used-bikes/search/-/,,,
Honda CD 70  2024  for Sale,https://www.pakwheels.com/used-bikes/honda-cd-70-2024-for-sale-in-islamabad-1006852,PKR 1.5 lacs,2024,"20,000 km",,,4 Stroke,Islamabad,Individual,main_ad_1006852,4 Stroke,4/23/2026 0:10,used-bike,https://www.pakwheels.com/used-bikes/search/-/,,,
Honda CG 125  2023  for Sale,https://www.pakwheels.com/used-bikes/honda-cg-125-2023-for-sale-in-renala-khurd-1006851,PKR 1.6 lacs,2023,"20,000 km",,,4 Stroke,Renala khurd,Individual,main_ad_1006851,4 Stroke,4/23/2026 0:10,used-bike,https://www.pakwheels.com/used-bikes/search/-/,,,
Super Power SP 70  2021  for Sale,https://www.pakwheels.com/used-bikes/super-power-sp-70-2021-for-sale-in-karachi-1006847,"PKR 80,000",2021,"20,000 km",,,4 Stroke,Karachi,Individual,main_ad_1006847,4 Stroke,4/23/2026 0:10,used-bike,https://www.pakwheels.com/used-bikes/search/-/,,,
Honda CD 70  2012  for Sale,https://www.pakwheels.com/used-bikes/honda-cd-70-2012-for-sale-in-faisalabad-1006849,"PKR 38,000",2012,"23,690 km",,,4 Stroke,Faisalabad,Individual,main_ad_1006849,4 Stroke,4/23/2026 0:10,used-bike,https://www.pakwheels.com/used-bikes/search/-/,,,
Honda CD 70  2020  for Sale,https://www.pakwheels.com/used-bikes/honda-cd-70-2020-for-sale-in-lahore-1006848,"PKR 95,000",2020,"40,000 km",,,4 Stroke,Lahore,Individual,main_ad_1006848,4 Stroke,4/23/2026 0:10,used-bike,https://www.pakwheels.com/used-bikes/search/-/,,,
Hi Speed SR 70  2022  for Sale,https://www.pakwheels.com/used-bikes/hi-speed-sr-70-2022-for-sale-in-rawalpindi-1006846,"PKR 85,000",2022,"3,000 km",,,2 Stroke,Rawalpindi,Individual,main_ad_1006846,2 Stroke,4/23/2026 0:10,used-bike,https://www.pakwheels.com/used-bikes/search/-/,,,
Suzuki GD 110S  2025  for Sale,https://www.pakwheels.com/used-bikes/suzuki-gd-110s-2025-for-sale-in-lahore-1006843,PKR 3.25 lacs,2025,"50,000 km",,,4 Stroke,Lahore,Individual,main_ad_1006843,4 Stroke,4/23/2026 0:10,used-bike,https://www.pakwheels.com/used-bikes/search/-/,,,
Honda CD 70  2020  for Sale,https://www.pakwheels.com/used-bikes/honda-cd-70-2020-for-sale-in-faisalabad-1006841,PKR 1 lacs,2020,"27,700 km",,,4 Stroke,Faisalabad,Individual,main_ad_1006841,4 Stroke,4/23/2026 0:10,used-bike,https://www.pakwheels.com/used-bikes/search/-/,,,
Honda Pridor  2024  for Sale,https://www.pakwheels.com/used-bikes/honda-pridor-2024-for-sale-in-islamabad-1006840,PKR 1.6 lacs,2024,1 km,,,4 Stroke,Islamabad,Individual,main_ad_1006840,4 Stroke,4/23/2026 0:10,used-bike,https://www.pakwheels.com/used-bikes/search/-/,,,
Suzuki GS 150  2020  for Sale,https://www.pakwheels.com/used-bikes/suzuki-gs-150-2020-for-sale-in-islamabad-1002110,PKR 3.5 lacs,2020,"35,000 km",,,2 Stroke,Islamabad,Individual,main_ad_1002110,2 Stroke,4/23/2026 0:11,used-bike,https://www.pakwheels.com/used-bikes/search/-/,,,
Suzuki GD 110S  2026  for Sale,https://www.pakwheels.com/used-bikes/suzuki-gd-110s-2026-for-sale-in-multan-1002106,PKR 3.6 lacs,2026,500 km,,,4 Stroke,Multan,Individual,main_ad_1002106,4 Stroke,4/23/2026 0:11,used-bike,https://www.pakwheels.com/used-bikes/search/-/,,,
Honda CB 150F  2018  for Sale,https://www.pakwheels.com/used-bikes/honda-cb-150f-2018-for-sale-in-lahore-1001170,PKR 2.85 lacs,2018,"23,200 km",,,4 Stroke,Lahore,Individual,main_ad_1001170,4 Stroke,4/23/2026 0:11,used-bike,https://www.pakwheels.com/used-bikes/search/-/,,,
Honda CG 125  2025  for Sale,https://www.pakwheels.com/used-bikes/honda-cg-125-2025-for-sale-in-lahore-1002080,PKR 2.2 lacs,2025,"8,700 km",,,4 Stroke,Lahore,Individual,main_ad_1002080,4 Stroke,4/23/2026 0:11,used-bike,https://www.pakwheels.com/used-bikes/search/-/,,,
Benelli TNT 150i  2019  for Sale,https://www.pakwheels.com/used-bikes/benelli-tnt-150i-2019-for-sale-in-karachi-997869,PKR 5.6 lacs,2019,"17,000 km",,,4 Stroke,Karachi,Individual,main_ad_997869,4 Stroke,4/23/2026 0:11,used-bike,https://www.pakwheels.com/used-bikes/search/-/,,,
Derbi ETX 150  2018  for Sale,https://www.pakwheels.com/used-bikes/derbi-etx-150-2018-for-sale-in-karachi-1000796,PKR 3.5 lacs,2018,"50,000 km",,,4 Stroke,Karachi,Individual,main_ad_1000796,4 Stroke,4/23/2026 0:11,used-bike,https://www.pakwheels.com/used-bikes/search/-/,,,
Honda CB 125F  2024  for Sale,https://www.pakwheels.com/used-bikes/honda-cb-125f-2024-for-sale-in-islamabad-1001472,PKR 3.65 lacs,2024,"10,000 km",,,4 Stroke,Islamabad,Individual,main_ad_1001472,4 Stroke,4/23/2026 0:11,used-bike,https://www.pakwheels.com/used-bikes/search/-/,,,
Safari SD 70  2026  for Sale,https://www.pakwheels.com/used-bikes/safari-sd-70-2026-for-sale-in-rawalpindi-1001807,PKR 1.35 lacs,2026,1 km,,,4 Stroke,Rawalpindi,Individual,main_ad_1001807,4 Stroke,4/23/2026 0:11,used-bike,https://www.pakwheels.com/used-bikes/search/-/,,,
Safari SD 70  2026  for Sale,https://www.pakwheels.com/used-bikes/safari-sd-70-2026-for-sale-in-rawalpindi-1001806,PKR 1.45 lacs,2026,1 km,,,4 Stroke,Rawalpindi,Individual,main_ad_1001806,4 Stroke,4/23/2026 0:11,used-bike,https://www.pakwheels.com/used-bikes/search/-/,,,
BMW F 800 GS  2013  for Sale,https://www.pakwheels.com/used-bikes/bmw-f-800-gs-2013-for-sale-in-lahore-1001803,PKR 33 lacs,2013,"15,000 km",,,4 Stroke,Lahore,Individual,main_ad_1001803,4 Stroke,4/23/2026 0:11,used-bike,https://www.pakwheels.com/used-bikes/search/-/,,,
Suzuki GD 110S  2025  for Sale,https://www.pakwheels.com/used-bikes/suzuki-gd-110s-2025-for-sale-in-karachi-1001800,PKR 4 lacs,2025,600 km,,,4 Stroke,Karachi,Individual,main_ad_1001800,4 Stroke,4/23/2026 0:11,used-bike,https://www.pakwheels.com/used-bikes/search/-/,,,
Suzuki GD 110S  2017  for Sale,https://www.pakwheels.com/used-bikes/suzuki-gd-110s-2017-for-sale-in-rawalpindi-1001743,PKR 1.8 lacs,2017,"42,060 km",,,4 Stroke,Rawalpindi,Individual,main_ad_1001743,4 Stroke,4/23/2026 0:11,used-bike,https://www.pakwheels.com/used-bikes/search/-/,,,
Honda CD 70  2023  for Sale,https://www.pakwheels.com/used-bikes/honda-cd-70-2023-for-sale-in-islamabad-1006839,PKR 1.25 lacs,2023,1 km,,,4 Stroke,Islamabad,Individual,main_ad_1006839,4 Stroke,4/23/2026 0:11,used-bike,https://www.pakwheels.com/used-bikes/search/-/,,,
Honda CG 125  2026  for Sale,https://www.pakwheels.com/used-bikes/honda-cg-125-2026-for-sale-in-peshawar-1006838,PKR 2.4 lacs,2026,"3,661 km",,,4 Stroke,Peshawar,Individual,main_ad_1006838,4 Stroke,4/23/2026 0:11,used-bike,https://www.pakwheels.com/used-bikes/search/-/,,,
Safari SD 70  2016  for Sale,https://www.pakwheels.com/used-bikes/safari-sd-70-2016-for-sale-in-islamabad-1006835,"PKR 37,000",2016,"45,000 km",,,4 Stroke,Islamabad,Individual,main_ad_1006835,4 Stroke,4/23/2026 0:11,used-bike,https://www.pakwheels.com/used-bikes/search/-/,,,
United US 125 Euro II  2021  for Sale,https://www.pakwheels.com/used-bikes/united-us-125-euro-ii-2021-for-sale-in-karachi-1006833,"PKR 90,000",2021,"5,000 km",,,4 Stroke,Karachi,Individual,main_ad_1006833,4 Stroke,4/23/2026 0:11,used-bike,https://www.pakwheels.com/used-bikes/search/-/,,,
Honda Pridor  2024  for Sale,https://www.pakwheels.com/used-bikes/honda-pridor-2024-for-sale-in-islamabad-1006831,PKR 1.6 lacs,2024,1 km,,,4 Stroke,Islamabad,Individual,main_ad_1006831,4 Stroke,4/23/2026 0:11,used-bike,https://www.pakwheels.com/used-bikes/search/-/,,,
Yamaha YBR 125G  2025  for Sale,https://www.pakwheels.com/used-bikes/yamaha-ybr-125g-2025-for-sale-in-islamabad-1006830,PKR 4.6 lacs,2025,1 km,,,4 Stroke,Islamabad,Individual,main_ad_1006830,4 Stroke,4/23/2026 0:11,used-bike,https://www.pakwheels.com/used-bikes/search/-/,,,
Honda CD 70  2025  for Sale,https://www.pakwheels.com/used-bikes/honda-cd-70-2025-for-sale-in-rawalpindi-1006829,PKR 1.58 lacs,2025,"2,300 km",,,4 Stroke,Rawalpindi,Individual,main_ad_1006829,4 Stroke,4/23/2026 0:11,used-bike,https://www.pakwheels.com/used-bikes/search/-/,,,
Suzuki GD 110S  2023  for Sale,https://www.pakwheels.com/used-bikes/suzuki-gd-110s-2023-for-sale-in-karachi-1006828,PKR 3.1 lacs,2023,"50,000 km",,,4 Stroke,Karachi,Individual,main_ad_1006828,4 Stroke,4/23/2026 0:11,used-bike,https://www.pakwheels.com/used-bikes/search/-/,,,
Honda CG 125  2024  for Sale,https://www.pakwheels.com/used-bikes/honda-cg-125-2024-for-sale-in-karachi-1006827,PKR 2.04 lacs,2024,"15,000 km",,,4 Stroke,Karachi,Individual,main_ad_1006827,4 Stroke,4/23/2026 0:11,used-bike,https://www.pakwheels.com/used-bikes/search/-/,,,
Honda CG 125  2025  for Sale,https://www.pakwheels.com/used-bikes/honda-cg-125-2025-for-sale-in-melsi-1006826,PKR 2.25 lacs,2025,"10,000 km",,,4 Stroke,Melsi,Individual,main_ad_1006826,4 Stroke,4/23/2026 0:11,used-bike,https://www.pakwheels.com/used-bikes/search/-/,,,
Honda CG 125  2025  for Sale,https://www.pakwheels.com/used-bikes/honda-cg-125-2025-for-sale-in-lahore-1006825,PKR 2.27 lacs,2025,"5,000 km",,,4 Stroke,Lahore,Individual,main_ad_1006825,4 Stroke,4/23/2026 0:11,used-bike,https://www.pakwheels.com/used-bikes/search/-/,,,
Honda CG 125  2017  for Sale,https://www.pakwheels.com/used-bikes/honda-cg-125-2017-for-sale-in-muzaffar-gargh-1006824,PKR 1.2 lacs,2017,"50,000 km",,,4 Stroke,Muzaffar Gargh,Individual,main_ad_1006824,4 Stroke,4/23/2026 0:11,used-bike,https://www.pakwheels.com/used-bikes/search/-/,,,
Honda CG 125  2014  for Sale,https://www.pakwheels.com/used-bikes/honda-cg-125-2014-for-sale-in-kohat-1006823,PKR 1.3 lacs,2014,"100,000 km",,,4 Stroke,Kohat,Individual,main_ad_1006823,4 Stroke,4/23/2026 0:11,used-bike,https://www.pakwheels.com/used-bikes/search/-/,,,
Honda CG 125  2024  for Sale,https://www.pakwheels.com/used-bikes/honda-cg-125-2024-for-sale-in-sialkot-1006822,PKR 2.25 lacs,2024,"7,000 km",,,4 Stroke,Sialkot,Individual,main_ad_1006822,4 Stroke,4/23/2026 0:11,used-bike,https://www.pakwheels.com/used-bikes/search/-/,,,
Super Star CD 70  2017  for Sale,https://www.pakwheels.com/used-bikes/super-star-cd-70-2017-for-sale-in-karachi-1006821,"PKR 34,000",2017,"100,000 km",,,4 Stroke,Karachi,Individual,main_ad_1006821,4 Stroke,4/23/2026 0:11,used-bike,https://www.pakwheels.com/used-bikes/search/-/,,,
Honda CG 125  2015  for Sale,https://www.pakwheels.com/used-bikes/honda-cg-125-2015-for-sale-in-sahiwal-1006820,"PKR 90,000",2015,"50,000 km",,,4 Stroke,Sahiwal,Individual,main_ad_1006820,4 Stroke,4/23/2026 0:11,used-bike,https://www.pakwheels.com/used-bikes/search/-/,,,
Honda CG 125  2021  for Sale,https://www.pakwheels.com/used-bikes/honda-cg-125-2021-for-sale-in-rawalpindi-1006819,PKR 1.55 lacs,2021,"15,000 km",,,4 Stroke,Rawalpindi,Individual,main_ad_1006819,4 Stroke,4/23/2026 0:11,used-bike,https://www.pakwheels.com/used-bikes/search/-/,,,
Honda CD 70  2025  for Sale,https://www.pakwheels.com/used-bikes/honda-cd-70-2025-for-sale-in-islamabad-1006818,PKR 1.48 lacs,2025,1 km,,,4 Stroke,Islamabad,Individual,main_ad_1006818,4 Stroke,4/23/2026 0:11,used-bike,https://www.pakwheels.com/used-bikes/search/-/,,,
Honda Pridor  2026  for Sale,https://www.pakwheels.com/used-bikes/honda-pridor-2026-for-sale-in-islamabad-1006817,PKR 1.9 lacs,2026,1 km,,,4 Stroke,Islamabad,Individual,main_ad_1006817,4 Stroke,4/23/2026 0:11,used-bike,https://www.pakwheels.com/used-bikes/search/-/,,,
Hi Speed CDI SR-70CC EURO-2  2016  for Sale,https://www.pakwheels.com/used-bikes/hi-speed-cdi-sr-70cc-euro-2-2016-for-sale-in-nowshera-1006816,"PKR 40,000",2016,"50,000 km",,,4 Stroke,Nowshera,Individual,main_ad_1006816,4 Stroke,4/23/2026 0:11,used-bike,https://www.pakwheels.com/used-bikes/search/-/,,,
Unique Xtreme UD 70  2025  for Sale,https://www.pakwheels.com/used-bikes/unique-xtreme-ud-70-2025-for-sale-in-karachi-1006815,PKR 1.1 lacs,2025,"8,000 km",,,4 Stroke,Karachi,Individual,main_ad_1006815,4 Stroke,4/23/2026 0:11,used-bike,https://www.pakwheels.com/used-bikes/search/-/,,,
United US 70  2019  for Sale,https://www.pakwheels.com/used-bikes/united-us-70-2019-for-sale-in-lahore-1006813,"PKR 37,000",2019,60 km,,,4 Stroke,Lahore,Individual,main_ad_1006813,4 Stroke,4/23/2026 0:11,used-bike,https://www.pakwheels.com/used-bikes/search/-/,,,
Honda CD 70  2018  for Sale,https://www.pakwheels.com/used-bikes/honda-cd-70-2018-for-sale-in-multan-1006814,"PKR 99,000",2018,"50,000 km",,,4 Stroke,Multan,Individual,main_ad_1006814,4 Stroke,4/23/2026 0:11,used-bike,https://www.pakwheels.com/used-bikes/search/-/,,,
Honda CG 125  2024  for Sale,https://www.pakwheels.com/used-bikes/honda-cg-125-2024-for-sale-in-lahore-1006812,PKR 2.25 lacs,2024,"19,000 km",,,4 Stroke,Lahore,Individual,main_ad_1006812,4 Stroke,4/23/2026 0:11,used-bike,https://www.pakwheels.com/used-bikes/search/-/,,,
Honda CD 70  2026  for Sale,https://www.pakwheels.com/used-bikes/honda-cd-70-2026-for-sale-in-lahore-1006811,PKR 1.55 lacs,2026,"4,500 km",,,4 Stroke,Lahore,Individual,main_ad_1006811,4 Stroke,4/23/2026 0:11,used-bike,https://www.pakwheels.com/used-bikes/search/-/,,,
Suzuki GS 150  2023  for Sale,https://www.pakwheels.com/used-bikes/suzuki-gs-150-2023-for-sale-in-lahore-1001795,PKR 3.4 lacs,2023,"11,900 km",,,4 Stroke,Lahore,Individual,main_ad_1001795,4 Stroke,4/23/2026 0:11,used-bike,https://www.pakwheels.com/used-bikes/search/-/,,,
Honda CG 125  2012  for Sale,https://www.pakwheels.com/used-bikes/honda-cg-125-2012-for-sale-in-rawalpindi-1001742,"PKR 95,000",2012,"40,000 km",,,4 Stroke,Rawalpindi,Individual,main_ad_1001742,4 Stroke,4/23/2026 0:11,used-bike,https://www.pakwheels.com/used-bikes/search/-/,,,
CF MOTO 450MT  2025  for Sale,https://www.pakwheels.com/used-bikes/cf-moto-450mt-2025-for-sale-in-rawalpindi-1001752,PKR 25.5 lacs,2025,"7,000 km",,,4 Stroke,Rawalpindi,Individual,main_ad_1001752,4 Stroke,4/23/2026 0:11,used-bike,https://www.pakwheels.com/used-bikes/search/-/,,,
Taro GP 2  2025  for Sale,https://www.pakwheels.com/used-bikes/taro-gp-2-2025-for-sale-in-lahore-786666,PKR 8.5 lacs,2025,1 km,,,4 Stroke,Lahore,Individual,main_ad_786666,4 Stroke,4/23/2026 0:11,used-bike,https://www.pakwheels.com/used-bikes/search/-/,,,
Taro GP1 250 SR  2026  for Sale,https://www.pakwheels.com/used-bikes/taro-gp1-250-sr-2026-for-sale-in-rawalpindi-956402,PKR 8.8 lacs,2026,1 km,,,4 Stroke,Rawalpindi,Individual,main_ad_956402,4 Stroke,4/23/2026 0:11,used-bike,https://www.pakwheels.com/used-bikes/search/-/,,,
Taro GP1 250 SR  2026  for Sale,https://www.pakwheels.com/used-bikes/taro-gp1-250-sr-2026-for-sale-in-lahore-956400,PKR 8.8 lacs,2026,1 km,,,4 Stroke,Lahore,Individual,main_ad_956400,4 Stroke,4/23/2026 0:11,used-bike,https://www.pakwheels.com/used-bikes/search/-/,,,
Sigma Valentino 250  2026  for Sale,https://www.pakwheels.com/used-bikes/sigma-valentino-250-2026-for-sale-in-lahore-960944,PKR 8.8 lacs,2026,1 km,,,4 Stroke,Lahore,Individual,main_ad_960944,4 Stroke,4/23/2026 0:11,used-bike,https://www.pakwheels.com/used-bikes/search/-/,,,
Yamaha YZF-R6  2008  for Sale,https://www.pakwheels.com/used-bikes/yamaha-yzf-r6-2008-for-sale-in-bhakkar-1001683,PKR 18.9 lacs,2008,"21,000 km",,,4 Stroke,Bhakkar,Individual,main_ad_1001683,4 Stroke,4/23/2026 0:11,used-bike,https://www.pakwheels.com/used-bikes/search/-/,,,
Super Star 200R  2024  for Sale,https://www.pakwheels.com/used-bikes/super-star-200r-2024-for-sale-in-lahore-1001523,PKR 4.4 lacs,2024,"6,500 km",,,4 Stroke,Lahore,Individual,main_ad_1001523,4 Stroke,4/23/2026 0:11,used-bike,https://www.pakwheels.com/used-bikes/search/-/,,,
Honda CD 70  2012  for Sale,https://www.pakwheels.com/used-bikes/honda-cd-70-2012-for-sale-in-lahore-999408,"PKR 68,000",2012,"45,700 km",,,4 Stroke,Lahore,Individual,main_ad_999408,4 Stroke,4/23/2026 0:11,used-bike,https://www.pakwheels.com/used-bikes/search/-/,,,
Yamaha YBR 125G  2025  for Sale,https://www.pakwheels.com/used-bikes/yamaha-ybr-125g-2025-for-sale-in-sialkot-1001409,PKR 4.15 lacs,2025,"20,000 km",,,2 Stroke,Sialkot,Individual,main_ad_1001409,2 Stroke,4/23/2026 0:11,used-bike,https://www.pakwheels.com/used-bikes/search/-/,,,
OW Ducatin 250cc  2025  for Sale,https://www.pakwheels.com/used-bikes/ow-ducatin-250cc-2025-for-sale-in-lahore-1001375,PKR 8.5 lacs,2025,"3,500 km",,,4 Stroke,Lahore,Individual,main_ad_1001375,4 Stroke,4/23/2026 0:11,used-bike,https://www.pakwheels.com/used-bikes/search/-/,,,
Honda Pridor  2021  for Sale,https://www.pakwheels.com/used-bikes/honda-pridor-2021-for-sale-in-bhalwal-1006810,PKR 1.1 lacs,2021,"30,000 km",,,4 Stroke,Bhalwal,Individual,main_ad_1006810,4 Stroke,4/23/2026 0:11,used-bike,https://www.pakwheels.com/used-bikes/search/-/,,,
Yamaha Royale YB 100  2003  for Sale,https://www.pakwheels.com/used-bikes/yamaha-royale-yb-100-2003-for-sale-in-mirpur-ak-1006808,PKR 2.35 lacs,2003,"85,000 km",,,2 Stroke,Mirpur A.K.,Individual,main_ad_1006808,2 Stroke,4/23/2026 0:11,used-bike,https://www.pakwheels.com/used-bikes/search/-/,,,
Yamaha YBR 125G  2016  for Sale,https://www.pakwheels.com/used-bikes/yamaha-ybr-125g-2016-for-sale-in-gujranwala-1006809,PKR 3 lacs,2016,"70,000 km",,,4 Stroke,Gujranwala,Individual,main_ad_1006809,4 Stroke,4/23/2026 0:11,used-bike,https://www.pakwheels.com/used-bikes/search/-/,,,
Honda CD 70  2015  for Sale,https://www.pakwheels.com/used-bikes/honda-cd-70-2015-for-sale-in-karachi-1006807,"PKR 70,000",2015,"2,000 km",,,2 Stroke,Karachi,Individual,main_ad_1006807,2 Stroke,4/23/2026 0:11,used-bike,https://www.pakwheels.com/used-bikes/search/-/,,,
Honda CD 70  2016  for Sale,https://www.pakwheels.com/used-bikes/honda-cd-70-2016-for-sale-in-sahiwal-1006806,"PKR 80,000",2016,"55,000 km",,,4 Stroke,Sahiwal,Individual,main_ad_1006806,4 Stroke,4/23/2026 0:11,used-bike,https://www.pakwheels.com/used-bikes/search/-/,,,
Yamaha YBR 125  2016  for Sale,https://www.pakwheels.com/used-bikes/yamaha-ybr-125-2016-for-sale-in-larkana-1006805,PKR 1.9 lacs,2016,"50,000 km",,,4 Stroke,Larkana,Individual,main_ad_1006805,4 Stroke,4/23/2026 0:11,used-bike,https://www.pakwheels.com/used-bikes/search/-/,,,
Honda CG 125  2022  for Sale,https://www.pakwheels.com/used-bikes/honda-cg-125-2022-for-sale-in-islamabad-1006804,PKR 1.98 lacs,2022,"50,000 km",,,4 Stroke,Islamabad,Individual,main_ad_1006804,4 Stroke,4/23/2026 0:11,used-bike,https://www.pakwheels.com/used-bikes/search/-/,,,
United EV Bullet  2026  for Sale,https://www.pakwheels.com/used-bikes/united-ev-bullet-2026-for-sale-in-pak-pattan-sharif-1006803,PKR 3.2 lacs,2026,300 km,,,4 Stroke,Pak pattan sharif,Individual,main_ad_1006803,4 Stroke,4/23/2026 0:11,used-bike,https://www.pakwheels.com/used-bikes/search/-/,,,
Ravi Humsafar 70  2019  for Sale,https://www.pakwheels.com/used-bikes/ravi-humsafar-70-2019-for-sale-in-kharian-1006802,"PKR 40,000",2019,"68,880 km",,,4 Stroke,Kharian,Individual,main_ad_1006802,4 Stroke,4/23/2026 0:11,used-bike,https://www.pakwheels.com/used-bikes/search/-/,,,
Honda CD 70  2022  for Sale,https://www.pakwheels.com/used-bikes/honda-cd-70-2022-for-sale-in-gujranwala-1006801,PKR 1.1 lacs,2022,"20,000 km",,,2 Stroke,Gujranwala,Individual,main_ad_1006801,2 Stroke,4/23/2026 0:11,used-bike,https://www.pakwheels.com/used-bikes/search/-/,,,
Honda CG 125  2022  for Sale,https://www.pakwheels.com/used-bikes/honda-cg-125-2022-for-sale-in-lahore-1006799,PKR 1.65 lacs,2022,"13,000 km",,,4 Stroke,Lahore,Individual,main_ad_1006799,4 Stroke,4/23/2026 0:11,used-bike,https://www.pakwheels.com/used-bikes/search/-/,,,
Honda CG 125  2021  for Sale,https://www.pakwheels.com/used-bikes/honda-cg-125-2021-for-sale-in-faisalabad-1006798,PKR 1.55 lacs,2021,"16,000 km",,,4 Stroke,Faisalabad,Individual,main_ad_1006798,4 Stroke,4/23/2026 0:11,used-bike,https://www.pakwheels.com/used-bikes/search/-/,,,
Honda CG 125  2021  for Sale,https://www.pakwheels.com/used-bikes/honda-cg-125-2021-for-sale-in-taxila-1006797,PKR 1.75 lacs,2021,"45,000 km",,,4 Stroke,Taxila,Individual,main_ad_1006797,4 Stroke,4/23/2026 0:11,used-bike,https://www.pakwheels.com/used-bikes/search/-/,,,
Honda CD 70  2026  for Sale,https://www.pakwheels.com/used-bikes/honda-cd-70-2026-for-sale-in-lahore-1006795,PKR 1.47 lacs,2026,"20,000 km",,,4 Stroke,Lahore,Individual,main_ad_1006795,4 Stroke,4/23/2026 0:11,used-bike,https://www.pakwheels.com/used-bikes/search/-/,,,
Honda H100S  1987  for Sale,https://www.pakwheels.com/used-bikes/honda-h100s-1987-for-sale-in-islamabad-1006794,"PKR 65,000",1987,1 km,,,4 Stroke,Islamabad,Individual,main_ad_1006794,4 Stroke,4/23/2026 0:11,used-bike,https://www.pakwheels.com/used-bikes/search/-/,,,
Suzuki GS 150  2025  for Sale,https://www.pakwheels.com/used-bikes/suzuki-gs-150-2025-for-sale-in-lahore-1006793,PKR 3.7 lacs,2025,"7,000 km",,,4 Stroke,Lahore,Individual,main_ad_1006793,4 Stroke,4/23/2026 0:11,used-bike,https://www.pakwheels.com/used-bikes/search/-/,,,
Honda CG 125  2023  for Sale,https://www.pakwheels.com/used-bikes/honda-cg-125-2023-for-sale-in-islamabad-1006792,PKR 1.95 lacs,2023,1 km,,,4 Stroke,Islamabad,Individual,main_ad_1006792,4 Stroke,4/23/2026 0:11,used-bike,https://www.pakwheels.com/used-bikes/search/-/,,,
Yamaha YBR 125G  2025  for Sale,https://www.pakwheels.com/used-bikes/yamaha-ybr-125g-2025-for-sale-in-karachi-1006791,PKR 4.75 lacs,2025,"5,654 km",,,4 Stroke,Karachi,Individual,main_ad_1006791,4 Stroke,4/23/2026 0:11,used-bike,https://www.pakwheels.com/used-bikes/search/-/,,,
Hi Speed CDI SR-70CC EURO-2  2006  for Sale,https://www.pakwheels.com/used-bikes/hi-speed-cdi-sr-70cc-euro-2-2006-for-sale-in-rawalpindi-1006790,PKR 1.05 lacs,2006,650 km,,,4 Stroke,Rawalpindi,Individual,main_ad_1006790,4 Stroke,4/23/2026 0:11,used-bike,https://www.pakwheels.com/used-bikes/search/-/,,,
United US 70  2025  for Sale,https://www.pakwheels.com/used-bikes/united-us-70-2025-for-sale-in-lahore-1006789,"PKR 78,000",2025,"5,000 km",,,4 Stroke,Lahore,Individual,main_ad_1006789,4 Stroke,4/23/2026 0:11,used-bike,https://www.pakwheels.com/used-bikes/search/-/,,,
Honda CG 125  2026  for Sale,https://www.pakwheels.com/used-bikes/honda-cg-125-2026-for-sale-in-khanewal-1006788,PKR 2.45 lacs,2026,"2,350 km",,,4 Stroke,Khanewal,Individual,main_ad_1006788,4 Stroke,4/23/2026 0:11,used-bike,https://www.pakwheels.com/used-bikes/search/-/,,,
Honda CG 125  2019  for Sale,https://www.pakwheels.com/used-bikes/honda-cg-125-2019-for-sale-in-okara-1006787,PKR 1.25 lacs,2019,"50,000 km",,,4 Stroke,Okara,Individual,main_ad_1006787,4 Stroke,4/23/2026 0:11,used-bike,https://www.pakwheels.com/used-bikes/search/-/,,,
Road Prince RP 70  2016  for Sale,https://www.pakwheels.com/used-bikes/road-prince-rp-70-2016-for-sale-in-lahore-1006786,"PKR 30,000",2016,"10,000 km",,,4 Stroke,Lahore,Individual,main_ad_1006786,4 Stroke,4/23/2026 0:11,used-bike,https://www.pakwheels.com/used-bikes/search/-/,,,
Honda CG 125  2023  for Sale,https://www.pakwheels.com/used-bikes/honda-cg-125-2023-for-sale-in-karachi-1006785,PKR 1.85 lacs,2023,"22,000 km",,,4 Stroke,Karachi,Individual,main_ad_1006785,4 Stroke,4/23/2026 0:11,used-bike,https://www.pakwheels.com/used-bikes/search/-/,,,
Honda Pridor  2025  for Sale,https://www.pakwheels.com/used-bikes/honda-pridor-2025-for-sale-in-lahore-1001276,PKR 2.05 lacs,2025,948 km,,,4 Stroke,Lahore,Individual,main_ad_1001276,4 Stroke,4/23/2026 0:11,used-bike,https://www.pakwheels.com/used-bikes/search/-/,,,
Honda CG 125  2019  for Sale,https://www.pakwheels.com/used-bikes/honda-cg-125-2019-for-sale-in-karachi-1001224,PKR 1.35 lacs,2019,"19,000 km",,,4 Stroke,Karachi,Individual,main_ad_1001224,4 Stroke,4/23/2026 0:11,used-bike,https://www.pakwheels.com/used-bikes/search/-/,,,
Yamaha YBR 125  2017  for Sale,https://www.pakwheels.com/used-bikes/yamaha-ybr-125-2017-for-sale-in-rawalpindi-968985,PKR 2.35 lacs,2017,"23,000 km",,,4 Stroke,Rawalpindi,Individual,main_ad_968985,4 Stroke,4/23/2026 0:11,used-bike,https://www.pakwheels.com/used-bikes/search/-/,,,
YJ Future Mehran  2026  for Sale,https://www.pakwheels.com/used-bikes/yj-future-mehran-2026-for-sale-in-lahore-1001128,Call,2026,1 km,,,4 Stroke,Lahore,Individual,main_ad_1001128,4 Stroke,4/23/2026 0:11,used-bike,https://www.pakwheels.com/used-bikes/search/-/,,,
YJ Future Cruise Z9  2026  for Sale,https://www.pakwheels.com/used-bikes/yj-future-cruise-z9-2026-for-sale-in-lahore-1001126,Call,2026,1 km,,,4 Stroke,Lahore,Individual,main_ad_1001126,4 Stroke,4/23/2026 0:11,used-bike,https://www.pakwheels.com/used-bikes/search/-/,,,
YJ Future Azadi Pro  2026  for Sale,https://www.pakwheels.com/used-bikes/yj-future-azadi-pro-2026-for-sale-in-lahore-1001121,Call,2026,1 km,,,4 Stroke,Lahore,Individual,main_ad_1001121,4 Stroke,4/23/2026 0:11,used-bike,https://www.pakwheels.com/used-bikes/search/-/,,,
YJ Future Zippy  2026  for Sale,https://www.pakwheels.com/used-bikes/yj-future-zippy-2026-for-sale-in-lahore-1001119,PKR 1.3 lacs,2026,1 km,,,4 Stroke,Lahore,Individual,main_ad_1001119,4 Stroke,4/23/2026 0:11,used-bike,https://www.pakwheels.com/used-bikes/search/-/,,,
YJ Future Indus  2026  for Sale,https://www.pakwheels.com/used-bikes/yj-future-indus-2026-for-sale-in-lahore-1001117,"PKR 90,000",2026,1 km,,,4 Stroke,Lahore,Individual,main_ad_1001117,4 Stroke,4/23/2026 0:11,used-bike,https://www.pakwheels.com/used-bikes/search/-/,,,
YJ Future Cruise  2026  for Sale,https://www.pakwheels.com/used-bikes/yj-future-cruise-2026-for-sale-in-lahore-1001115,PKR 1.99 lacs,2026,1 km,,,4 Stroke,Lahore,Individual,main_ad_1001115,4 Stroke,4/23/2026 0:11,used-bike,https://www.pakwheels.com/used-bikes/search/-/,,,
YJ Future Galaxy  2026  for Sale,https://www.pakwheels.com/used-bikes/yj-future-galaxy-2026-for-sale-in-lahore-1001113,PKR 2.25 lacs,2026,1 km,,,4 Stroke,Lahore,Individual,main_ad_1001113,4 Stroke,4/23/2026 0:11,used-bike,https://www.pakwheels.com/used-bikes/search/-/,,,
Yamaha YBR 125  2024  for Sale,https://www.pakwheels.com/used-bikes/yamaha-ybr-125-2024-for-sale-in-sargodha-1001061,PKR 4.1 lacs,2024,"3,126 km",,,4 Stroke,Sargodha,Individual,main_ad_1001061,4 Stroke,4/23/2026 0:11,used-bike,https://www.pakwheels.com/used-bikes/search/-/,,,
Yamaha YBR 125  2019  for Sale,https://www.pakwheels.com/used-bikes/yamaha-ybr-125-2019-for-sale-in-dera-ismail-khan-1001043,PKR 2.9 lacs,2019,"22,000 km",,,2 Stroke,Dera ismail khan,Individual,main_ad_1001043,2 Stroke,4/23/2026 0:11,used-bike,https://www.pakwheels.com/used-bikes/search/-/,,,
Suzuki GS-125  2023  for Sale,https://www.pakwheels.com/used-bikes/suzuki-gs-125-2023-for-sale-in-lahore-1006784,PKR 3.2 lacs,2023,"32,780 km",,,2 Stroke,Lahore,Individual,main_ad_1006784,2 Stroke,4/23/2026 0:11,used-bike,https://www.pakwheels.com/used-bikes/search/-/,,,
Suzuki GD 110S  2021  for Sale,https://www.pakwheels.com/used-bikes/suzuki-gd-110s-2021-for-sale-in-rahim-yar-khan-1006783,PKR 2.6 lacs,2021,"20,000 km",,,4 Stroke,Rahim Yar Khan,Individual,main_ad_1006783,4 Stroke,4/23/2026 0:11,used-bike,https://www.pakwheels.com/used-bikes/search/-/,,,
Honda CD 70  2023  for Sale,https://www.pakwheels.com/used-bikes/honda-cd-70-2023-for-sale-in-lahore-1006781,PKR 1.4 lacs,2023,"20,000 km",,,4 Stroke,Lahore,Individual,main_ad_1006781,4 Stroke,4/23/2026 0:11,used-bike,https://www.pakwheels.com/used-bikes/search/-/,,,
Union Star US 70cc  2018  for Sale,https://www.pakwheels.com/used-bikes/union-star-us-70cc-2018-for-sale-in-islamabad-1006780,"PKR 37,000",2018,"10,000 km",,,4 Stroke,Islamabad,Individual,main_ad_1006780,4 Stroke,4/23/2026 0:11,used-bike,https://www.pakwheels.com/used-bikes/search/-/,,,
Kawasaki KLX250S  2012  for Sale,https://www.pakwheels.com/used-bikes/kawasaki-klx250s-2012-for-sale-in-lahore-1006779,PKR 5.5 lacs,2012,"18,000 km",,,4 Stroke,Lahore,Individual,main_ad_1006779,4 Stroke,4/23/2026 0:11,used-bike,https://www.pakwheels.com/used-bikes/search/-/,,,
Honda CB 150F  2024  for Sale,https://www.pakwheels.com/used-bikes/honda-cb-150f-2024-for-sale-in-islamabad-1006778,PKR 4.35 lacs,2024,"18,571 km",,,4 Stroke,Islamabad,Individual,main_ad_1006778,4 Stroke,4/23/2026 0:11,used-bike,https://www.pakwheels.com/used-bikes/search/-/,,,
Honda CD 70  2021  for Sale,https://www.pakwheels.com/used-bikes/honda-cd-70-2021-for-sale-in-toba-tek-singh-1006777,PKR 1.07 lacs,2021,"20,000 km",,,4 Stroke,Toba Tek Singh,Individual,main_ad_1006777,4 Stroke,4/23/2026 0:11,used-bike,https://www.pakwheels.com/used-bikes/search/-/,,,
Honda CG 125 Special Edition  2022  for Sale,https://www.pakwheels.com/used-bikes/honda-cg-125-special-edition-2022-for-sale-in-gujranwala-1006776,PKR 1.92 lacs,2022,"15,000 km",,,4 Stroke,Gujranwala,Individual,main_ad_1006776,4 Stroke,4/23/2026 0:11,used-bike,https://www.pakwheels.com/used-bikes/search/-/,,,
Honda CG 125  2023  for Sale,https://www.pakwheels.com/used-bikes/honda-cg-125-2023-for-sale-in-lahore-1006775,PKR 1.95 lacs,2023,"15,000 km",,,4 Stroke,Lahore,Individual,main_ad_1006775,4 Stroke,4/23/2026 0:11,used-bike,https://www.pakwheels.com/used-bikes/search/-/,,,
Honda CD 70  2023  for Sale,https://www.pakwheels.com/used-bikes/honda-cd-70-2023-for-sale-in-rahim-yar-khan-1006774,PKR 1.25 lacs,2023,"899,999 km",,,4 Stroke,Rahim Yar Khan,Individual,main_ad_1006774,4 Stroke,4/23/2026 0:11,used-bike,https://www.pakwheels.com/used-bikes/search/-/,,,
Super Star 200R  2024  for Sale,https://www.pakwheels.com/used-bikes/super-star-200r-2024-for-sale-in-rawalpindi-1006773,PKR 5.5 lacs,2024,"30,000 km",,,4 Stroke,Rawalpindi,Individual,main_ad_1006773,4 Stroke,4/23/2026 0:11,used-bike,https://www.pakwheels.com/used-bikes/search/-/,,,
DYL YB 100   2009  for Sale,https://www.pakwheels.com/used-bikes/dyl-yb-100-2009-for-sale-in-chichawatni-1006772,"PKR 80,000",2009,"80,000 km",,,2 Stroke,Chichawatni,Individual,main_ad_1006772,2 Stroke,4/23/2026 0:11,used-bike,https://www.pakwheels.com/used-bikes/search/-/,,,
Honda CD 70  2017  for Sale,https://www.pakwheels.com/used-bikes/honda-cd-70-2017-for-sale-in-muridke-1006770,"PKR 77,000",2017,"50,000 km",,,4 Stroke,Muridke,Individual,main_ad_1006770,4 Stroke,4/23/2026 0:11,used-bike,https://www.pakwheels.com/used-bikes/search/-/,,,
Hi Speed Infinity 150  2023  for Sale,https://www.pakwheels.com/used-bikes/hi-speed-infinity-150-2023-for-sale-in-lahore-1006771,PKR 2.85 lacs,2023,"9,000 km",,,4 Stroke,Lahore,Individual,main_ad_1006771,4 Stroke,4/23/2026 0:11,used-bike,https://www.pakwheels.com/used-bikes/search/-/,,,
Honda CG 125  2015  for Sale,https://www.pakwheels.com/used-bikes/honda-cg-125-2015-for-sale-in-faisalabad-1006769,"PKR 85,000",2015,"450,000 km",,,4 Stroke,Faisalabad,Individual,main_ad_1006769,4 Stroke,4/23/2026 0:11,used-bike,https://www.pakwheels.com/used-bikes/search/-/,,,
Yamaha  YZ125  2018  for Sale,https://www.pakwheels.com/used-bikes/yamaha-yz125-2018-for-sale-in-dera-ghazi-khan-1006768,PKR 1.9 lacs,2018,"5,000 km",,,4 Stroke,Dera Ghazi Khan,Individual,main_ad_1006768,4 Stroke,4/23/2026 0:11,used-bike,https://www.pakwheels.com/used-bikes/search/-/,,,
Honda CD 70  2022  for Sale,https://www.pakwheels.com/used-bikes/honda-cd-70-2022-for-sale-in-rawalpindi-1006767,PKR 1.23 lacs,2022,"96,000 km",,,4 Stroke,Rawalpindi,Individual,main_ad_1006767,4 Stroke,4/23/2026 0:11,used-bike,https://www.pakwheels.com/used-bikes/search/-/,,,
Super Power SP 125 Delux  2024  for Sale,https://www.pakwheels.com/used-bikes/super-power-sp-125-delux-2024-for-sale-in-karachi-1006766,PKR 1.65 lacs,2024,"8,000 km",,,4 Stroke,Karachi,Individual,main_ad_1006766,4 Stroke,4/23/2026 0:11,used-bike,https://www.pakwheels.com/used-bikes/search/-/,,,
Honda CG 125  2014  for Sale,https://www.pakwheels.com/used-bikes/honda-cg-125-2014-for-sale-in-rawalpindi-1006765,PKR 1.5 lacs,2014,"100,000 km",,,4 Stroke,Rawalpindi,Individual,main_ad_1006765,4 Stroke,4/23/2026 0:11,used-bike,https://www.pakwheels.com/used-bikes/search/-/,,,
Metro MR 70  2024  for Sale,https://www.pakwheels.com/used-bikes/metro-mr-70-2024-for-sale-in-okara-1006764,"PKR 70,000",2024,"5,000 km",,,4 Stroke,Okara,Individual,main_ad_1006764,4 Stroke,4/23/2026 0:11,used-bike,https://www.pakwheels.com/used-bikes/search/-/,,,
Super Power SP 70  2016  for Sale,https://www.pakwheels.com/used-bikes/super-power-sp-70-2016-for-sale-in-karachi-1006763,"PKR 40,000",2016,"50,000 km",,,4 Stroke,Karachi,Individual,main_ad_1006763,4 Stroke,4/23/2026 0:11,used-bike,https://www.pakwheels.com/used-bikes/search/-/,,,
Hi Speed CDI SR-70CC EURO-2  2021  for Sale,https://www.pakwheels.com/used-bikes/hi-speed-cdi-sr-70cc-euro-2-2021-for-sale-in-karachi-1006762,"PKR 49,000",2021,"12,000 km",,,4 Stroke,Karachi,Individual,main_ad_1006762,4 Stroke,4/23/2026 0:11,used-bike,https://www.pakwheels.com/used-bikes/search/-/,,,
Road Prince 70 Passion Plus  2015  for Sale,https://www.pakwheels.com/used-bikes/road-prince-70-passion-plus-2015-for-sale-in-gujrat-1006761,"PKR 35,000",2015,6 km,,,4 Stroke,Gujrat,Individual,main_ad_1006761,4 Stroke,4/23/2026 0:11,used-bike,https://www.pakwheels.com/used-bikes/search/-/,,,
Road Prince 70 Passion Plus  2015  for Sale,https://www.pakwheels.com/used-bikes/road-prince-70-passion-plus-2015-for-sale-in-lahore-1006760,"PKR 29,000",2015,"50,000 km",,,4 Stroke,Lahore,Individual,main_ad_1006760,4 Stroke,4/23/2026 0:11,used-bike,https://www.pakwheels.com/used-bikes/search/-/,,,
Honda Pridor  2023  for Sale,https://www.pakwheels.com/used-bikes/honda-pridor-2023-for-sale-in-islamabad-1006759,PKR 1.75 lacs,2023,"35,000 km",,,4 Stroke,Islamabad,Individual,main_ad_1006759,4 Stroke,4/23/2026 0:11,used-bike,https://www.pakwheels.com/used-bikes/search/-/,,,
Benelli 251s  2022  for Sale,https://www.pakwheels.com/used-bikes/benelli-251s-2022-for-sale-in-lahore-978279,PKR 11.8 lacs,2022,"23,000 km",,,4 Stroke,Lahore,Individual,main_ad_978279,4 Stroke,4/23/2026 0:11,used-bike,https://www.pakwheels.com/used-bikes/search/-/,,,
Yamaha Tenere 700  2021  for Sale,https://www.pakwheels.com/used-bikes/yamaha-tenere-700-2021-for-sale-in-bahawalpur-929048,PKR 57.85 lacs,2021,"9,500 km",,,4 Stroke,Bahawalpur,Individual,main_ad_929048,4 Stroke,4/23/2026 0:11,used-bike,https://www.pakwheels.com/used-bikes/search/-/,,,
Suzuki GS 150  2020  for Sale,https://www.pakwheels.com/used-bikes/suzuki-gs-150-2020-for-sale-in-lahore-1001003,PKR 3.8 lacs,2020,"28,000 km",,,4 Stroke,Lahore,Individual,main_ad_1001003,4 Stroke,4/23/2026 0:11,used-bike,https://www.pakwheels.com/used-bikes/search/-/,,,
Suzuki GR 150  2022  for Sale,https://www.pakwheels.com/used-bikes/suzuki-gr-150-2022-for-sale-in-lahore-1000893,PKR 4.6 lacs,2022,"14,500 km",,,4 Stroke,Lahore,Individual,main_ad_1000893,4 Stroke,4/23/2026 0:11,used-bike,https://www.pakwheels.com/used-bikes/search/-/,,,
Suzuki Hayabusa  2019  for Sale,https://www.pakwheels.com/used-bikes/suzuki-hayabusa-2019-for-sale-in-rawalpindi-1000825,PKR 65 lacs,2019,1 km,,,4 Stroke,Rawalpindi,Individual,main_ad_1000825,4 Stroke,4/23/2026 0:11,used-bike,https://www.pakwheels.com/used-bikes/search/-/,,,
Suzuki Hayabusa  2017  for Sale,https://www.pakwheels.com/used-bikes/suzuki-hayabusa-2017-for-sale-in-rawalpindi-1000814,PKR 58.5 lacs,2017,1 km,,,4 Stroke,Rawalpindi,Individual,main_ad_1000814,4 Stroke,4/23/2026 0:11,used-bike,https://www.pakwheels.com/used-bikes/search/-/,,,
Suzuki Hayabusa  2016  for Sale,https://www.pakwheels.com/used-bikes/suzuki-hayabusa-2016-for-sale-in-rawalpindi-1000811,PKR 46.5 lacs,2016,1 km,,,4 Stroke,Rawalpindi,Individual,main_ad_1000811,4 Stroke,4/23/2026 0:11,used-bike,https://www.pakwheels.com/used-bikes/search/-/,,,
Kawasaki KLR650  2022  for Sale,https://www.pakwheels.com/used-bikes/kawasaki-klr650-2022-for-sale-in-karachi-1000747,PKR 40 lacs,2022,"9,960 km",,,4 Stroke,Karachi,Individual,main_ad_1000747,4 Stroke,4/23/2026 0:11,used-bike,https://www.pakwheels.com/used-bikes/search/-/,,,
Super Star CD 70  2026  for Sale,https://www.pakwheels.com/used-bikes/super-star-cd-70-2026-for-sale-in-rawalpindi-1000607,Call,2026,1 km,,,4 Stroke,Rawalpindi,Individual,main_ad_1000607,4 Stroke,4/23/2026 0:11,used-bike,https://www.pakwheels.com/used-bikes/search/-/,,,
Hi Speed SR 70  2026  for Sale,https://www.pakwheels.com/used-bikes/hi-speed-sr-70-2026-for-sale-in-rawalpindi-1000606,Call,2026,1 km,,,4 Stroke,Rawalpindi,Individual,main_ad_1000606,4 Stroke,4/23/2026 0:11,used-bike,https://www.pakwheels.com/used-bikes/search/-/,,,
Union Star US 70cc  2026  for Sale,https://www.pakwheels.com/used-bikes/union-star-us-70cc-2026-for-sale-in-rawalpindi-1000605,Call,2026,1 km,,,4 Stroke,Rawalpindi,Individual,main_ad_1000605,4 Stroke,4/23/2026 0:11,used-bike,https://www.pakwheels.com/used-bikes/search/-/,,,
Honda CB 125F  2026  for Sale,https://www.pakwheels.com/used-bikes/honda-cb-125f-2026-for-sale-in-rawalpindi-1000597,PKR 5.04 lacs,2026,1 km,,,4 Stroke,Rawalpindi,Individual,main_ad_1000597,4 Stroke,4/23/2026 0:11,used-bike,https://www.pakwheels.com/used-bikes/search/-/,,,
Honda CD 70  2006  for Sale,https://www.pakwheels.com/used-bikes/honda-cd-70-2006-for-sale-in-rawalpindi-1006758,"PKR 80,000",2006,"200,000 km",,,4 Stroke,Rawalpindi,Individual,main_ad_1006758,4 Stroke,4/23/2026 0:11,used-bike,https://www.pakwheels.com/used-bikes/search/-/,,,
Unique Xtreme UD 70  2019  for Sale,https://www.pakwheels.com/used-bikes/unique-xtreme-ud-70-2019-for-sale-in-karachi-1006757,"PKR 47,000",2019,"100,000 km",,,4 Stroke,Karachi,Individual,main_ad_1006757,4 Stroke,4/23/2026 0:11,used-bike,https://www.pakwheels.com/used-bikes/search/-/,,,
Honda CD 70  2026  for Sale,https://www.pakwheels.com/used-bikes/honda-cd-70-2026-for-sale-in-lahore-1006756,PKR 1.6 lacs,2026,"5,000 km",,,2 Stroke,Lahore,Individual,main_ad_1006756,2 Stroke,4/23/2026 0:11,used-bike,https://www.pakwheels.com/used-bikes/search/-/,,,
Safari SD 70  2008  for Sale,https://www.pakwheels.com/used-bikes/safari-sd-70-2008-for-sale-in-multan-1006754,"PKR 35,000",2008,"10,000 km",,,4 Stroke,Multan,Individual,main_ad_1006754,4 Stroke,4/23/2026 0:11,used-bike,https://www.pakwheels.com/used-bikes/search/-/,,,
Honda CG 125  2014  for Sale,https://www.pakwheels.com/used-bikes/honda-cg-125-2014-for-sale-in-karachi-1006753,"PKR 70,000",2014,"50,000 km",,,4 Stroke,Karachi,Individual,main_ad_1006753,4 Stroke,4/23/2026 0:11,used-bike,https://www.pakwheels.com/used-bikes/search/-/,,,
Honda CG 125  2025  for Sale,https://www.pakwheels.com/used-bikes/honda-cg-125-2025-for-sale-in-toba-tek-singh-1006752,PKR 2.1 lacs,2025,"17,900 km",,,4 Stroke,Toba Tek Singh,Individual,main_ad_1006752,4 Stroke,4/23/2026 0:11,used-bike,https://www.pakwheels.com/used-bikes/search/-/,,,
Honda CG 125  2025  for Sale,https://www.pakwheels.com/used-bikes/honda-cg-125-2025-for-sale-in-faisalabad-1006751,PKR 2.25 lacs,2025,"3,000 km",,,4 Stroke,Faisalabad,Individual,main_ad_1006751,4 Stroke,4/23/2026 0:11,used-bike,https://www.pakwheels.com/used-bikes/search/-/,,,
Honda CD 70  2026  for Sale,https://www.pakwheels.com/used-bikes/honda-cd-70-2026-for-sale-in-peshawar-1006747,PKR 1.7 lacs,2026,"20,000 km",,,4 Stroke,Peshawar,Individual,main_ad_1006747,4 Stroke,4/23/2026 0:11,used-bike,https://www.pakwheels.com/used-bikes/search/-/,,,
Honda CD 70  2021  for Sale,https://www.pakwheels.com/used-bikes/honda-cd-70-2021-for-sale-in-lahore-1006749,"PKR 90,000",2021,"21,530 km",,,4 Stroke,Lahore,Individual,main_ad_1006749,4 Stroke,4/23/2026 0:11,used-bike,https://www.pakwheels.com/used-bikes/search/-/,,,
Honda Pridor  2025  for Sale,https://www.pakwheels.com/used-bikes/honda-pridor-2025-for-sale-in-daska-1006750,PKR 2.04 lacs,2025,"50,000 km",,,4 Stroke,Daska,Individual,main_ad_1006750,4 Stroke,4/23/2026 0:11,used-bike,https://www.pakwheels.com/used-bikes/search/-/,,,
Honda CD 70  2019  for Sale,https://www.pakwheels.com/used-bikes/honda-cd-70-2019-for-sale-in-lahore-1006746,"PKR 85,000",2019,"500,000 km",,,4 Stroke,Lahore,Individual,main_ad_1006746,4 Stroke,4/23/2026 0:11,used-bike,https://www.pakwheels.com/used-bikes/search/-/,,,
Vlektra Bolt   2026  for Sale,https://www.pakwheels.com/used-bikes/vlektra-bolt-2026-for-sale-in-lahore-1006744,PKR 5.7 lacs,2026,"10,000 km",,,Electric,Lahore,Individual,main_ad_1006744,Electric,4/23/2026 0:11,used-bike,https://www.pakwheels.com/used-bikes/search/-/,,,
Honda CB 125F  2024  for Sale,https://www.pakwheels.com/used-bikes/honda-cb-125f-2024-for-sale-in-khushab-1006742,PKR 2.9 lacs,2024,"15,000 km",,,4 Stroke,Khushab,Individual,main_ad_1006742,4 Stroke,4/23/2026 0:11,used-bike,https://www.pakwheels.com/used-bikes/search/-/,,,
Honda CG 125  2013  for Sale,https://www.pakwheels.com/used-bikes/honda-cg-125-2013-for-sale-in-chichawatni-1006743,"PKR 85,000",2013,"9,000 km",,,4 Stroke,Chichawatni,Individual,main_ad_1006743,4 Stroke,4/23/2026 0:11,used-bike,https://www.pakwheels.com/used-bikes/search/-/,,,
Honda CB 150F  2022  for Sale,https://www.pakwheels.com/used-bikes/honda-cb-150f-2022-for-sale-in-rawalpindi-1006741,PKR 3.95 lacs,2022,"27,581 km",,,4 Stroke,Rawalpindi,Individual,main_ad_1006741,4 Stroke,4/23/2026 0:11,used-bike,https://www.pakwheels.com/used-bikes/search/-/,,,
Honda CG 125  2024  for Sale,https://www.pakwheels.com/used-bikes/honda-cg-125-2024-for-sale-in-lahore-1006740,PKR 1.9 lacs,2024,"6,000 km",,,4 Stroke,Lahore,Individual,main_ad_1006740,4 Stroke,4/23/2026 0:11,used-bike,https://www.pakwheels.com/used-bikes/search/-/,,,
Honda CD 100 Euro 2  2013  for Sale,https://www.pakwheels.com/used-bikes/honda-cd-100-euro-2-2013-for-sale-in-lahore-1006739,PKR 1.6 lacs,2013,"85,000 km",,,4 Stroke,Lahore,Individual,main_ad_1006739,4 Stroke,4/23/2026 0:11,used-bike,https://www.pakwheels.com/used-bikes/search/-/,,,
Honda CD 70  2022  for Sale,https://www.pakwheels.com/used-bikes/honda-cd-70-2022-for-sale-in-lahore-1006738,PKR 1.05 lacs,2022,"44,000 km",,,4 Stroke,Lahore,Individual,main_ad_1006738,4 Stroke,4/23/2026 0:11,used-bike,https://www.pakwheels.com/used-bikes/search/-/,,,
Super Star CD 70  2016  for Sale,https://www.pakwheels.com/used-bikes/super-star-cd-70-2016-for-sale-in-faisalabad-1006728,"PKR 45,000",2016,"10,000 km",,,4 Stroke,Faisalabad,Individual,main_ad_1006728,4 Stroke,4/23/2026 0:11,used-bike,https://www.pakwheels.com/used-bikes/search/-/,,,
Pak Hero RF 70  2008  for Sale,https://www.pakwheels.com/used-bikes/pak-hero-rf-70-2008-for-sale-in-lahore-1006737,"PKR 32,000",2008,"50,000 km",,,2 Stroke,Lahore,Individual,main_ad_1006737,2 Stroke,4/23/2026 0:11,used-bike,https://www.pakwheels.com/used-bikes/search/-/,,,
Super Star CD 70  2016  for Sale,https://www.pakwheels.com/used-bikes/super-star-cd-70-2016-for-sale-in-nawabshah-1006736,"PKR 50,000",2016,"100,000 km",,,4 Stroke,Nawabshah,Individual,main_ad_1006736,4 Stroke,4/23/2026 0:11,used-bike,https://www.pakwheels.com/used-bikes/search/-/,,,
Union Star US 70cc  2025  for Sale,https://www.pakwheels.com/used-bikes/union-star-us-70cc-2025-for-sale-in-karachi-1006735,"PKR 93,000",2025,"15,500 km",,,4 Stroke,Karachi,Individual,main_ad_1006735,4 Stroke,4/23/2026 0:11,used-bike,https://www.pakwheels.com/used-bikes/search/-/,,,
Honda CD 70  2021  for Sale,https://www.pakwheels.com/used-bikes/honda-cd-70-2021-for-sale-in-lahore-1006733,PKR 1.15 lacs,2021,"42,000 km",,,4 Stroke,Lahore,Individual,main_ad_1006733,4 Stroke,4/23/2026 0:11,used-bike,https://www.pakwheels.com/used-bikes/search/-/,,,
Honda CG 125  2025  for Sale,https://www.pakwheels.com/used-bikes/honda-cg-125-2025-for-sale-in-faisalabad-1006732,PKR 2.29 lacs,2025,"12,000 km",,,4 Stroke,Faisalabad,Individual,main_ad_1006732,4 Stroke,4/23/2026 0:11,used-bike,https://www.pakwheels.com/used-bikes/search/-/,,,
United US 125 Deluxe  2026  for Sale,https://www.pakwheels.com/used-bikes/united-us-125-deluxe-2026-for-sale-in-rawalpindi-1000596,PKR 1.72 lacs,2026,1 km,,,4 Stroke,Rawalpindi,Individual,main_ad_1000596,4 Stroke,4/23/2026 0:12,used-bike,https://www.pakwheels.com/used-bikes/search/-/,,,
Honda Deluxe  2006  for Sale,https://www.pakwheels.com/used-bikes/honda-deluxe-2006-for-sale-in-wah-cantt-1000402,PKR 2.5 lacs,2006,"12,000 km",,,4 Stroke,Wah cantt,Individual,main_ad_1000402,4 Stroke,4/23/2026 0:12,used-bike,https://www.pakwheels.com/used-bikes/search/-/,,,
Road Prince Bella  2023  for Sale,https://www.pakwheels.com/used-bikes/road-prince-bella-2023-for-sale-in-islamabad-1000362,PKR 2.3 lacs,2023,"3,500 km",,,4 Stroke,Islamabad,Individual,main_ad_1000362,4 Stroke,4/23/2026 0:12,used-bike,https://www.pakwheels.com/used-bikes/search/-/,,,
Super Star 200R  2025  for Sale,https://www.pakwheels.com/used-bikes/super-star-200r-2025-for-sale-in-rawalpindi-1000345,PKR 4.8 lacs,2025,"2,600 km",,,4 Stroke,Rawalpindi,Individual,main_ad_1000345,4 Stroke,4/23/2026 0:12,used-bike,https://www.pakwheels.com/used-bikes/search/-/,,,
Honda CBR 600RR  2012  for Sale,https://www.pakwheels.com/used-bikes/honda-cbr-600rr-2012-for-sale-in-lahore-982552,PKR 28 lacs,2012,"25,976 km",,,4 Stroke,Lahore,Individual,main_ad_982552,4 Stroke,4/23/2026 0:12,used-bike,https://www.pakwheels.com/used-bikes/search/-/,,,
Yamaha YBR 125  2018  for Sale,https://www.pakwheels.com/used-bikes/yamaha-ybr-125-2018-for-sale-in-lahore-999814,PKR 2.5 lacs,2018,"57,000 km",,,4 Stroke,Lahore,Individual,main_ad_999814,4 Stroke,4/23/2026 0:12,used-bike,https://www.pakwheels.com/used-bikes/search/-/,,,
Hi Speed Cyclone 250  2025  for Sale,https://www.pakwheels.com/used-bikes/hi-speed-cyclone-250-2025-for-sale-in-lahore-967907,PKR 7.25 lacs,2025,"4,500 km",,,4 Stroke,Lahore,Individual,main_ad_967907,4 Stroke,4/23/2026 0:12,used-bike,https://www.pakwheels.com/used-bikes/search/-/,,,
Benelli 251s  2022  for Sale,https://www.pakwheels.com/used-bikes/benelli-251s-2022-for-sale-in-islamabad-965868,PKR 10.9 lacs,2022,"18,000 km",,,4 Stroke,Islamabad,Individual,main_ad_965868,4 Stroke,4/23/2026 0:12,used-bike,https://www.pakwheels.com/used-bikes/search/-/,,,
Chinese Bikes Other  2023  for Sale,https://www.pakwheels.com/used-bikes/chinese-bikes-other-2023-for-sale-in-lahore-998699,PKR 22 lacs,2023,"1,200 km",,,4 Stroke,Lahore,Individual,main_ad_998699,4 Stroke,4/23/2026 0:12,used-bike,https://www.pakwheels.com/used-bikes/search/-/,,,
Honda CG 150  2026  for Sale,https://www.pakwheels.com/used-bikes/honda-cg-150-2026-for-sale-in-attock-988967,PKR 4.35 lacs,2026,"2,503 km",,,4 Stroke,Attock,Individual,main_ad_988967,4 Stroke,4/23/2026 0:12,used-bike,https://www.pakwheels.com/used-bikes/search/-/,,,
Suzuki GS 150  2024  for Sale,https://www.pakwheels.com/used-bikes/suzuki-gs-150-2024-for-sale-in-lahore-998450,PKR 3.5 lacs,2024,"15,000 km",,,4 Stroke,Lahore,Individual,main_ad_998450,4 Stroke,4/23/2026 0:12,used-bike,https://www.pakwheels.com/used-bikes/search/-/,,,
Harley Davidson Softail Custom  2014  for Sale,https://www.pakwheels.com/used-bikes/harley-davidson-softail-custom-2014-for-sale-in-karachi-993293,PKR 43 lacs,2014,"21,440 km",,,4 Stroke,Karachi,Individual,main_ad_993293,4 Stroke,4/23/2026 0:12,used-bike,https://www.pakwheels.com/used-bikes/search/-/,,,
Honda CG 125 Special Edition  2021  for Sale,https://www.pakwheels.com/used-bikes/honda-cg-125-special-edition-2021-for-sale-in-karachi-1006729,PKR 2 lacs,2021,"19,399 km",,,4 Stroke,Karachi,Individual,main_ad_1006729,4 Stroke,4/23/2026 0:12,used-bike,https://www.pakwheels.com/used-bikes/search/-/,,,
Honda CG 125  2024  for Sale,https://www.pakwheels.com/used-bikes/honda-cg-125-2024-for-sale-in-lahore-1006730,PKR 1.85 lacs,2024,"12,000 km",,,4 Stroke,Lahore,Individual,main_ad_1006730,4 Stroke,4/23/2026 0:12,used-bike,https://www.pakwheels.com/used-bikes/search/-/,,,
Crown CR 70 HD Plus  2017  for Sale,https://www.pakwheels.com/used-bikes/crown-cr-70-hd-plus-2017-for-sale-in-hasilpur-1006727,"PKR 30,000",2017,"30,000 km",,,4 Stroke,Hasilpur,Individual,main_ad_1006727,4 Stroke,4/23/2026 0:12,used-bike,https://www.pakwheels.com/used-bikes/search/-/,,,
Yamaha YBR 125G  2023  for Sale,https://www.pakwheels.com/used-bikes/yamaha-ybr-125g-2023-for-sale-in-wah-cantt-1006725,PKR 3.05 lacs,2023,"31,000 km",,,4 Stroke,Wah cantt,Individual,main_ad_1006725,4 Stroke,4/23/2026 0:12,used-bike,https://www.pakwheels.com/used-bikes/search/-/,,,
Super Power SP 70  2020  for Sale,https://www.pakwheels.com/used-bikes/super-power-sp-70-2020-for-sale-in-karachi-1006724,"PKR 74,000",2020,"50,000 km",,,4 Stroke,Karachi,Individual,main_ad_1006724,4 Stroke,4/23/2026 0:12,used-bike,https://www.pakwheels.com/used-bikes/search/-/,,,
Honda CD 70  2022  for Sale,https://www.pakwheels.com/used-bikes/honda-cd-70-2022-for-sale-in-lahore-1006723,PKR 1.08 lacs,2022,"49,922 km",,,4 Stroke,Lahore,Individual,main_ad_1006723,4 Stroke,4/23/2026 0:12,used-bike,https://www.pakwheels.com/used-bikes/search/-/,,,
Honda CG 125  2025  for Sale,https://www.pakwheels.com/used-bikes/honda-cg-125-2025-for-sale-in-bhalwal-1006722,PKR 2.29 lacs,2025,"2,300 km",,,4 Stroke,Bhalwal,Individual,main_ad_1006722,4 Stroke,4/23/2026 0:12,used-bike,https://www.pakwheels.com/used-bikes/search/-/,,,
Suzuki GR 150  2018  for Sale,https://www.pakwheels.com/used-bikes/suzuki-gr-150-2018-for-sale-in-wah-cantt-1006721,PKR 2.54 lacs,2018,"38,000 km",,,4 Stroke,Wah cantt,Individual,main_ad_1006721,4 Stroke,4/23/2026 0:12,used-bike,https://www.pakwheels.com/used-bikes/search/-/,,,
E Turbo Thunderbolt  2025  for Sale,https://www.pakwheels.com/used-bikes/e-turbo-thunderbolt-2025-for-sale-in-karachi-1006720,PKR 1.45 lacs,2025,"1,600 km",,,Electric,Karachi,Individual,main_ad_1006720,Electric,4/23/2026 0:12,used-bike,https://www.pakwheels.com/used-bikes/search/-/,,,
Honda CG 125  2020  for Sale,https://www.pakwheels.com/used-bikes/honda-cg-125-2020-for-sale-in-lahore-1006719,PKR 1.4 lacs,2020,"50,000 km",,,4 Stroke,Lahore,Individual,main_ad_1006719,4 Stroke,4/23/2026 0:12,used-bike,https://www.pakwheels.com/used-bikes/search/-/,,,
Honda CD 70  2023  for Sale,https://www.pakwheels.com/used-bikes/honda-cd-70-2023-for-sale-in-rawalpindi-1006718,PKR 1.3 lacs,2023,"157,276 km",,,4 Stroke,Rawalpindi,Individual,main_ad_1006718,4 Stroke,4/23/2026 0:12,used-bike,https://www.pakwheels.com/used-bikes/search/-/,,,
Hi Speed Infinity 150  2024  for Sale,https://www.pakwheels.com/used-bikes/hi-speed-infinity-150-2024-for-sale-in-karachi-1006717,PKR 3.7 lacs,2024,"29,604 km",,,4 Stroke,Karachi,Individual,main_ad_1006717,4 Stroke,4/23/2026 0:12,used-bike,https://www.pakwheels.com/used-bikes/search/-/,,,
Honda CB 150F  2023  for Sale,https://www.pakwheels.com/used-bikes/honda-cb-150f-2023-for-sale-in-karachi-1006712,PKR 4.4 lacs,2023,"16,000 km",,,4 Stroke,Karachi,Individual,main_ad_1006712,4 Stroke,4/23/2026 0:12,used-bike,https://www.pakwheels.com/used-bikes/search/-/,,,
SUTLEJ 70  2023  for Sale,https://www.pakwheels.com/used-bikes/sutlej-70-2023-for-sale-in-bahawalpur-1006716,"PKR 65,000",2023,"18,000 km",,,4 Stroke,Bahawalpur,Individual,main_ad_1006716,4 Stroke,4/23/2026 0:12,used-bike,https://www.pakwheels.com/used-bikes/search/-/,,,
Honda CD 70  2023  for Sale,https://www.pakwheels.com/used-bikes/honda-cd-70-2023-for-sale-in-gujranwala-1006715,PKR 1.14 lacs,2023,"20,000 km",,,4 Stroke,Gujranwala,Individual,main_ad_1006715,4 Stroke,4/23/2026 0:12,used-bike,https://www.pakwheels.com/used-bikes/search/-/,,,
Suzuki SD 110  2012  for Sale,https://www.pakwheels.com/used-bikes/suzuki-sd-110-2012-for-sale-in-faisalabad-1006714,"PKR 95,000",2012,"100,000 km",,,4 Stroke,Faisalabad,Individual,main_ad_1006714,4 Stroke,4/23/2026 0:12,used-bike,https://www.pakwheels.com/used-bikes/search/-/,,,
Super Power SP 70  2024  for Sale,https://www.pakwheels.com/used-bikes/super-power-sp-70-2024-for-sale-in-faisalabad-1006713,PKR 1.8 lacs,2024,550 km,,,Electric,Faisalabad,Individual,main_ad_1006713,Electric,4/23/2026 0:12,used-bike,https://www.pakwheels.com/used-bikes/search/-/,,,
OW Ducatin 250cc  2026  for Sale,https://www.pakwheels.com/used-bikes/ow-ducatin-250cc-2026-for-sale-in-lahore-1006710,PKR 6.7 lacs,2026,"1,500 km",,,4 Stroke,Lahore,Individual,main_ad_1006710,4 Stroke,4/23/2026 0:12,used-bike,https://www.pakwheels.com/used-bikes/search/-/,,,
Yamaha YBR 125G  2020  for Sale,https://www.pakwheels.com/used-bikes/yamaha-ybr-125g-2020-for-sale-in-abbottabad-1006709,PKR 2.85 lacs,2020,"39,000 km",,,4 Stroke,Abbottabad,Individual,main_ad_1006709,4 Stroke,4/23/2026 0:12,used-bike,https://www.pakwheels.com/used-bikes/search/-/,,,
Honda CB 150F  2023  for Sale,https://www.pakwheels.com/used-bikes/honda-cb-150f-2023-for-sale-in-karachi-1006708,PKR 4 lacs,2023,"33,200 km",,,4 Stroke,Karachi,Individual,main_ad_1006708,4 Stroke,4/23/2026 0:12,used-bike,https://www.pakwheels.com/used-bikes/search/-/,,,
Honda CG 125  2025  for Sale,https://www.pakwheels.com/used-bikes/honda-cg-125-2025-for-sale-in-lahore-1006707,PKR 2.13 lacs,2025,"2,800 km",,,4 Stroke,Lahore,Individual,main_ad_1006707,4 Stroke,4/23/2026 0:12,used-bike,https://www.pakwheels.com/used-bikes/search/-/,,,
Honda CD 70  2008  for Sale,https://www.pakwheels.com/used-bikes/honda-cd-70-2008-for-sale-in-lahore-1006706,"PKR 48,000",2008,"65,000 km",,,4 Stroke,Lahore,Individual,main_ad_1006706,4 Stroke,4/23/2026 0:12,used-bike,https://www.pakwheels.com/used-bikes/search/-/,,,
Honda CG 125  2014  for Sale,https://www.pakwheels.com/used-bikes/honda-cg-125-2014-for-sale-in-lahore-1006705,PKR 1 lacs,2014,"40,000 km",,,4 Stroke,Lahore,Individual,main_ad_1006705,4 Stroke,4/23/2026 0:12,used-bike,https://www.pakwheels.com/used-bikes/search/-/,,,
Metro Thrill Pro  2026  for Sale,https://www.pakwheels.com/used-bikes/metro-thrill-pro-2026-for-sale-in-lahore-1006704,PKR 2.3 lacs,2026,250 km,,,Electric,Lahore,Individual,main_ad_1006704,Electric,4/23/2026 0:12,used-bike,https://www.pakwheels.com/used-bikes/search/-/,,,
Union Star US 70cc  2021  for Sale,https://www.pakwheels.com/used-bikes/union-star-us-70cc-2021-for-sale-in-rawalpindi-1006703,"PKR 62,000",2021,"30,000 km",,,4 Stroke,Rawalpindi,Individual,main_ad_1006703,4 Stroke,4/23/2026 0:12,used-bike,https://www.pakwheels.com/used-bikes/search/-/,,,
,,,,,,,,,,,,,,,,,
,,,,,,,,,,,,,,,,,
,,,,,,,,,,,,,,,,,
,,,,,,,,,,,,,,,,,
,,,,,,,,,,,,,,,,,
,,,,,,,,,,,,,,,,,
,,,,,,,,,,,,,,,,,
,,,,,,,,,,,,,,,,,
,,,,,,,,,,,,,,,,,
,,,,,,,,,,,,,,,,,
,,,,,,,,,,,,,,,,,
,,,,,,,,,,,,,,,,,
,,,,,,,,,,,,,,,,,
,,,,,,,,,,,,,,,,,
,,,,,,,,,,,,,,,,,
,,,,,,,,,,,,,,,,,
,,,,,,,,,,,,,,,,,
,,,,,,,,,,,,,,,,,
,,,,,,,,,,,,,,,,,
,,,,,,,,,,,,,,,,,
,,,,,,,,,,,,,,,,,
,,,,,,,,,,,,,,,,,
,,,,,,,,,,,,,,,,,
,,,,,,,,,,,,,,,,,
,,,,,,,,,,,,,,,,,
,,,,,,,,,,,,,,,,,
,,,,,,,,,,,,,,,,,
,,,,,,,,,,,,,,,,,
,,,,,,,,,,,,,,,,,
,,,,,,,,,,,,,,,,,
,,,,,,,,,,,,,,,,,
,,,,,,,,,,,,,,,,,
,,,,,,,,,,,,,,,,,
,,,,,,,,,,,,,,,,,
,,,,,,,,,,,,,,,,,
,,,,,,,,,,,,,,,,,
,,,,,,,,,,,,,,,,,
,,,,,,,,,,,,,,,,,
,,,,,,,,,,,,,,,,,
,,,,,,,,,,,,,,,,,
,,,,,,,,,,,,,,,,,
,,,,,,,,,,,,,,,,,
,,,,,,,,,,,,,,,,,
,,,,,,,,,,,,,,,,,
,,,,,,,,,,,,,,,,,
,,,,,,,,,,,,,,,,,
,,,,,,,,,,,,,,,,,
,,,,,,,,,,,,,,,,,
,,,,,,,,,,,,,,,,,
,,,,,,,,,,,,,,,,,
,,,,,,,,,,,,,,,,,
,,,,,,,,,,,,,,,,,
,,,,,,,,,,,,,,,,,
,,,,,,,,,,,,,,,,,
,,,,,,,,,,,,,,,,,
,,,,,,,,,,,,,,,,,
,,,,,,,,,,,,,,,,,
,,,,,,,,,,,,,,,,,
,,,,,,,,,,,,,,,,,
,,,,,,,,,,,,,,,,,
,,,,,,,,,,,,,,,,,
,,,,,,,,,,,,,,,,,
,,,,,,,,,,,,,,,,,
